ts,ts_iso,topic,device_type,device_id,voltage,shunt_mV,current,power,soc_percent,soh_percent,uptime_ms,raw_payload
1771483805022,2026-02-19T12:50:05,battery/data,battery,esp32_bms,6.332,-0.01,,,100.0,19.31,32221,"{""uptime_ms"":32221,""bus_V"":6.332,""shunt_mV"":-0.010,""current_A"":-0.000,""power_W"":0.000,""soc_percent"":100.00,""soh_percent"":19.31}"
1771483810041,2026-02-19T12:50:10,battery/data,battery,esp32_bms,6.336,-0.02,,,100.0,19.31,37222,"{""uptime_ms"":37222,""bus_V"":6.336,""shunt_mV"":-0.020,""current_A"":0.000,""power_W"":0.000,""soc_percent"":100.00,""soh_percent"":19.31}"
1771483814968,2026-02-19T12:50:14,battery/data,battery,esp32_bms,6.332,-0.01,,,100.0,19.31,42223,"{""uptime_ms"":42223,""bus_V"":6.332,""shunt_mV"":-0.010,""current_A"":0.000,""power_W"":0.000,""soc_percent"":100.00,""soh_percent"":19.31}"
1771483814980,2026-02-19T12:50:14,battery/data,battery,esp32_bms,6.332,-0.01,,,100.0,19.31,42223,"{""uptime_ms"":42223,""bus_V"":6.332,""shunt_mV"":-0.010,""current_A"":0.000,""power_W"":0.000,""soc_percent"":100.00,""soh_percent"":19.31}"
1771483819971,2026-02-19T12:50:19,battery/data,battery,esp32_bms,6.336,-0.04,,0.004,100.0,19.31,47226,"{""uptime_ms"":47226,""bus_V"":6.336,""shunt_mV"":-0.040,""current_A"":0.000,""power_W"":0.004,""soc_percent"":100.00,""soh_percent"":19.31}"
1771483820447,2026-02-19T12:50:20,battery/data,battery,esp32_bms,6.336,-0.04,,0.004,100.0,19.31,47226,"{""uptime_ms"":47226,""bus_V"":6.336,""shunt_mV"":-0.040,""current_A"":0.000,""power_W"":0.004,""soc_percent"":100.00,""soh_percent"":19.31}"
1771483824970,2026-02-19T12:50:24,battery/data,battery,esp32_bms,6.332,-0.03,,,100.0,19.31,52227,"{""uptime_ms"":52227,""bus_V"":6.332,""shunt_mV"":-0.030,""current_A"":-0.000,""power_W"":0.000,""soc_percent"":100.00,""soh_percent"":19.31}"
1771483824975,2026-02-19T12:50:24,battery/data,battery,esp32_bms,6.332,-0.03,,,100.0,19.31,52227,"{""uptime_ms"":52227,""bus_V"":6.332,""shunt_mV"":-0.030,""current_A"":-0.000,""power_W"":0.000,""soc_percent"":100.00,""soh_percent"":19.31}"
1771483829958,2026-02-19T12:50:29,battery/data,battery,esp32_bms,6.332,-0.02,,,100.0,19.31,57228,"{""uptime_ms"":57228,""bus_V"":6.332,""shunt_mV"":-0.020,""current_A"":-0.000,""power_W"":0.000,""soc_percent"":100.00,""soh_percent"":19.31}"
1771483829975,2026-02-19T12:50:29,battery/data,battery,esp32_bms,6.332,-0.02,,,100.0,19.31,57228,"{""uptime_ms"":57228,""bus_V"":6.332,""shunt_mV"":-0.020,""current_A"":-0.000,""power_W"":0.000,""soc_percent"":100.00,""soh_percent"":19.31}"
1771483834963,2026-02-19T12:50:34,battery/data,battery,esp32_bms,6.336,-0.01,,,100.0,19.31,62229,"{""uptime_ms"":62229,""bus_V"":6.336,""shunt_mV"":-0.010,""current_A"":-0.000,""power_W"":0.000,""soc_percent"":100.00,""soh_percent"":19.31}"
1771483834974,2026-02-19T12:50:34,battery/data,battery,esp32_bms,6.336,-0.01,,,100.0,19.31,62229,"{""uptime_ms"":62229,""bus_V"":6.336,""shunt_mV"":-0.010,""current_A"":-0.000,""power_W"":0.000,""soc_percent"":100.00,""soh_percent"":19.31}"
1771483839958,2026-02-19T12:50:39,battery/data,battery,esp32_bms,6.336,-0.03,,,100.0,19.31,67230,"{""uptime_ms"":67230,""bus_V"":6.336,""shunt_mV"":-0.030,""current_A"":0.000,""power_W"":0.000,""soc_percent"":100.00,""soh_percent"":19.31}"
1771483839972,2026-02-19T12:50:39,battery/data,battery,esp32_bms,6.336,-0.03,,,100.0,19.31,67230,"{""uptime_ms"":67230,""bus_V"":6.336,""shunt_mV"":-0.030,""current_A"":0.000,""power_W"":0.000,""soc_percent"":100.00,""soh_percent"":19.31}"
1771483844987,2026-02-19T12:50:44,battery/data,battery,esp32_bms,6.332,0.0,,0.004,100.0,19.31,72231,"{""uptime_ms"":72231,""bus_V"":6.332,""shunt_mV"":0.000,""current_A"":-0.000,""power_W"":0.004,""soc_percent"":100.00,""soh_percent"":19.31}"
1771483844995,2026-02-19T12:50:44,battery/data,battery,esp32_bms,6.332,0.0,,0.004,100.0,19.31,72231,"{""uptime_ms"":72231,""bus_V"":6.332,""shunt_mV"":0.000,""current_A"":-0.000,""power_W"":0.004,""soc_percent"":100.00,""soh_percent"":19.31}"
1771483849978,2026-02-19T12:50:49,battery/data,battery,esp32_bms,6.332,-0.01,,,100.0,19.31,77232,"{""uptime_ms"":77232,""bus_V"":6.332,""shunt_mV"":-0.010,""current_A"":-0.000,""power_W"":0.000,""soc_percent"":100.00,""soh_percent"":19.31}"
1771483850434,2026-02-19T12:50:50,battery/data,battery,esp32_bms,6.332,-0.01,,,100.0,19.31,77232,"{""uptime_ms"":77232,""bus_V"":6.332,""shunt_mV"":-0.010,""current_A"":-0.000,""power_W"":0.000,""soc_percent"":100.00,""soh_percent"":19.31}"
1771483855004,2026-02-19T12:50:55,battery/data,battery,esp32_bms,6.332,-0.03,,,100.0,19.31,82233,"{""uptime_ms"":82233,""bus_V"":6.332,""shunt_mV"":-0.030,""current_A"":-0.000,""power_W"":0.000,""soc_percent"":100.00,""soh_percent"":19.31}"
1771483856374,2026-02-19T12:50:56,battery/data,battery,esp32_bms,6.332,-0.03,,,100.0,19.31,82233,"{""uptime_ms"":82233,""bus_V"":6.332,""shunt_mV"":-0.030,""current_A"":-0.000,""power_W"":0.000,""soc_percent"":100.00,""soh_percent"":19.31}"
1771483860042,2026-02-19T12:51:00,battery/data,battery,esp32_bms,6.332,0.0,,,100.0,19.31,87234,"{""uptime_ms"":87234,""bus_V"":6.332,""shunt_mV"":0.000,""current_A"":0.000,""power_W"":0.000,""soc_percent"":100.00,""soh_percent"":19.31}"
1771483860730,2026-02-19T12:51:00,battery/data,battery,esp32_bms,6.332,0.0,,,100.0,19.31,87234,"{""uptime_ms"":87234,""bus_V"":6.332,""shunt_mV"":0.000,""current_A"":0.000,""power_W"":0.000,""soc_percent"":100.00,""soh_percent"":19.31}"
1771483865010,2026-02-19T12:51:05,battery/data,battery,esp32_bms,6.336,-0.02,,,100.0,19.31,92235,"{""uptime_ms"":92235,""bus_V"":6.336,""shunt_mV"":-0.020,""current_A"":0.000,""power_W"":0.000,""soc_percent"":100.00,""soh_percent"":19.31}"
1771483865021,2026-02-19T12:51:05,battery/data,battery,esp32_bms,6.336,-0.02,,,100.0,19.31,92235,"{""uptime_ms"":92235,""bus_V"":6.336,""shunt_mV"":-0.020,""current_A"":0.000,""power_W"":0.000,""soc_percent"":100.00,""soh_percent"":19.31}"
1771483870427,2026-02-19T12:51:10,battery/data,battery,esp32_bms,6.336,-0.02,,,100.0,19.31,97236,"{""uptime_ms"":97236,""bus_V"":6.336,""shunt_mV"":-0.020,""current_A"":-0.000,""power_W"":0.000,""soc_percent"":100.00,""soh_percent"":19.31}"
1771483875418,2026-02-19T12:51:15,battery/data,battery,esp32_bms,6.332,-0.01,,,100.0,19.31,102237,"{""uptime_ms"":102237,""bus_V"":6.332,""shunt_mV"":-0.010,""current_A"":-0.000,""power_W"":0.000,""soc_percent"":100.00,""soh_percent"":19.31}"
1771483880456,2026-02-19T12:51:20,battery/data,battery,esp32_bms,6.336,-0.02,,,100.0,19.31,107238,"{""uptime_ms"":107238,""bus_V"":6.336,""shunt_mV"":-0.020,""current_A"":-0.000,""power_W"":0.000,""soc_percent"":100.00,""soh_percent"":19.31}"
1771483885023,2026-02-19T12:51:25,battery/data,battery,esp32_bms,6.336,-0.02,,,100.0,19.31,112239,"{""uptime_ms"":112239,""bus_V"":6.336,""shunt_mV"":-0.020,""current_A"":-0.000,""power_W"":0.000,""soc_percent"":100.00,""soh_percent"":19.31}"
1771483890042,2026-02-19T12:51:30,battery/data,battery,esp32_bms,6.336,0.0,,,100.0,19.31,117240,"{""uptime_ms"":117240,""bus_V"":6.336,""shunt_mV"":0.000,""current_A"":-0.000,""power_W"":0.000,""soc_percent"":100.00,""soh_percent"":19.31}"
1771483894994,2026-02-19T12:51:34,battery/data,battery,esp32_bms,6.332,-0.02,,,100.0,19.31,122241,"{""uptime_ms"":122241,""bus_V"":6.332,""shunt_mV"":-0.020,""current_A"":-0.000,""power_W"":0.000,""soc_percent"":100.00,""soh_percent"":19.31}"
1771483900027,2026-02-19T12:51:40,battery/data,battery,esp32_bms,6.336,-0.01,,,100.0,19.31,127242,"{""uptime_ms"":127242,""bus_V"":6.336,""shunt_mV"":-0.010,""current_A"":-0.000,""power_W"":0.000,""soc_percent"":100.00,""soh_percent"":19.31}"
1771483905441,2026-02-19T12:51:45,battery/data,battery,esp32_bms,6.332,-0.02,,,100.0,19.31,132243,"{""uptime_ms"":132243,""bus_V"":6.332,""shunt_mV"":-0.020,""current_A"":-0.000,""power_W"":0.000,""soc_percent"":100.00,""soh_percent"":19.31}"
1771483910056,2026-02-19T12:51:50,battery/data,battery,esp32_bms,6.332,0.0,,,100.0,19.31,137244,"{""uptime_ms"":137244,""bus_V"":6.332,""shunt_mV"":0.000,""current_A"":0.000,""power_W"":0.000,""soc_percent"":100.00,""soh_percent"":19.31}"
1771483914996,2026-02-19T12:51:54,battery/data,battery,esp32_bms,6.336,0.0,,,100.0,19.31,142245,"{""uptime_ms"":142245,""bus_V"":6.336,""shunt_mV"":0.000,""current_A"":-0.000,""power_W"":0.000,""soc_percent"":100.00,""soh_percent"":19.31}"
1771483920031,2026-02-19T12:52:00,battery/data,battery,esp32_bms,6.336,0.0,,,100.0,19.31,147246,"{""uptime_ms"":147246,""bus_V"":6.336,""shunt_mV"":0.000,""current_A"":-0.000,""power_W"":0.000,""soc_percent"":100.00,""soh_percent"":19.31}"
1771483925046,2026-02-19T12:52:05,battery/data,battery,esp32_bms,6.332,0.03,,0.004,100.0,19.31,152247,"{""uptime_ms"":152247,""bus_V"":6.332,""shunt_mV"":0.030,""current_A"":-0.000,""power_W"":0.004,""soc_percent"":100.00,""soh_percent"":19.31}"
1771483930035,2026-02-19T12:52:10,battery/data,battery,esp32_bms,6.332,-0.02,,,100.0,19.31,157248,"{""uptime_ms"":157248,""bus_V"":6.332,""shunt_mV"":-0.020,""current_A"":-0.000,""power_W"":0.000,""soc_percent"":100.00,""soh_percent"":19.31}"
1771483935455,2026-02-19T12:52:15,battery/data,battery,esp32_bms,6.336,-0.01,,,100.0,19.31,162249,"{""uptime_ms"":162249,""bus_V"":6.336,""shunt_mV"":-0.010,""current_A"":0.000,""power_W"":0.000,""soc_percent"":100.00,""soh_percent"":19.31}"
1771483940107,2026-02-19T12:52:20,battery/data,battery,esp32_bms,6.332,-0.02,,,100.0,19.31,167250,"{""uptime_ms"":167250,""bus_V"":6.332,""shunt_mV"":-0.020,""current_A"":-0.000,""power_W"":0.000,""soc_percent"":100.00,""soh_percent"":19.31}"
1771483958732,2026-02-19T12:52:38,battery/data,battery,esp32_bms,6.328,0.01,,,100.0,19.31,172251,"{""uptime_ms"":172251,""bus_V"":6.328,""shunt_mV"":0.010,""current_A"":0.000,""power_W"":0.000,""soc_percent"":100.00,""soh_percent"":19.31}"
1771483958732,2026-02-19T12:52:38,battery/data,battery,esp32_bms,6.332,-0.01,,,100.0,19.31,177252,"{""uptime_ms"":177252,""bus_V"":6.332,""shunt_mV"":-0.010,""current_A"":0.000,""power_W"":0.000,""soc_percent"":100.00,""soh_percent"":19.31}"
1771483958929,2026-02-19T12:52:38,battery/data,battery,esp32_bms,6.332,-0.02,-0.001,0.004,100.0,19.31,182253,"{""uptime_ms"":182253,""bus_V"":6.332,""shunt_mV"":-0.020,""current_A"":-0.001,""power_W"":0.004,""soc_percent"":100.00,""soh_percent"":19.31}"
1771483960026,2026-02-19T12:52:40,battery/data,battery,esp32_bms,6.336,-0.04,-0.001,0.004,100.0,19.31,187254,"{""uptime_ms"":187254,""bus_V"":6.336,""shunt_mV"":-0.040,""current_A"":-0.001,""power_W"":0.004,""soc_percent"":100.00,""soh_percent"":19.31}"
1771483964998,2026-02-19T12:52:44,battery/data,battery,esp32_bms,6.336,-0.02,,,100.0,19.31,192255,"{""uptime_ms"":192255,""bus_V"":6.336,""shunt_mV"":-0.020,""current_A"":0.000,""power_W"":0.000,""soc_percent"":100.00,""soh_percent"":19.31}"
1771483969998,2026-02-19T12:52:49,battery/data,battery,esp32_bms,6.332,-0.02,,,100.0,19.31,197256,"{""uptime_ms"":197256,""bus_V"":6.332,""shunt_mV"":-0.020,""current_A"":0.000,""power_W"":0.000,""soc_percent"":100.00,""soh_percent"":19.31}"
1771483975483,2026-02-19T12:52:55,battery/data,battery,esp32_bms,6.332,-0.02,,0.004,100.0,19.31,202257,"{""uptime_ms"":202257,""bus_V"":6.332,""shunt_mV"":-0.020,""current_A"":-0.000,""power_W"":0.004,""soc_percent"":100.00,""soh_percent"":19.31}"
1771483980041,2026-02-19T12:53:00,battery/data,battery,esp32_bms,6.332,0.0,,0.004,100.0,19.31,207258,"{""uptime_ms"":207258,""bus_V"":6.332,""shunt_mV"":0.000,""current_A"":-0.000,""power_W"":0.004,""soc_percent"":100.00,""soh_percent"":19.31}"
1771483980057,2026-02-19T12:53:00,battery/data,battery,esp32_bms,6.332,0.0,,0.004,100.0,19.31,207258,"{""uptime_ms"":207258,""bus_V"":6.332,""shunt_mV"":0.000,""current_A"":-0.000,""power_W"":0.004,""soc_percent"":100.00,""soh_percent"":19.31}"
1771483985026,2026-02-19T12:53:05,battery/data,battery,esp32_bms,6.336,-0.01,,,100.0,19.31,212259,"{""uptime_ms"":212259,""bus_V"":6.336,""shunt_mV"":-0.010,""current_A"":0.000,""power_W"":0.000,""soc_percent"":100.00,""soh_percent"":19.31}"
1771483985500,2026-02-19T12:53:05,battery/data,battery,esp32_bms,6.336,-0.01,,,100.0,19.31,212259,"{""uptime_ms"":212259,""bus_V"":6.336,""shunt_mV"":-0.010,""current_A"":0.000,""power_W"":0.000,""soc_percent"":100.00,""soh_percent"":19.31}"
1771483991408,2026-02-19T12:53:11,battery/data,battery,esp32_bms,6.332,0.02,,,100.0,19.31,217260,"{""uptime_ms"":217260,""bus_V"":6.332,""shunt_mV"":0.020,""current_A"":0.000,""power_W"":0.000,""soc_percent"":100.00,""soh_percent"":19.31}"
1771483995553,2026-02-19T12:53:15,battery/data,battery,esp32_bms,6.332,0.0,,,100.0,19.31,222261,"{""uptime_ms"":222261,""bus_V"":6.332,""shunt_mV"":0.000,""current_A"":0.000,""power_W"":0.000,""soc_percent"":100.00,""soh_percent"":19.31}"
1771484000005,2026-02-19T12:53:20,battery/data,battery,esp32_bms,6.332,-0.02,,,100.0,19.31,227262,"{""uptime_ms"":227262,""bus_V"":6.332,""shunt_mV"":-0.020,""current_A"":0.000,""power_W"":0.000,""soc_percent"":100.00,""soh_percent"":19.31}"
1771484000490,2026-02-19T12:53:20,battery/data,battery,esp32_bms,6.332,-0.02,,,100.0,19.31,227262,"{""uptime_ms"":227262,""bus_V"":6.332,""shunt_mV"":-0.020,""current_A"":0.000,""power_W"":0.000,""soc_percent"":100.00,""soh_percent"":19.31}"
1771484005032,2026-02-19T12:53:25,battery/data,battery,esp32_bms,6.332,-0.02,,,100.0,19.31,232263,"{""uptime_ms"":232263,""bus_V"":6.332,""shunt_mV"":-0.020,""current_A"":-0.000,""power_W"":0.000,""soc_percent"":100.00,""soh_percent"":19.31}"
1771484005038,2026-02-19T12:53:25,battery/data,battery,esp32_bms,6.332,-0.02,,,100.0,19.31,232263,"{""uptime_ms"":232263,""bus_V"":6.332,""shunt_mV"":-0.020,""current_A"":-0.000,""power_W"":0.000,""soc_percent"":100.00,""soh_percent"":19.31}"
1771484010014,2026-02-19T12:53:30,battery/data,battery,esp32_bms,6.332,0.0,,,100.0,19.31,237264,"{""uptime_ms"":237264,""bus_V"":6.332,""shunt_mV"":0.000,""current_A"":-0.000,""power_W"":0.000,""soc_percent"":100.00,""soh_percent"":19.31}"
1771484010014,2026-02-19T12:53:30,battery/data,battery,esp32_bms,6.332,0.0,,,100.0,19.31,237264,"{""uptime_ms"":237264,""bus_V"":6.332,""shunt_mV"":0.000,""current_A"":-0.000,""power_W"":0.000,""soc_percent"":100.00,""soh_percent"":19.31}"
1771484015068,2026-02-19T12:53:35,battery/data,battery,esp32_bms,6.332,-0.01,,0.004,100.0,19.31,242265,"{""uptime_ms"":242265,""bus_V"":6.332,""shunt_mV"":-0.010,""current_A"":-0.000,""power_W"":0.004,""soc_percent"":100.00,""soh_percent"":19.31}"
1771484020191,2026-02-19T12:53:40,battery/data,battery,esp32_bms,6.332,0.0,,,100.0,19.31,247266,"{""uptime_ms"":247266,""bus_V"":6.332,""shunt_mV"":0.000,""current_A"":-0.000,""power_W"":0.000,""soc_percent"":100.00,""soh_percent"":19.31}"
1771484020676,2026-02-19T12:53:40,battery/data,battery,esp32_bms,6.332,0.0,,,100.0,19.31,247266,"{""uptime_ms"":247266,""bus_V"":6.332,""shunt_mV"":0.000,""current_A"":-0.000,""power_W"":0.000,""soc_percent"":100.00,""soh_percent"":19.31}"
1771484025077,2026-02-19T12:53:45,battery/data,battery,esp32_bms,6.332,0.02,,,100.0,19.31,252267,"{""uptime_ms"":252267,""bus_V"":6.332,""shunt_mV"":0.020,""current_A"":0.000,""power_W"":0.000,""soc_percent"":100.00,""soh_percent"":19.31}"
1771484025088,2026-02-19T12:53:45,battery/data,battery,esp32_bms,6.332,0.02,,,100.0,19.31,252267,"{""uptime_ms"":252267,""bus_V"":6.332,""shunt_mV"":0.020,""current_A"":0.000,""power_W"":0.000,""soc_percent"":100.00,""soh_percent"":19.31}"
1771484030089,2026-02-19T12:53:50,battery/data,battery,esp32_bms,6.332,0.02,,,100.0,19.31,257268,"{""uptime_ms"":257268,""bus_V"":6.332,""shunt_mV"":0.020,""current_A"":0.000,""power_W"":0.000,""soc_percent"":100.00,""soh_percent"":19.31}"
1771484030485,2026-02-19T12:53:50,battery/data,battery,esp32_bms,6.332,0.02,,,100.0,19.31,257268,"{""uptime_ms"":257268,""bus_V"":6.332,""shunt_mV"":0.020,""current_A"":0.000,""power_W"":0.000,""soc_percent"":100.00,""soh_percent"":19.31}"
1771484035042,2026-02-19T12:53:55,battery/data,battery,esp32_bms,6.332,-0.02,,,100.0,19.31,262269,"{""uptime_ms"":262269,""bus_V"":6.332,""shunt_mV"":-0.020,""current_A"":0.000,""power_W"":0.000,""soc_percent"":100.00,""soh_percent"":19.31}"
1771484035050,2026-02-19T12:53:55,battery/data,battery,esp32_bms,6.332,-0.02,,,100.0,19.31,262269,"{""uptime_ms"":262269,""bus_V"":6.332,""shunt_mV"":-0.020,""current_A"":0.000,""power_W"":0.000,""soc_percent"":100.00,""soh_percent"":19.31}"
1771484040078,2026-02-19T12:54:00,battery/data,battery,esp32_bms,6.332,-0.04,,0.004,100.0,19.31,267270,"{""uptime_ms"":267270,""bus_V"":6.332,""shunt_mV"":-0.040,""current_A"":-0.000,""power_W"":0.004,""soc_percent"":100.00,""soh_percent"":19.31}"
1771484040095,2026-02-19T12:54:00,battery/data,battery,esp32_bms,6.332,-0.04,,0.004,100.0,19.31,267270,"{""uptime_ms"":267270,""bus_V"":6.332,""shunt_mV"":-0.040,""current_A"":-0.000,""power_W"":0.004,""soc_percent"":100.00,""soh_percent"":19.31}"
1771484045524,2026-02-19T12:54:05,battery/data,battery,esp32_bms,6.332,-0.01,,,100.0,19.31,272271,"{""uptime_ms"":272271,""bus_V"":6.332,""shunt_mV"":-0.010,""current_A"":-0.000,""power_W"":0.000,""soc_percent"":100.00,""soh_percent"":19.31}"
1771484045531,2026-02-19T12:54:05,battery/data,battery,esp32_bms,6.332,-0.01,,,100.0,19.31,272271,"{""uptime_ms"":272271,""bus_V"":6.332,""shunt_mV"":-0.010,""current_A"":-0.000,""power_W"":0.000,""soc_percent"":100.00,""soh_percent"":19.31}"
1771484050066,2026-02-19T12:54:10,battery/data,battery,esp32_bms,6.332,-0.03,,0.004,100.0,19.31,277272,"{""uptime_ms"":277272,""bus_V"":6.332,""shunt_mV"":-0.030,""current_A"":-0.000,""power_W"":0.004,""soc_percent"":100.00,""soh_percent"":19.31}"
1771484050540,2026-02-19T12:54:10,battery/data,battery,esp32_bms,6.332,-0.03,,0.004,100.0,19.31,277272,"{""uptime_ms"":277272,""bus_V"":6.332,""shunt_mV"":-0.030,""current_A"":-0.000,""power_W"":0.004,""soc_percent"":100.00,""soh_percent"":19.31}"
1771484055033,2026-02-19T12:54:15,battery/data,battery,esp32_bms,6.332,-0.02,,,100.0,19.31,282273,"{""uptime_ms"":282273,""bus_V"":6.332,""shunt_mV"":-0.020,""current_A"":-0.000,""power_W"":0.000,""soc_percent"":100.00,""soh_percent"":19.31}"
1771484055048,2026-02-19T12:54:15,battery/data,battery,esp32_bms,6.332,-0.02,,,100.0,19.31,282273,"{""uptime_ms"":282273,""bus_V"":6.332,""shunt_mV"":-0.020,""current_A"":-0.000,""power_W"":0.000,""soc_percent"":100.00,""soh_percent"":19.31}"
1771484060276,2026-02-19T12:54:20,battery/data,battery,esp32_bms,6.332,0.0,,,100.0,19.31,287274,"{""uptime_ms"":287274,""bus_V"":6.332,""shunt_mV"":0.000,""current_A"":0.000,""power_W"":0.000,""soc_percent"":100.00,""soh_percent"":19.31}"
1771484061173,2026-02-19T12:54:21,battery/data,battery,esp32_bms,6.332,0.0,,,100.0,19.31,287274,"{""uptime_ms"":287274,""bus_V"":6.332,""shunt_mV"":0.000,""current_A"":0.000,""power_W"":0.000,""soc_percent"":100.00,""soh_percent"":19.31}"
1771484065555,2026-02-19T12:54:25,battery/data,battery,esp32_bms,6.336,-0.02,,,100.0,19.31,292275,"{""uptime_ms"":292275,""bus_V"":6.336,""shunt_mV"":-0.020,""current_A"":0.000,""power_W"":0.000,""soc_percent"":100.00,""soh_percent"":19.31}"
1771484065555,2026-02-19T12:54:25,battery/data,battery,esp32_bms,6.336,-0.02,,,100.0,19.31,292275,"{""uptime_ms"":292275,""bus_V"":6.336,""shunt_mV"":-0.020,""current_A"":0.000,""power_W"":0.000,""soc_percent"":100.00,""soh_percent"":19.31}"
1771484070364,2026-02-19T12:54:30,battery/data,battery,esp32_bms,6.332,-0.01,,,100.0,19.31,297276,"{""uptime_ms"":297276,""bus_V"":6.332,""shunt_mV"":-0.010,""current_A"":0.000,""power_W"":0.000,""soc_percent"":100.00,""soh_percent"":19.31}"
1771484075028,2026-02-19T12:54:35,battery/data,battery,esp32_bms,6.332,0.03,,0.004,100.0,19.31,302277,"{""uptime_ms"":302277,""bus_V"":6.332,""shunt_mV"":0.030,""current_A"":-0.000,""power_W"":0.004,""soc_percent"":100.00,""soh_percent"":19.31}"
1771484075475,2026-02-19T12:54:35,battery/data,battery,esp32_bms,6.332,0.03,,0.004,100.0,19.31,302277,"{""uptime_ms"":302277,""bus_V"":6.332,""shunt_mV"":0.030,""current_A"":-0.000,""power_W"":0.004,""soc_percent"":100.00,""soh_percent"":19.31}"
1771484080059,2026-02-19T12:54:40,battery/data,battery,esp32_bms,6.332,-0.02,,,100.0,19.31,307278,"{""uptime_ms"":307278,""bus_V"":6.332,""shunt_mV"":-0.020,""current_A"":0.000,""power_W"":0.000,""soc_percent"":100.00,""soh_percent"":19.31}"
1771484080508,2026-02-19T12:54:40,battery/data,battery,esp32_bms,6.332,-0.02,,,100.0,19.31,307278,"{""uptime_ms"":307278,""bus_V"":6.332,""shunt_mV"":-0.020,""current_A"":0.000,""power_W"":0.000,""soc_percent"":100.00,""soh_percent"":19.31}"
1771484085052,2026-02-19T12:54:45,battery/data,battery,esp32_bms,6.332,-0.02,,,100.0,19.31,312279,"{""uptime_ms"":312279,""bus_V"":6.332,""shunt_mV"":-0.020,""current_A"":0.000,""power_W"":0.000,""soc_percent"":100.00,""soh_percent"":19.31}"
1771484085060,2026-02-19T12:54:45,battery/data,battery,esp32_bms,6.332,-0.02,,,100.0,19.31,312279,"{""uptime_ms"":312279,""bus_V"":6.332,""shunt_mV"":-0.020,""current_A"":0.000,""power_W"":0.000,""soc_percent"":100.00,""soh_percent"":19.31}"
1771484090171,2026-02-19T12:54:50,battery/data,battery,esp32_bms,6.332,0.0,,,100.0,19.31,317280,"{""uptime_ms"":317280,""bus_V"":6.332,""shunt_mV"":0.000,""current_A"":0.000,""power_W"":0.000,""soc_percent"":100.00,""soh_percent"":19.31}"
1771484095106,2026-02-19T12:54:55,battery/data,battery,esp32_bms,6.332,-0.02,,,100.0,19.31,322281,"{""uptime_ms"":322281,""bus_V"":6.332,""shunt_mV"":-0.020,""current_A"":0.000,""power_W"":0.000,""soc_percent"":100.00,""soh_percent"":19.31}"
1771484095114,2026-02-19T12:54:55,battery/data,battery,esp32_bms,6.332,-0.02,,,100.0,19.31,322281,"{""uptime_ms"":322281,""bus_V"":6.332,""shunt_mV"":-0.020,""current_A"":0.000,""power_W"":0.000,""soc_percent"":100.00,""soh_percent"":19.31}"
1771484100126,2026-02-19T12:55:00,battery/data,battery,esp32_bms,6.332,-0.01,,,100.0,19.31,327282,"{""uptime_ms"":327282,""bus_V"":6.332,""shunt_mV"":-0.010,""current_A"":0.000,""power_W"":0.000,""soc_percent"":100.00,""soh_percent"":19.31}"
1771484100150,2026-02-19T12:55:00,battery/data,battery,esp32_bms,6.332,-0.01,,,100.0,19.31,327282,"{""uptime_ms"":327282,""bus_V"":6.332,""shunt_mV"":-0.010,""current_A"":0.000,""power_W"":0.000,""soc_percent"":100.00,""soh_percent"":19.31}"
1771484105084,2026-02-19T12:55:05,battery/data,battery,esp32_bms,6.332,0.0,,,100.0,19.31,332283,"{""uptime_ms"":332283,""bus_V"":6.332,""shunt_mV"":0.000,""current_A"":0.000,""power_W"":0.000,""soc_percent"":100.00,""soh_percent"":19.31}"
1771484106837,2026-02-19T12:55:06,battery/data,battery,esp32_bms,6.332,0.0,,,100.0,19.31,332283,"{""uptime_ms"":332283,""bus_V"":6.332,""shunt_mV"":0.000,""current_A"":0.000,""power_W"":0.000,""soc_percent"":100.00,""soh_percent"":19.31}"
1771484110033,2026-02-19T12:55:10,battery/data,battery,esp32_bms,6.332,0.0,,,100.0,19.31,337284,"{""uptime_ms"":337284,""bus_V"":6.332,""shunt_mV"":0.000,""current_A"":0.000,""power_W"":0.000,""soc_percent"":100.00,""soh_percent"":19.31}"
1771484110043,2026-02-19T12:55:10,battery/data,battery,esp32_bms,6.332,0.0,,,100.0,19.31,337284,"{""uptime_ms"":337284,""bus_V"":6.332,""shunt_mV"":0.000,""current_A"":0.000,""power_W"":0.000,""soc_percent"":100.00,""soh_percent"":19.31}"
1771484115092,2026-02-19T12:55:15,battery/data,battery,esp32_bms,6.328,-0.02,,,100.0,19.31,342285,"{""uptime_ms"":342285,""bus_V"":6.328,""shunt_mV"":-0.020,""current_A"":-0.000,""power_W"":0.000,""soc_percent"":100.00,""soh_percent"":19.31}"
1771484115556,2026-02-19T12:55:15,battery/data,battery,esp32_bms,6.328,-0.02,,,100.0,19.31,342285,"{""uptime_ms"":342285,""bus_V"":6.328,""shunt_mV"":-0.020,""current_A"":-0.000,""power_W"":0.000,""soc_percent"":100.00,""soh_percent"":19.31}"
1771484120023,2026-02-19T12:55:20,battery/data,battery,esp32_bms,6.332,-0.02,,,100.0,19.31,347286,"{""uptime_ms"":347286,""bus_V"":6.332,""shunt_mV"":-0.020,""current_A"":-0.000,""power_W"":0.000,""soc_percent"":100.00,""soh_percent"":19.31}"
1771484120484,2026-02-19T12:55:20,battery/data,battery,esp32_bms,6.332,-0.02,,,100.0,19.31,347286,"{""uptime_ms"":347286,""bus_V"":6.332,""shunt_mV"":-0.020,""current_A"":-0.000,""power_W"":0.000,""soc_percent"":100.00,""soh_percent"":19.31}"
1771484125019,2026-02-19T12:55:25,battery/data,battery,esp32_bms,6.332,0.0,,,100.0,19.31,352287,"{""uptime_ms"":352287,""bus_V"":6.332,""shunt_mV"":0.000,""current_A"":-0.000,""power_W"":0.000,""soc_percent"":100.00,""soh_percent"":19.31}"
1771484125031,2026-02-19T12:55:25,battery/data,battery,esp32_bms,6.332,0.0,,,100.0,19.31,352287,"{""uptime_ms"":352287,""bus_V"":6.332,""shunt_mV"":0.000,""current_A"":-0.000,""power_W"":0.000,""soc_percent"":100.00,""soh_percent"":19.31}"
1771484130068,2026-02-19T12:55:30,battery/data,battery,esp32_bms,6.332,-0.01,,,100.0,19.31,357288,"{""uptime_ms"":357288,""bus_V"":6.332,""shunt_mV"":-0.010,""current_A"":-0.000,""power_W"":0.000,""soc_percent"":100.00,""soh_percent"":19.31}"
1771484130512,2026-02-19T12:55:30,battery/data,battery,esp32_bms,6.332,-0.01,,,100.0,19.31,357288,"{""uptime_ms"":357288,""bus_V"":6.332,""shunt_mV"":-0.010,""current_A"":-0.000,""power_W"":0.000,""soc_percent"":100.00,""soh_percent"":19.31}"
1771484135519,2026-02-19T12:55:35,battery/data,battery,esp32_bms,6.336,-0.01,,,100.0,19.31,362289,"{""uptime_ms"":362289,""bus_V"":6.336,""shunt_mV"":-0.010,""current_A"":-0.000,""power_W"":0.000,""soc_percent"":100.00,""soh_percent"":19.31}"
1771484136336,2026-02-19T12:55:36,battery/data,battery,esp32_bms,6.336,-0.01,,,100.0,19.31,362289,"{""uptime_ms"":362289,""bus_V"":6.336,""shunt_mV"":-0.010,""current_A"":-0.000,""power_W"":0.000,""soc_percent"":100.00,""soh_percent"":19.31}"
1771484140753,2026-02-19T12:55:40,battery/data,battery,esp32_bms,6.332,-0.02,,,100.0,19.31,367290,"{""uptime_ms"":367290,""bus_V"":6.332,""shunt_mV"":-0.020,""current_A"":-0.000,""power_W"":0.000,""soc_percent"":100.00,""soh_percent"":19.31}"
1771484145065,2026-02-19T12:55:45,battery/data,battery,esp32_bms,6.328,-0.03,,0.004,100.0,19.31,372291,"{""uptime_ms"":372291,""bus_V"":6.328,""shunt_mV"":-0.030,""current_A"":-0.000,""power_W"":0.004,""soc_percent"":100.00,""soh_percent"":19.31}"
1771484150034,2026-02-19T12:55:50,battery/data,battery,esp32_bms,6.332,-0.02,,,100.0,19.31,377292,"{""uptime_ms"":377292,""bus_V"":6.332,""shunt_mV"":-0.020,""current_A"":-0.000,""power_W"":0.000,""soc_percent"":100.00,""soh_percent"":19.31}"
1771484155045,2026-02-19T12:55:55,battery/data,battery,esp32_bms,6.332,-0.03,,,100.0,19.31,382293,"{""uptime_ms"":382293,""bus_V"":6.332,""shunt_mV"":-0.030,""current_A"":-0.000,""power_W"":0.000,""soc_percent"":100.00,""soh_percent"":19.31}"
1771484160517,2026-02-19T12:56:00,battery/data,battery,esp32_bms,6.332,-0.01,,,100.0,19.31,387294,"{""uptime_ms"":387294,""bus_V"":6.332,""shunt_mV"":-0.010,""current_A"":-0.000,""power_W"":0.000,""soc_percent"":100.00,""soh_percent"":19.31}"
1771484165093,2026-02-19T12:56:05,battery/data,battery,esp32_bms,6.332,-0.03,,,100.0,19.31,392295,"{""uptime_ms"":392295,""bus_V"":6.332,""shunt_mV"":-0.030,""current_A"":0.000,""power_W"":0.000,""soc_percent"":100.00,""soh_percent"":19.31}"
1771484172783,2026-02-19T12:56:12,battery/data,battery,esp32_bms,6.336,-0.02,,,100.0,19.31,397296,"{""uptime_ms"":397296,""bus_V"":6.336,""shunt_mV"":-0.020,""current_A"":-0.000,""power_W"":0.000,""soc_percent"":100.00,""soh_percent"":19.31}"
1771484175094,2026-02-19T12:56:15,battery/data,battery,esp32_bms,6.332,-0.02,,,100.0,19.31,402297,"{""uptime_ms"":402297,""bus_V"":6.332,""shunt_mV"":-0.020,""current_A"":-0.000,""power_W"":0.000,""soc_percent"":100.00,""soh_percent"":19.31}"
1771484180045,2026-02-19T12:56:20,battery/data,battery,esp32_bms,6.328,0.0,,0.004,100.0,19.31,407298,"{""uptime_ms"":407298,""bus_V"":6.328,""shunt_mV"":0.000,""current_A"":-0.000,""power_W"":0.004,""soc_percent"":100.00,""soh_percent"":19.31}"
1771484185049,2026-02-19T12:56:25,battery/data,battery,esp32_bms,6.332,-0.02,,0.004,100.0,19.31,412299,"{""uptime_ms"":412299,""bus_V"":6.332,""shunt_mV"":-0.020,""current_A"":0.000,""power_W"":0.004,""soc_percent"":100.00,""soh_percent"":19.31}"
1771484190049,2026-02-19T12:56:30,battery/data,battery,esp32_bms,6.332,-0.01,,,100.0,19.31,417300,"{""uptime_ms"":417300,""bus_V"":6.332,""shunt_mV"":-0.010,""current_A"":-0.000,""power_W"":0.000,""soc_percent"":100.00,""soh_percent"":19.31}"
1771484195506,2026-02-19T12:56:35,battery/data,battery,esp32_bms,6.332,-0.03,,,100.0,19.31,422301,"{""uptime_ms"":422301,""bus_V"":6.332,""shunt_mV"":-0.030,""current_A"":-0.000,""power_W"":0.000,""soc_percent"":100.00,""soh_percent"":19.31}"
1771484200052,2026-02-19T12:56:40,battery/data,battery,esp32_bms,6.332,-0.03,,,100.0,19.31,427302,"{""uptime_ms"":427302,""bus_V"":6.332,""shunt_mV"":-0.030,""current_A"":-0.000,""power_W"":0.000,""soc_percent"":100.00,""soh_percent"":19.31}"
1771484205518,2026-02-19T12:56:45,battery/data,battery,esp32_bms,6.332,-0.06,,,100.0,19.31,432303,"{""uptime_ms"":432303,""bus_V"":6.332,""shunt_mV"":-0.060,""current_A"":-0.000,""power_W"":0.000,""soc_percent"":100.00,""soh_percent"":19.31}"
1771484210053,2026-02-19T12:56:50,battery/data,battery,esp32_bms,6.332,0.0,,,100.0,19.31,437304,"{""uptime_ms"":437304,""bus_V"":6.332,""shunt_mV"":0.000,""current_A"":-0.000,""power_W"":0.000,""soc_percent"":100.00,""soh_percent"":19.31}"
1771484215067,2026-02-19T12:56:55,battery/data,battery,esp32_bms,6.332,-0.01,,0.004,100.0,19.31,442305,"{""uptime_ms"":442305,""bus_V"":6.332,""shunt_mV"":-0.010,""current_A"":-0.000,""power_W"":0.004,""soc_percent"":100.00,""soh_percent"":19.31}"
1771484220073,2026-02-19T12:57:00,battery/data,battery,esp32_bms,6.384,20.6,0.206,1.314,99.99,19.31,447306,"{""uptime_ms"":447306,""bus_V"":6.384,""shunt_mV"":20.600,""current_A"":0.206,""power_W"":1.314,""soc_percent"":99.99,""soh_percent"":19.31}"
1771484220089,2026-02-19T12:57:00,battery/data,battery,esp32_bms,6.384,20.6,0.206,1.314,99.99,19.31,447306,"{""uptime_ms"":447306,""bus_V"":6.384,""shunt_mV"":20.600,""current_A"":0.206,""power_W"":1.314,""soc_percent"":99.99,""soh_percent"":19.31}"
1771484225056,2026-02-19T12:57:05,battery/data,battery,esp32_bms,6.412,20.41,0.204,1.308,99.99,19.31,452307,"{""uptime_ms"":452307,""bus_V"":6.412,""shunt_mV"":20.410,""current_A"":0.204,""power_W"":1.308,""soc_percent"":99.99,""soh_percent"":19.31}"
1771484225064,2026-02-19T12:57:05,battery/data,battery,esp32_bms,6.412,20.41,0.204,1.308,99.99,19.31,452307,"{""uptime_ms"":452307,""bus_V"":6.412,""shunt_mV"":20.410,""current_A"":0.204,""power_W"":1.308,""soc_percent"":99.99,""soh_percent"":19.31}"
1771484230115,2026-02-19T12:57:10,battery/data,battery,esp32_bms,6.44,20.28,0.203,1.304,99.98,19.31,457308,"{""uptime_ms"":457308,""bus_V"":6.440,""shunt_mV"":20.280,""current_A"":0.203,""power_W"":1.304,""soc_percent"":99.98,""soh_percent"":19.31}"
1771484230184,2026-02-19T12:57:10,battery/data,battery,esp32_bms,6.44,20.28,0.203,1.304,99.98,19.31,457308,"{""uptime_ms"":457308,""bus_V"":6.440,""shunt_mV"":20.280,""current_A"":0.203,""power_W"":1.304,""soc_percent"":99.98,""soh_percent"":19.31}"
1771484235081,2026-02-19T12:57:15,battery/data,battery,esp32_bms,6.464,20.15,0.202,1.304,99.97,19.31,462309,"{""uptime_ms"":462309,""bus_V"":6.464,""shunt_mV"":20.150,""current_A"":0.202,""power_W"":1.304,""soc_percent"":99.97,""soh_percent"":19.31}"
1771484235086,2026-02-19T12:57:15,battery/data,battery,esp32_bms,6.464,20.15,0.202,1.304,99.97,19.31,462309,"{""uptime_ms"":462309,""bus_V"":6.464,""shunt_mV"":20.150,""current_A"":0.202,""power_W"":1.304,""soc_percent"":99.97,""soh_percent"":19.31}"
1771484240094,2026-02-19T12:57:20,battery/data,battery,esp32_bms,6.488,20.08,0.2,1.3,99.97,19.31,467310,"{""uptime_ms"":467310,""bus_V"":6.488,""shunt_mV"":20.080,""current_A"":0.200,""power_W"":1.300,""soc_percent"":99.97,""soh_percent"":19.31}"
1771484240099,2026-02-19T12:57:20,battery/data,battery,esp32_bms,6.488,20.08,0.2,1.3,99.97,19.31,467310,"{""uptime_ms"":467310,""bus_V"":6.488,""shunt_mV"":20.080,""current_A"":0.200,""power_W"":1.300,""soc_percent"":99.97,""soh_percent"":19.31}"
1771484245038,2026-02-19T12:57:25,battery/data,battery,esp32_bms,6.508,19.99,0.2,1.3,99.96,19.31,472311,"{""uptime_ms"":472311,""bus_V"":6.508,""shunt_mV"":19.990,""current_A"":0.200,""power_W"":1.300,""soc_percent"":99.96,""soh_percent"":19.31}"
1771484245038,2026-02-19T12:57:25,battery/data,battery,esp32_bms,6.508,19.99,0.2,1.3,99.96,19.31,472311,"{""uptime_ms"":472311,""bus_V"":6.508,""shunt_mV"":19.990,""current_A"":0.200,""power_W"":1.300,""soc_percent"":99.96,""soh_percent"":19.31}"
1771484250053,2026-02-19T12:57:30,battery/data,battery,esp32_bms,6.532,19.86,0.199,1.298,99.95,19.31,477312,"{""uptime_ms"":477312,""bus_V"":6.532,""shunt_mV"":19.860,""current_A"":0.199,""power_W"":1.298,""soc_percent"":99.95,""soh_percent"":19.31}"
1771484250053,2026-02-19T12:57:30,battery/data,battery,esp32_bms,6.532,19.86,0.199,1.298,99.95,19.31,477312,"{""uptime_ms"":477312,""bus_V"":6.532,""shunt_mV"":19.860,""current_A"":0.199,""power_W"":1.298,""soc_percent"":99.95,""soh_percent"":19.31}"
1771484255060,2026-02-19T12:57:35,battery/data,battery,esp32_bms,6.556,19.79,0.198,1.298,99.95,19.31,482313,"{""uptime_ms"":482313,""bus_V"":6.556,""shunt_mV"":19.790,""current_A"":0.198,""power_W"":1.298,""soc_percent"":99.95,""soh_percent"":19.31}"
1771484255519,2026-02-19T12:57:35,battery/data,battery,esp32_bms,6.556,19.79,0.198,1.298,99.95,19.31,482313,"{""uptime_ms"":482313,""bus_V"":6.556,""shunt_mV"":19.790,""current_A"":0.198,""power_W"":1.298,""soc_percent"":99.95,""soh_percent"":19.31}"
1771484260100,2026-02-19T12:57:40,battery/data,battery,esp32_bms,6.58,19.69,0.197,1.294,99.94,19.31,487314,"{""uptime_ms"":487314,""bus_V"":6.580,""shunt_mV"":19.690,""current_A"":0.197,""power_W"":1.294,""soc_percent"":99.94,""soh_percent"":19.31}"
1771484260105,2026-02-19T12:57:40,battery/data,battery,esp32_bms,6.58,19.69,0.197,1.294,99.94,19.31,487314,"{""uptime_ms"":487314,""bus_V"":6.580,""shunt_mV"":19.690,""current_A"":0.197,""power_W"":1.294,""soc_percent"":99.94,""soh_percent"":19.31}"
1771484265100,2026-02-19T12:57:45,battery/data,battery,esp32_bms,6.608,19.61,0.196,1.294,99.93,19.31,492315,"{""uptime_ms"":492315,""bus_V"":6.608,""shunt_mV"":19.610,""current_A"":0.196,""power_W"":1.294,""soc_percent"":99.93,""soh_percent"":19.31}"
1771484265562,2026-02-19T12:57:45,battery/data,battery,esp32_bms,6.608,19.61,0.196,1.294,99.93,19.31,492315,"{""uptime_ms"":492315,""bus_V"":6.608,""shunt_mV"":19.610,""current_A"":0.196,""power_W"":1.294,""soc_percent"":99.93,""soh_percent"":19.31}"
1771484270122,2026-02-19T12:57:50,battery/data,battery,esp32_bms,6.632,19.49,0.195,1.292,99.93,19.31,497316,"{""uptime_ms"":497316,""bus_V"":6.632,""shunt_mV"":19.490,""current_A"":0.195,""power_W"":1.292,""soc_percent"":99.93,""soh_percent"":19.31}"
1771484270614,2026-02-19T12:57:50,battery/data,battery,esp32_bms,6.632,19.49,0.195,1.292,99.93,19.31,497316,"{""uptime_ms"":497316,""bus_V"":6.632,""shunt_mV"":19.490,""current_A"":0.195,""power_W"":1.292,""soc_percent"":99.93,""soh_percent"":19.31}"
1771484275058,2026-02-19T12:57:55,battery/data,battery,esp32_bms,6.652,19.41,0.194,1.294,99.92,19.31,502317,"{""uptime_ms"":502317,""bus_V"":6.652,""shunt_mV"":19.410,""current_A"":0.194,""power_W"":1.294,""soc_percent"":99.92,""soh_percent"":19.31}"
1771484275066,2026-02-19T12:57:55,battery/data,battery,esp32_bms,6.652,19.41,0.194,1.294,99.92,19.31,502317,"{""uptime_ms"":502317,""bus_V"":6.652,""shunt_mV"":19.410,""current_A"":0.194,""power_W"":1.294,""soc_percent"":99.92,""soh_percent"":19.31}"
1771484280066,2026-02-19T12:58:00,battery/data,battery,esp32_bms,6.676,19.36,0.193,1.292,99.91,19.31,507318,"{""uptime_ms"":507318,""bus_V"":6.676,""shunt_mV"":19.360,""current_A"":0.193,""power_W"":1.292,""soc_percent"":99.91,""soh_percent"":19.31}"
1771484280073,2026-02-19T12:58:00,battery/data,battery,esp32_bms,6.676,19.36,0.193,1.292,99.91,19.31,507318,"{""uptime_ms"":507318,""bus_V"":6.676,""shunt_mV"":19.360,""current_A"":0.193,""power_W"":1.292,""soc_percent"":99.91,""soh_percent"":19.31}"
1771484285081,2026-02-19T12:58:05,battery/data,battery,esp32_bms,6.692,19.26,0.192,1.292,99.91,19.31,512319,"{""uptime_ms"":512319,""bus_V"":6.692,""shunt_mV"":19.260,""current_A"":0.192,""power_W"":1.292,""soc_percent"":99.91,""soh_percent"":19.31}"
1771484285511,2026-02-19T12:58:05,battery/data,battery,esp32_bms,6.692,19.26,0.192,1.292,99.91,19.31,512319,"{""uptime_ms"":512319,""bus_V"":6.692,""shunt_mV"":19.260,""current_A"":0.192,""power_W"":1.292,""soc_percent"":99.91,""soh_percent"":19.31}"
1771484290180,2026-02-19T12:58:10,battery/data,battery,esp32_bms,6.72,19.19,0.192,1.292,99.9,19.31,517320,"{""uptime_ms"":517320,""bus_V"":6.720,""shunt_mV"":19.190,""current_A"":0.192,""power_W"":1.292,""soc_percent"":99.90,""soh_percent"":19.31}"
1771484290577,2026-02-19T12:58:10,battery/data,battery,esp32_bms,6.72,19.19,0.192,1.292,99.9,19.31,517320,"{""uptime_ms"":517320,""bus_V"":6.720,""shunt_mV"":19.190,""current_A"":0.192,""power_W"":1.292,""soc_percent"":99.90,""soh_percent"":19.31}"
1771484295274,2026-02-19T12:58:15,battery/data,battery,esp32_bms,6.744,19.1,0.191,1.288,99.9,19.31,522321,"{""uptime_ms"":522321,""bus_V"":6.744,""shunt_mV"":19.100,""current_A"":0.191,""power_W"":1.288,""soc_percent"":99.90,""soh_percent"":19.31}"
1771484295343,2026-02-19T12:58:15,battery/data,battery,esp32_bms,6.744,19.1,0.191,1.288,99.9,19.31,522321,"{""uptime_ms"":522321,""bus_V"":6.744,""shunt_mV"":19.100,""current_A"":0.191,""power_W"":1.288,""soc_percent"":99.90,""soh_percent"":19.31}"
1771484300111,2026-02-19T12:58:20,battery/data,battery,esp32_bms,6.764,19.02,0.19,1.288,99.89,19.31,527322,"{""uptime_ms"":527322,""bus_V"":6.764,""shunt_mV"":19.020,""current_A"":0.190,""power_W"":1.288,""soc_percent"":99.89,""soh_percent"":19.31}"
1771484300116,2026-02-19T12:58:20,battery/data,battery,esp32_bms,6.764,19.02,0.19,1.288,99.89,19.31,527322,"{""uptime_ms"":527322,""bus_V"":6.764,""shunt_mV"":19.020,""current_A"":0.190,""power_W"":1.288,""soc_percent"":99.89,""soh_percent"":19.31}"
1771484305073,2026-02-19T12:58:25,battery/data,battery,esp32_bms,6.784,18.94,0.189,1.288,99.88,19.31,532323,"{""uptime_ms"":532323,""bus_V"":6.784,""shunt_mV"":18.940,""current_A"":0.189,""power_W"":1.288,""soc_percent"":99.88,""soh_percent"":19.31}"
1771484305073,2026-02-19T12:58:25,battery/data,battery,esp32_bms,6.784,18.94,0.189,1.288,99.88,19.31,532323,"{""uptime_ms"":532323,""bus_V"":6.784,""shunt_mV"":18.940,""current_A"":0.189,""power_W"":1.288,""soc_percent"":99.88,""soh_percent"":19.31}"
1771484310068,2026-02-19T12:58:30,battery/data,battery,esp32_bms,6.808,18.86,0.189,1.284,99.88,19.31,537324,"{""uptime_ms"":537324,""bus_V"":6.808,""shunt_mV"":18.860,""current_A"":0.189,""power_W"":1.284,""soc_percent"":99.88,""soh_percent"":19.31}"
1771484310074,2026-02-19T12:58:30,battery/data,battery,esp32_bms,6.808,18.86,0.189,1.284,99.88,19.31,537324,"{""uptime_ms"":537324,""bus_V"":6.808,""shunt_mV"":18.860,""current_A"":0.189,""power_W"":1.284,""soc_percent"":99.88,""soh_percent"":19.31}"
1771484315071,2026-02-19T12:58:35,battery/data,battery,esp32_bms,6.828,18.79,0.188,1.282,99.87,19.31,542325,"{""uptime_ms"":542325,""bus_V"":6.828,""shunt_mV"":18.790,""current_A"":0.188,""power_W"":1.282,""soc_percent"":99.87,""soh_percent"":19.31}"
1771484315088,2026-02-19T12:58:35,battery/data,battery,esp32_bms,6.828,18.79,0.188,1.282,99.87,19.31,542325,"{""uptime_ms"":542325,""bus_V"":6.828,""shunt_mV"":18.790,""current_A"":0.188,""power_W"":1.282,""soc_percent"":99.87,""soh_percent"":19.31}"
1771484320078,2026-02-19T12:58:40,battery/data,battery,esp32_bms,6.852,18.71,0.187,1.282,99.86,19.31,547326,"{""uptime_ms"":547326,""bus_V"":6.852,""shunt_mV"":18.710,""current_A"":0.187,""power_W"":1.282,""soc_percent"":99.86,""soh_percent"":19.31}"
1771484320560,2026-02-19T12:58:40,battery/data,battery,esp32_bms,6.852,18.71,0.187,1.282,99.86,19.31,547326,"{""uptime_ms"":547326,""bus_V"":6.852,""shunt_mV"":18.710,""current_A"":0.187,""power_W"":1.282,""soc_percent"":99.86,""soh_percent"":19.31}"
1771484325092,2026-02-19T12:58:45,battery/data,battery,esp32_bms,6.872,18.63,0.186,1.282,99.86,19.31,552327,"{""uptime_ms"":552327,""bus_V"":6.872,""shunt_mV"":18.630,""current_A"":0.186,""power_W"":1.282,""soc_percent"":99.86,""soh_percent"":19.31}"
1771484325092,2026-02-19T12:58:45,battery/data,battery,esp32_bms,6.872,18.63,0.186,1.282,99.86,19.31,552327,"{""uptime_ms"":552327,""bus_V"":6.872,""shunt_mV"":18.630,""current_A"":0.186,""power_W"":1.282,""soc_percent"":99.86,""soh_percent"":19.31}"
1771484330078,2026-02-19T12:58:50,battery/data,battery,esp32_bms,6.896,18.57,0.186,1.282,99.85,19.31,557328,"{""uptime_ms"":557328,""bus_V"":6.896,""shunt_mV"":18.570,""current_A"":0.186,""power_W"":1.282,""soc_percent"":99.85,""soh_percent"":19.31}"
1771484330553,2026-02-19T12:58:50,battery/data,battery,esp32_bms,6.896,18.57,0.186,1.282,99.85,19.31,557328,"{""uptime_ms"":557328,""bus_V"":6.896,""shunt_mV"":18.570,""current_A"":0.186,""power_W"":1.282,""soc_percent"":99.85,""soh_percent"":19.31}"
1771484335072,2026-02-19T12:58:55,battery/data,battery,esp32_bms,6.92,18.48,0.185,1.278,99.85,19.31,562329,"{""uptime_ms"":562329,""bus_V"":6.920,""shunt_mV"":18.480,""current_A"":0.185,""power_W"":1.278,""soc_percent"":99.85,""soh_percent"":19.31}"
1771484335072,2026-02-19T12:58:55,battery/data,battery,esp32_bms,6.92,18.48,0.185,1.278,99.85,19.31,562329,"{""uptime_ms"":562329,""bus_V"":6.920,""shunt_mV"":18.480,""current_A"":0.185,""power_W"":1.278,""soc_percent"":99.85,""soh_percent"":19.31}"
1771484340083,2026-02-19T12:59:00,battery/data,battery,esp32_bms,6.936,18.4,0.184,1.278,99.84,19.31,567330,"{""uptime_ms"":567330,""bus_V"":6.936,""shunt_mV"":18.400,""current_A"":0.184,""power_W"":1.278,""soc_percent"":99.84,""soh_percent"":19.31}"
1771484340574,2026-02-19T12:59:00,battery/data,battery,esp32_bms,6.936,18.4,0.184,1.278,99.84,19.31,567330,"{""uptime_ms"":567330,""bus_V"":6.936,""shunt_mV"":18.400,""current_A"":0.184,""power_W"":1.278,""soc_percent"":99.84,""soh_percent"":19.31}"
1771484345081,2026-02-19T12:59:05,battery/data,battery,esp32_bms,6.96,18.32,0.184,1.278,99.83,19.31,572331,"{""uptime_ms"":572331,""bus_V"":6.960,""shunt_mV"":18.320,""current_A"":0.184,""power_W"":1.278,""soc_percent"":99.83,""soh_percent"":19.31}"
1771484345086,2026-02-19T12:59:05,battery/data,battery,esp32_bms,6.96,18.32,0.184,1.278,99.83,19.31,572331,"{""uptime_ms"":572331,""bus_V"":6.960,""shunt_mV"":18.320,""current_A"":0.184,""power_W"":1.278,""soc_percent"":99.83,""soh_percent"":19.31}"
1771484350123,2026-02-19T12:59:10,battery/data,battery,esp32_bms,6.98,18.27,0.183,1.274,99.83,19.31,577332,"{""uptime_ms"":577332,""bus_V"":6.980,""shunt_mV"":18.270,""current_A"":0.183,""power_W"":1.274,""soc_percent"":99.83,""soh_percent"":19.31}"
1771484351032,2026-02-19T12:59:11,battery/data,battery,esp32_bms,6.98,18.27,0.183,1.274,99.83,19.31,577332,"{""uptime_ms"":577332,""bus_V"":6.980,""shunt_mV"":18.270,""current_A"":0.183,""power_W"":1.274,""soc_percent"":99.83,""soh_percent"":19.31}"
1771484355103,2026-02-19T12:59:15,battery/data,battery,esp32_bms,7.004,18.19,0.182,1.274,99.82,19.31,582333,"{""uptime_ms"":582333,""bus_V"":7.004,""shunt_mV"":18.190,""current_A"":0.182,""power_W"":1.274,""soc_percent"":99.82,""soh_percent"":19.31}"
1771484355110,2026-02-19T12:59:15,battery/data,battery,esp32_bms,7.004,18.19,0.182,1.274,99.82,19.31,582333,"{""uptime_ms"":582333,""bus_V"":7.004,""shunt_mV"":18.190,""current_A"":0.182,""power_W"":1.274,""soc_percent"":99.82,""soh_percent"":19.31}"
1771484360123,2026-02-19T12:59:20,battery/data,battery,esp32_bms,7.024,18.14,0.181,1.274,99.82,19.31,587334,"{""uptime_ms"":587334,""bus_V"":7.024,""shunt_mV"":18.140,""current_A"":0.181,""power_W"":1.274,""soc_percent"":99.82,""soh_percent"":19.31}"
1771484360123,2026-02-19T12:59:20,battery/data,battery,esp32_bms,7.024,18.14,0.181,1.274,99.82,19.31,587334,"{""uptime_ms"":587334,""bus_V"":7.024,""shunt_mV"":18.140,""current_A"":0.181,""power_W"":1.274,""soc_percent"":99.82,""soh_percent"":19.31}"
1771484365093,2026-02-19T12:59:25,battery/data,battery,esp32_bms,7.044,18.07,0.181,1.272,99.81,19.31,592335,"{""uptime_ms"":592335,""bus_V"":7.044,""shunt_mV"":18.070,""current_A"":0.181,""power_W"":1.272,""soc_percent"":99.81,""soh_percent"":19.31}"
1771484365106,2026-02-19T12:59:25,battery/data,battery,esp32_bms,7.044,18.07,0.181,1.272,99.81,19.31,592335,"{""uptime_ms"":592335,""bus_V"":7.044,""shunt_mV"":18.070,""current_A"":0.181,""power_W"":1.272,""soc_percent"":99.81,""soh_percent"":19.31}"
1771484370086,2026-02-19T12:59:30,battery/data,battery,esp32_bms,7.064,17.99,0.18,1.272,99.8,19.31,597336,"{""uptime_ms"":597336,""bus_V"":7.064,""shunt_mV"":17.990,""current_A"":0.180,""power_W"":1.272,""soc_percent"":99.80,""soh_percent"":19.31}"
1771484370087,2026-02-19T12:59:30,battery/data,battery,esp32_bms,7.064,17.99,0.18,1.272,99.8,19.31,597336,"{""uptime_ms"":597336,""bus_V"":7.064,""shunt_mV"":17.990,""current_A"":0.180,""power_W"":1.272,""soc_percent"":99.80,""soh_percent"":19.31}"
1771484375082,2026-02-19T12:59:35,battery/data,battery,esp32_bms,7.084,17.91,0.179,1.268,99.8,19.31,602337,"{""uptime_ms"":602337,""bus_V"":7.084,""shunt_mV"":17.910,""current_A"":0.179,""power_W"":1.268,""soc_percent"":99.80,""soh_percent"":19.31}"
1771484375554,2026-02-19T12:59:35,battery/data,battery,esp32_bms,7.084,17.91,0.179,1.268,99.8,19.31,602337,"{""uptime_ms"":602337,""bus_V"":7.084,""shunt_mV"":17.910,""current_A"":0.179,""power_W"":1.268,""soc_percent"":99.80,""soh_percent"":19.31}"
1771484380119,2026-02-19T12:59:40,battery/data,battery,esp32_bms,7.104,17.85,0.179,1.268,99.79,19.31,607338,"{""uptime_ms"":607338,""bus_V"":7.104,""shunt_mV"":17.850,""current_A"":0.179,""power_W"":1.268,""soc_percent"":99.79,""soh_percent"":19.31}"
1771484380122,2026-02-19T12:59:40,battery/data,battery,esp32_bms,7.104,17.85,0.179,1.268,99.79,19.31,607338,"{""uptime_ms"":607338,""bus_V"":7.104,""shunt_mV"":17.850,""current_A"":0.179,""power_W"":1.268,""soc_percent"":99.79,""soh_percent"":19.31}"
1771484385108,2026-02-19T12:59:45,battery/data,battery,esp32_bms,7.124,17.78,0.178,1.264,99.79,19.31,612339,"{""uptime_ms"":612339,""bus_V"":7.124,""shunt_mV"":17.780,""current_A"":0.178,""power_W"":1.264,""soc_percent"":99.79,""soh_percent"":19.31}"
1771484385108,2026-02-19T12:59:45,battery/data,battery,esp32_bms,7.124,17.78,0.178,1.264,99.79,19.31,612339,"{""uptime_ms"":612339,""bus_V"":7.124,""shunt_mV"":17.780,""current_A"":0.178,""power_W"":1.264,""soc_percent"":99.79,""soh_percent"":19.31}"
1771484390142,2026-02-19T12:59:50,battery/data,battery,esp32_bms,7.144,17.71,0.177,1.264,99.78,19.31,617340,"{""uptime_ms"":617340,""bus_V"":7.144,""shunt_mV"":17.710,""current_A"":0.177,""power_W"":1.264,""soc_percent"":99.78,""soh_percent"":19.31}"
1771484390156,2026-02-19T12:59:50,battery/data,battery,esp32_bms,7.144,17.71,0.177,1.264,99.78,19.31,617340,"{""uptime_ms"":617340,""bus_V"":7.144,""shunt_mV"":17.710,""current_A"":0.177,""power_W"":1.264,""soc_percent"":99.78,""soh_percent"":19.31}"
1771484395066,2026-02-19T12:59:55,battery/data,battery,esp32_bms,7.164,17.66,0.177,1.268,99.77,19.31,622341,"{""uptime_ms"":622341,""bus_V"":7.164,""shunt_mV"":17.660,""current_A"":0.177,""power_W"":1.268,""soc_percent"":99.77,""soh_percent"":19.31}"
1771484395077,2026-02-19T12:59:55,battery/data,battery,esp32_bms,7.164,17.66,0.177,1.268,99.77,19.31,622341,"{""uptime_ms"":622341,""bus_V"":7.164,""shunt_mV"":17.660,""current_A"":0.177,""power_W"":1.268,""soc_percent"":99.77,""soh_percent"":19.31}"
1771484400094,2026-02-19T13:00:00,battery/data,battery,esp32_bms,7.184,17.6,0.176,1.264,99.77,19.31,627342,"{""uptime_ms"":627342,""bus_V"":7.184,""shunt_mV"":17.600,""current_A"":0.176,""power_W"":1.264,""soc_percent"":99.77,""soh_percent"":19.31}"
1771484400094,2026-02-19T13:00:00,battery/data,battery,esp32_bms,7.184,17.6,0.176,1.264,99.77,19.31,627342,"{""uptime_ms"":627342,""bus_V"":7.184,""shunt_mV"":17.600,""current_A"":0.176,""power_W"":1.264,""soc_percent"":99.77,""soh_percent"":19.31}"
1771484405087,2026-02-19T13:00:05,battery/data,battery,esp32_bms,7.2,17.51,0.175,1.262,99.76,19.31,632343,"{""uptime_ms"":632343,""bus_V"":7.200,""shunt_mV"":17.510,""current_A"":0.175,""power_W"":1.262,""soc_percent"":99.76,""soh_percent"":19.31}"
1771484406010,2026-02-19T13:00:06,battery/data,battery,esp32_bms,7.2,17.51,0.175,1.262,99.76,19.31,632343,"{""uptime_ms"":632343,""bus_V"":7.200,""shunt_mV"":17.510,""current_A"":0.175,""power_W"":1.262,""soc_percent"":99.76,""soh_percent"":19.31}"
1771484410129,2026-02-19T13:00:10,battery/data,battery,esp32_bms,7.224,17.45,0.175,1.262,99.76,19.31,637344,"{""uptime_ms"":637344,""bus_V"":7.224,""shunt_mV"":17.450,""current_A"":0.175,""power_W"":1.262,""soc_percent"":99.76,""soh_percent"":19.31}"
1771484410136,2026-02-19T13:00:10,battery/data,battery,esp32_bms,7.224,17.45,0.175,1.262,99.76,19.31,637344,"{""uptime_ms"":637344,""bus_V"":7.224,""shunt_mV"":17.450,""current_A"":0.175,""power_W"":1.262,""soc_percent"":99.76,""soh_percent"":19.31}"
1771484415126,2026-02-19T13:00:15,battery/data,battery,esp32_bms,7.24,17.37,0.174,1.258,99.75,19.31,642345,"{""uptime_ms"":642345,""bus_V"":7.240,""shunt_mV"":17.370,""current_A"":0.174,""power_W"":1.258,""soc_percent"":99.75,""soh_percent"":19.31}"
1771484415130,2026-02-19T13:00:15,battery/data,battery,esp32_bms,7.24,17.37,0.174,1.258,99.75,19.31,642345,"{""uptime_ms"":642345,""bus_V"":7.240,""shunt_mV"":17.370,""current_A"":0.174,""power_W"":1.258,""soc_percent"":99.75,""soh_percent"":19.31}"
1771484420130,2026-02-19T13:00:20,battery/data,battery,esp32_bms,7.264,17.34,0.173,1.258,99.75,19.31,647346,"{""uptime_ms"":647346,""bus_V"":7.264,""shunt_mV"":17.340,""current_A"":0.173,""power_W"":1.258,""soc_percent"":99.75,""soh_percent"":19.31}"
1771484420137,2026-02-19T13:00:20,battery/data,battery,esp32_bms,7.264,17.34,0.173,1.258,99.75,19.31,647346,"{""uptime_ms"":647346,""bus_V"":7.264,""shunt_mV"":17.340,""current_A"":0.173,""power_W"":1.258,""soc_percent"":99.75,""soh_percent"":19.31}"
1771484425087,2026-02-19T13:00:25,battery/data,battery,esp32_bms,7.288,17.28,0.172,1.256,99.74,19.31,652347,"{""uptime_ms"":652347,""bus_V"":7.288,""shunt_mV"":17.280,""current_A"":0.172,""power_W"":1.256,""soc_percent"":99.74,""soh_percent"":19.31}"
1771484425094,2026-02-19T13:00:25,battery/data,battery,esp32_bms,7.288,17.28,0.172,1.256,99.74,19.31,652347,"{""uptime_ms"":652347,""bus_V"":7.288,""shunt_mV"":17.280,""current_A"":0.172,""power_W"":1.256,""soc_percent"":99.74,""soh_percent"":19.31}"
1771484430079,2026-02-19T13:00:30,battery/data,battery,esp32_bms,7.3,17.21,0.172,1.256,99.73,19.31,657348,"{""uptime_ms"":657348,""bus_V"":7.300,""shunt_mV"":17.210,""current_A"":0.172,""power_W"":1.256,""soc_percent"":99.73,""soh_percent"":19.31}"
1771484430087,2026-02-19T13:00:30,battery/data,battery,esp32_bms,7.3,17.21,0.172,1.256,99.73,19.31,657348,"{""uptime_ms"":657348,""bus_V"":7.300,""shunt_mV"":17.210,""current_A"":0.172,""power_W"":1.256,""soc_percent"":99.73,""soh_percent"":19.31}"
1771484435121,2026-02-19T13:00:35,battery/data,battery,esp32_bms,7.32,17.16,0.171,1.256,99.73,19.31,662349,"{""uptime_ms"":662349,""bus_V"":7.320,""shunt_mV"":17.160,""current_A"":0.171,""power_W"":1.256,""soc_percent"":99.73,""soh_percent"":19.31}"
1771484435121,2026-02-19T13:00:35,battery/data,battery,esp32_bms,7.32,17.16,0.171,1.256,99.73,19.31,662349,"{""uptime_ms"":662349,""bus_V"":7.320,""shunt_mV"":17.160,""current_A"":0.171,""power_W"":1.256,""soc_percent"":99.73,""soh_percent"":19.31}"
1771484440109,2026-02-19T13:00:40,battery/data,battery,esp32_bms,7.34,17.06,0.171,1.256,99.72,19.31,667350,"{""uptime_ms"":667350,""bus_V"":7.340,""shunt_mV"":17.060,""current_A"":0.171,""power_W"":1.256,""soc_percent"":99.72,""soh_percent"":19.31}"
1771484440122,2026-02-19T13:00:40,battery/data,battery,esp32_bms,7.34,17.06,0.171,1.256,99.72,19.31,667350,"{""uptime_ms"":667350,""bus_V"":7.340,""shunt_mV"":17.060,""current_A"":0.171,""power_W"":1.256,""soc_percent"":99.72,""soh_percent"":19.31}"
1771484445115,2026-02-19T13:00:45,battery/data,battery,esp32_bms,7.356,17.02,0.17,1.252,99.72,19.31,672351,"{""uptime_ms"":672351,""bus_V"":7.356,""shunt_mV"":17.020,""current_A"":0.170,""power_W"":1.252,""soc_percent"":99.72,""soh_percent"":19.31}"
1771484445122,2026-02-19T13:00:45,battery/data,battery,esp32_bms,7.356,17.02,0.17,1.252,99.72,19.31,672351,"{""uptime_ms"":672351,""bus_V"":7.356,""shunt_mV"":17.020,""current_A"":0.170,""power_W"":1.252,""soc_percent"":99.72,""soh_percent"":19.31}"
1771484450129,2026-02-19T13:00:50,battery/data,battery,esp32_bms,7.376,16.97,0.17,1.252,99.71,19.31,677352,"{""uptime_ms"":677352,""bus_V"":7.376,""shunt_mV"":16.970,""current_A"":0.170,""power_W"":1.252,""soc_percent"":99.71,""soh_percent"":19.31}"
1771484450136,2026-02-19T13:00:50,battery/data,battery,esp32_bms,7.376,16.97,0.17,1.252,99.71,19.31,677352,"{""uptime_ms"":677352,""bus_V"":7.376,""shunt_mV"":16.970,""current_A"":0.170,""power_W"":1.252,""soc_percent"":99.71,""soh_percent"":19.31}"
1771484455115,2026-02-19T13:00:55,battery/data,battery,esp32_bms,7.396,16.88,0.169,1.248,99.71,19.31,682353,"{""uptime_ms"":682353,""bus_V"":7.396,""shunt_mV"":16.880,""current_A"":0.169,""power_W"":1.248,""soc_percent"":99.71,""soh_percent"":19.31}"
1771484460086,2026-02-19T13:01:00,battery/data,battery,esp32_bms,7.412,16.81,0.168,1.248,99.7,19.31,687354,"{""uptime_ms"":687354,""bus_V"":7.412,""shunt_mV"":16.810,""current_A"":0.168,""power_W"":1.248,""soc_percent"":99.70,""soh_percent"":19.31}"
1771484460570,2026-02-19T13:01:00,battery/data,battery,esp32_bms,7.412,16.81,0.168,1.248,99.7,19.31,687354,"{""uptime_ms"":687354,""bus_V"":7.412,""shunt_mV"":16.810,""current_A"":0.168,""power_W"":1.248,""soc_percent"":99.70,""soh_percent"":19.31}"
1771484465087,2026-02-19T13:01:05,battery/data,battery,esp32_bms,7.432,16.77,0.168,1.246,99.69,19.31,692355,"{""uptime_ms"":692355,""bus_V"":7.432,""shunt_mV"":16.770,""current_A"":0.168,""power_W"":1.246,""soc_percent"":99.69,""soh_percent"":19.31}"
1771484465569,2026-02-19T13:01:05,battery/data,battery,esp32_bms,7.432,16.77,0.168,1.246,99.69,19.31,692355,"{""uptime_ms"":692355,""bus_V"":7.432,""shunt_mV"":16.770,""current_A"":0.168,""power_W"":1.246,""soc_percent"":99.69,""soh_percent"":19.31}"
1771484470108,2026-02-19T13:01:10,battery/data,battery,esp32_bms,7.448,16.71,0.167,1.246,99.69,19.31,697356,"{""uptime_ms"":697356,""bus_V"":7.448,""shunt_mV"":16.710,""current_A"":0.167,""power_W"":1.246,""soc_percent"":99.69,""soh_percent"":19.31}"
1771484470108,2026-02-19T13:01:10,battery/data,battery,esp32_bms,7.448,16.71,0.167,1.246,99.69,19.31,697356,"{""uptime_ms"":697356,""bus_V"":7.448,""shunt_mV"":16.710,""current_A"":0.167,""power_W"":1.246,""soc_percent"":99.69,""soh_percent"":19.31}"
1771484475086,2026-02-19T13:01:15,battery/data,battery,esp32_bms,7.468,16.64,0.166,1.242,99.68,19.31,702357,"{""uptime_ms"":702357,""bus_V"":7.468,""shunt_mV"":16.640,""current_A"":0.166,""power_W"":1.242,""soc_percent"":99.68,""soh_percent"":19.31}"
1771484475086,2026-02-19T13:01:15,battery/data,battery,esp32_bms,7.468,16.64,0.166,1.242,99.68,19.31,702357,"{""uptime_ms"":702357,""bus_V"":7.468,""shunt_mV"":16.640,""current_A"":0.166,""power_W"":1.242,""soc_percent"":99.68,""soh_percent"":19.31}"
1771484480125,2026-02-19T13:01:20,battery/data,battery,esp32_bms,7.488,16.58,0.166,1.242,99.68,19.31,707358,"{""uptime_ms"":707358,""bus_V"":7.488,""shunt_mV"":16.580,""current_A"":0.166,""power_W"":1.242,""soc_percent"":99.68,""soh_percent"":19.31}"
1771484485149,2026-02-19T13:01:25,battery/data,battery,esp32_bms,7.508,16.52,0.166,1.238,99.67,19.31,712359,"{""uptime_ms"":712359,""bus_V"":7.508,""shunt_mV"":16.520,""current_A"":0.166,""power_W"":1.238,""soc_percent"":99.67,""soh_percent"":19.31}"
1771484485156,2026-02-19T13:01:25,battery/data,battery,esp32_bms,7.508,16.52,0.166,1.238,99.67,19.31,712359,"{""uptime_ms"":712359,""bus_V"":7.508,""shunt_mV"":16.520,""current_A"":0.166,""power_W"":1.238,""soc_percent"":99.67,""soh_percent"":19.31}"
1771484490098,2026-02-19T13:01:30,battery/data,battery,esp32_bms,7.528,16.46,0.164,1.238,99.67,19.31,717360,"{""uptime_ms"":717360,""bus_V"":7.528,""shunt_mV"":16.460,""current_A"":0.164,""power_W"":1.238,""soc_percent"":99.67,""soh_percent"":19.31}"
1771484490100,2026-02-19T13:01:30,battery/data,battery,esp32_bms,7.528,16.46,0.164,1.238,99.67,19.31,717360,"{""uptime_ms"":717360,""bus_V"":7.528,""shunt_mV"":16.460,""current_A"":0.164,""power_W"":1.238,""soc_percent"":99.67,""soh_percent"":19.31}"
1771484495101,2026-02-19T13:01:35,battery/data,battery,esp32_bms,7.544,16.39,0.164,1.238,99.66,19.31,722361,"{""uptime_ms"":722361,""bus_V"":7.544,""shunt_mV"":16.390,""current_A"":0.164,""power_W"":1.238,""soc_percent"":99.66,""soh_percent"":19.31}"
1771484496920,2026-02-19T13:01:36,battery/data,battery,esp32_bms,7.544,16.39,0.164,1.238,99.66,19.31,722361,"{""uptime_ms"":722361,""bus_V"":7.544,""shunt_mV"":16.390,""current_A"":0.164,""power_W"":1.238,""soc_percent"":99.66,""soh_percent"":19.31}"
1771484500115,2026-02-19T13:01:40,battery/data,battery,esp32_bms,7.56,16.35,0.163,1.236,99.66,19.31,727362,"{""uptime_ms"":727362,""bus_V"":7.560,""shunt_mV"":16.350,""current_A"":0.163,""power_W"":1.236,""soc_percent"":99.66,""soh_percent"":19.31}"
1771484500122,2026-02-19T13:01:40,battery/data,battery,esp32_bms,7.56,16.35,0.163,1.236,99.66,19.31,727362,"{""uptime_ms"":727362,""bus_V"":7.560,""shunt_mV"":16.350,""current_A"":0.163,""power_W"":1.236,""soc_percent"":99.66,""soh_percent"":19.31}"
1771484505122,2026-02-19T13:01:45,battery/data,battery,esp32_bms,7.58,16.3,0.163,1.236,99.65,19.31,732363,"{""uptime_ms"":732363,""bus_V"":7.580,""shunt_mV"":16.300,""current_A"":0.163,""power_W"":1.236,""soc_percent"":99.65,""soh_percent"":19.31}"
1771484510135,2026-02-19T13:01:50,battery/data,battery,esp32_bms,7.596,16.23,0.162,1.232,99.65,19.31,737364,"{""uptime_ms"":737364,""bus_V"":7.596,""shunt_mV"":16.230,""current_A"":0.162,""power_W"":1.232,""soc_percent"":99.65,""soh_percent"":19.31}"
1771484510144,2026-02-19T13:01:50,battery/data,battery,esp32_bms,7.596,16.23,0.162,1.232,99.65,19.31,737364,"{""uptime_ms"":737364,""bus_V"":7.596,""shunt_mV"":16.230,""current_A"":0.162,""power_W"":1.232,""soc_percent"":99.65,""soh_percent"":19.31}"
1771484515162,2026-02-19T13:01:55,battery/data,battery,esp32_bms,7.608,16.18,0.162,1.228,99.64,19.31,742365,"{""uptime_ms"":742365,""bus_V"":7.608,""shunt_mV"":16.180,""current_A"":0.162,""power_W"":1.228,""soc_percent"":99.64,""soh_percent"":19.31}"
1771484515162,2026-02-19T13:01:55,battery/data,battery,esp32_bms,7.608,16.18,0.162,1.228,99.64,19.31,742365,"{""uptime_ms"":742365,""bus_V"":7.608,""shunt_mV"":16.180,""current_A"":0.162,""power_W"":1.228,""soc_percent"":99.64,""soh_percent"":19.31}"
1771484520164,2026-02-19T13:02:00,battery/data,battery,esp32_bms,7.628,16.11,0.161,1.228,99.64,19.31,747366,"{""uptime_ms"":747366,""bus_V"":7.628,""shunt_mV"":16.110,""current_A"":0.161,""power_W"":1.228,""soc_percent"":99.64,""soh_percent"":19.31}"
1771484520596,2026-02-19T13:02:00,battery/data,battery,esp32_bms,7.628,16.11,0.161,1.228,99.64,19.31,747366,"{""uptime_ms"":747366,""bus_V"":7.628,""shunt_mV"":16.110,""current_A"":0.161,""power_W"":1.228,""soc_percent"":99.64,""soh_percent"":19.31}"
1771484525110,2026-02-19T13:02:05,battery/data,battery,esp32_bms,7.644,16.06,0.161,1.226,99.63,19.31,752367,"{""uptime_ms"":752367,""bus_V"":7.644,""shunt_mV"":16.060,""current_A"":0.161,""power_W"":1.226,""soc_percent"":99.63,""soh_percent"":19.31}"
1771484525110,2026-02-19T13:02:05,battery/data,battery,esp32_bms,7.644,16.06,0.161,1.226,99.63,19.31,752367,"{""uptime_ms"":752367,""bus_V"":7.644,""shunt_mV"":16.060,""current_A"":0.161,""power_W"":1.226,""soc_percent"":99.63,""soh_percent"":19.31}"
1771484530118,2026-02-19T13:02:10,battery/data,battery,esp32_bms,7.668,16.03,0.16,1.226,99.62,19.31,757368,"{""uptime_ms"":757368,""bus_V"":7.668,""shunt_mV"":16.030,""current_A"":0.160,""power_W"":1.226,""soc_percent"":99.62,""soh_percent"":19.31}"
1771484530127,2026-02-19T13:02:10,battery/data,battery,esp32_bms,7.668,16.03,0.16,1.226,99.62,19.31,757368,"{""uptime_ms"":757368,""bus_V"":7.668,""shunt_mV"":16.030,""current_A"":0.160,""power_W"":1.226,""soc_percent"":99.62,""soh_percent"":19.31}"
1771484535121,2026-02-19T13:02:15,battery/data,battery,esp32_bms,7.68,15.95,0.16,1.222,99.62,19.31,762369,"{""uptime_ms"":762369,""bus_V"":7.680,""shunt_mV"":15.950,""current_A"":0.160,""power_W"":1.222,""soc_percent"":99.62,""soh_percent"":19.31}"
1771484535562,2026-02-19T13:02:15,battery/data,battery,esp32_bms,7.68,15.95,0.16,1.222,99.62,19.31,762369,"{""uptime_ms"":762369,""bus_V"":7.680,""shunt_mV"":15.950,""current_A"":0.160,""power_W"":1.222,""soc_percent"":99.62,""soh_percent"":19.31}"
1771484540148,2026-02-19T13:02:20,battery/data,battery,esp32_bms,7.696,15.87,0.159,1.226,99.61,19.31,767370,"{""uptime_ms"":767370,""bus_V"":7.696,""shunt_mV"":15.870,""current_A"":0.159,""power_W"":1.226,""soc_percent"":99.61,""soh_percent"":19.31}"
1771484540156,2026-02-19T13:02:20,battery/data,battery,esp32_bms,7.696,15.87,0.159,1.226,99.61,19.31,767370,"{""uptime_ms"":767370,""bus_V"":7.696,""shunt_mV"":15.870,""current_A"":0.159,""power_W"":1.226,""soc_percent"":99.61,""soh_percent"":19.31}"
1771484545166,2026-02-19T13:02:25,battery/data,battery,esp32_bms,7.716,15.84,0.158,1.222,99.61,19.31,772371,"{""uptime_ms"":772371,""bus_V"":7.716,""shunt_mV"":15.840,""current_A"":0.158,""power_W"":1.222,""soc_percent"":99.61,""soh_percent"":19.31}"
1771484550115,2026-02-19T13:02:30,battery/data,battery,esp32_bms,7.732,15.79,0.158,1.222,99.6,19.31,777372,"{""uptime_ms"":777372,""bus_V"":7.732,""shunt_mV"":15.790,""current_A"":0.158,""power_W"":1.222,""soc_percent"":99.60,""soh_percent"":19.31}"
1771484550121,2026-02-19T13:02:30,battery/data,battery,esp32_bms,7.732,15.79,0.158,1.222,99.6,19.31,777372,"{""uptime_ms"":777372,""bus_V"":7.732,""shunt_mV"":15.790,""current_A"":0.158,""power_W"":1.222,""soc_percent"":99.60,""soh_percent"":19.31}"
1771484555162,2026-02-19T13:02:35,battery/data,battery,esp32_bms,7.748,15.73,0.157,1.218,99.6,19.31,782373,"{""uptime_ms"":782373,""bus_V"":7.748,""shunt_mV"":15.730,""current_A"":0.157,""power_W"":1.218,""soc_percent"":99.60,""soh_percent"":19.31}"
1771484555166,2026-02-19T13:02:35,battery/data,battery,esp32_bms,7.748,15.73,0.157,1.218,99.6,19.31,782373,"{""uptime_ms"":782373,""bus_V"":7.748,""shunt_mV"":15.730,""current_A"":0.157,""power_W"":1.218,""soc_percent"":99.60,""soh_percent"":19.31}"
1771484560126,2026-02-19T13:02:40,battery/data,battery,esp32_bms,7.764,15.67,0.157,1.216,99.59,19.31,787374,"{""uptime_ms"":787374,""bus_V"":7.764,""shunt_mV"":15.670,""current_A"":0.157,""power_W"":1.216,""soc_percent"":99.59,""soh_percent"":19.31}"
1771484560142,2026-02-19T13:02:40,battery/data,battery,esp32_bms,7.764,15.67,0.157,1.216,99.59,19.31,787374,"{""uptime_ms"":787374,""bus_V"":7.764,""shunt_mV"":15.670,""current_A"":0.157,""power_W"":1.216,""soc_percent"":99.59,""soh_percent"":19.31}"
1771484565123,2026-02-19T13:02:45,battery/data,battery,esp32_bms,7.784,15.58,0.156,1.216,99.59,19.31,792375,"{""uptime_ms"":792375,""bus_V"":7.784,""shunt_mV"":15.580,""current_A"":0.156,""power_W"":1.216,""soc_percent"":99.59,""soh_percent"":19.31}"
1771484565123,2026-02-19T13:02:45,battery/data,battery,esp32_bms,7.784,15.58,0.156,1.216,99.59,19.31,792375,"{""uptime_ms"":792375,""bus_V"":7.784,""shunt_mV"":15.580,""current_A"":0.156,""power_W"":1.216,""soc_percent"":99.59,""soh_percent"":19.31}"
1771484570148,2026-02-19T13:02:50,battery/data,battery,esp32_bms,7.796,15.57,0.156,1.212,99.58,19.31,797376,"{""uptime_ms"":797376,""bus_V"":7.796,""shunt_mV"":15.570,""current_A"":0.156,""power_W"":1.212,""soc_percent"":99.58,""soh_percent"":19.31}"
1771484570159,2026-02-19T13:02:50,battery/data,battery,esp32_bms,7.796,15.57,0.156,1.212,99.58,19.31,797376,"{""uptime_ms"":797376,""bus_V"":7.796,""shunt_mV"":15.570,""current_A"":0.156,""power_W"":1.212,""soc_percent"":99.58,""soh_percent"":19.31}"
1771484575150,2026-02-19T13:02:55,battery/data,battery,esp32_bms,7.816,15.51,0.155,1.212,99.58,19.31,802377,"{""uptime_ms"":802377,""bus_V"":7.816,""shunt_mV"":15.510,""current_A"":0.155,""power_W"":1.212,""soc_percent"":99.58,""soh_percent"":19.31}"
1771484575600,2026-02-19T13:02:55,battery/data,battery,esp32_bms,7.816,15.51,0.155,1.212,99.58,19.31,802377,"{""uptime_ms"":802377,""bus_V"":7.816,""shunt_mV"":15.510,""current_A"":0.155,""power_W"":1.212,""soc_percent"":99.58,""soh_percent"":19.31}"
1771484580132,2026-02-19T13:03:00,battery/data,battery,esp32_bms,7.832,15.46,0.154,1.21,99.57,19.31,807378,"{""uptime_ms"":807378,""bus_V"":7.832,""shunt_mV"":15.460,""current_A"":0.154,""power_W"":1.210,""soc_percent"":99.57,""soh_percent"":19.31}"
1771484580609,2026-02-19T13:03:00,battery/data,battery,esp32_bms,7.832,15.46,0.154,1.21,99.57,19.31,807378,"{""uptime_ms"":807378,""bus_V"":7.832,""shunt_mV"":15.460,""current_A"":0.154,""power_W"":1.210,""soc_percent"":99.57,""soh_percent"":19.31}"
1771484585108,2026-02-19T13:03:05,battery/data,battery,esp32_bms,7.848,15.4,0.154,1.21,99.57,19.31,812379,"{""uptime_ms"":812379,""bus_V"":7.848,""shunt_mV"":15.400,""current_A"":0.154,""power_W"":1.210,""soc_percent"":99.57,""soh_percent"":19.31}"
1771484585116,2026-02-19T13:03:05,battery/data,battery,esp32_bms,7.848,15.4,0.154,1.21,99.57,19.31,812379,"{""uptime_ms"":812379,""bus_V"":7.848,""shunt_mV"":15.400,""current_A"":0.154,""power_W"":1.210,""soc_percent"":99.57,""soh_percent"":19.31}"
1771484590130,2026-02-19T13:03:10,battery/data,battery,esp32_bms,7.864,15.35,0.154,1.206,99.56,19.31,817380,"{""uptime_ms"":817380,""bus_V"":7.864,""shunt_mV"":15.350,""current_A"":0.154,""power_W"":1.206,""soc_percent"":99.56,""soh_percent"":19.31}"
1771484590598,2026-02-19T13:03:10,battery/data,battery,esp32_bms,7.864,15.35,0.154,1.206,99.56,19.31,817380,"{""uptime_ms"":817380,""bus_V"":7.864,""shunt_mV"":15.350,""current_A"":0.154,""power_W"":1.206,""soc_percent"":99.56,""soh_percent"":19.31}"
1771484595123,2026-02-19T13:03:15,battery/data,battery,esp32_bms,7.88,15.28,0.153,1.206,99.56,19.31,822381,"{""uptime_ms"":822381,""bus_V"":7.880,""shunt_mV"":15.280,""current_A"":0.153,""power_W"":1.206,""soc_percent"":99.56,""soh_percent"":19.31}"
1771484595131,2026-02-19T13:03:15,battery/data,battery,esp32_bms,7.88,15.28,0.153,1.206,99.56,19.31,822381,"{""uptime_ms"":822381,""bus_V"":7.880,""shunt_mV"":15.280,""current_A"":0.153,""power_W"":1.206,""soc_percent"":99.56,""soh_percent"":19.31}"
1771484600180,2026-02-19T13:03:20,battery/data,battery,esp32_bms,7.896,15.24,0.152,1.202,99.55,19.31,827382,"{""uptime_ms"":827382,""bus_V"":7.896,""shunt_mV"":15.240,""current_A"":0.152,""power_W"":1.202,""soc_percent"":99.55,""soh_percent"":19.31}"
1771484600188,2026-02-19T13:03:20,battery/data,battery,esp32_bms,7.896,15.24,0.152,1.202,99.55,19.31,827382,"{""uptime_ms"":827382,""bus_V"":7.896,""shunt_mV"":15.240,""current_A"":0.152,""power_W"":1.202,""soc_percent"":99.55,""soh_percent"":19.31}"
1771484605148,2026-02-19T13:03:25,battery/data,battery,esp32_bms,7.908,15.18,0.152,1.202,99.55,19.31,832383,"{""uptime_ms"":832383,""bus_V"":7.908,""shunt_mV"":15.180,""current_A"":0.152,""power_W"":1.202,""soc_percent"":99.55,""soh_percent"":19.31}"
1771484605163,2026-02-19T13:03:25,battery/data,battery,esp32_bms,7.908,15.18,0.152,1.202,99.55,19.31,832383,"{""uptime_ms"":832383,""bus_V"":7.908,""shunt_mV"":15.180,""current_A"":0.152,""power_W"":1.202,""soc_percent"":99.55,""soh_percent"":19.31}"
1771484610176,2026-02-19T13:03:30,battery/data,battery,esp32_bms,7.928,15.11,0.151,1.2,99.54,19.31,837384,"{""uptime_ms"":837384,""bus_V"":7.928,""shunt_mV"":15.110,""current_A"":0.151,""power_W"":1.200,""soc_percent"":99.54,""soh_percent"":19.31}"
1771484610176,2026-02-19T13:03:30,battery/data,battery,esp32_bms,7.928,15.11,0.151,1.2,99.54,19.31,837384,"{""uptime_ms"":837384,""bus_V"":7.928,""shunt_mV"":15.110,""current_A"":0.151,""power_W"":1.200,""soc_percent"":99.54,""soh_percent"":19.31}"
1771484615115,2026-02-19T13:03:35,battery/data,battery,esp32_bms,7.944,15.11,0.151,1.2,99.54,19.31,842385,"{""uptime_ms"":842385,""bus_V"":7.944,""shunt_mV"":15.110,""current_A"":0.151,""power_W"":1.200,""soc_percent"":99.54,""soh_percent"":19.31}"
1771484615122,2026-02-19T13:03:35,battery/data,battery,esp32_bms,7.944,15.11,0.151,1.2,99.54,19.31,842385,"{""uptime_ms"":842385,""bus_V"":7.944,""shunt_mV"":15.110,""current_A"":0.151,""power_W"":1.200,""soc_percent"":99.54,""soh_percent"":19.31}"
1771484620125,2026-02-19T13:03:40,battery/data,battery,esp32_bms,7.96,15.05,0.15,1.2,99.53,19.31,847386,"{""uptime_ms"":847386,""bus_V"":7.960,""shunt_mV"":15.050,""current_A"":0.150,""power_W"":1.200,""soc_percent"":99.53,""soh_percent"":19.31}"
1771484620149,2026-02-19T13:03:40,battery/data,battery,esp32_bms,7.96,15.05,0.15,1.2,99.53,19.31,847386,"{""uptime_ms"":847386,""bus_V"":7.960,""shunt_mV"":15.050,""current_A"":0.150,""power_W"":1.200,""soc_percent"":99.53,""soh_percent"":19.31}"
1771484625122,2026-02-19T13:03:45,battery/data,battery,esp32_bms,7.972,15.0,0.15,1.192,99.53,19.31,852387,"{""uptime_ms"":852387,""bus_V"":7.972,""shunt_mV"":15.000,""current_A"":0.150,""power_W"":1.192,""soc_percent"":99.53,""soh_percent"":19.31}"
1771484625128,2026-02-19T13:03:45,battery/data,battery,esp32_bms,7.972,15.0,0.15,1.192,99.53,19.31,852387,"{""uptime_ms"":852387,""bus_V"":7.972,""shunt_mV"":15.000,""current_A"":0.150,""power_W"":1.192,""soc_percent"":99.53,""soh_percent"":19.31}"
1771484630148,2026-02-19T13:03:50,battery/data,battery,esp32_bms,7.988,14.93,0.149,1.19,99.52,19.31,857388,"{""uptime_ms"":857388,""bus_V"":7.988,""shunt_mV"":14.930,""current_A"":0.149,""power_W"":1.190,""soc_percent"":99.52,""soh_percent"":19.31}"
1771484630149,2026-02-19T13:03:50,battery/data,battery,esp32_bms,7.988,14.93,0.149,1.19,99.52,19.31,857388,"{""uptime_ms"":857388,""bus_V"":7.988,""shunt_mV"":14.930,""current_A"":0.149,""power_W"":1.190,""soc_percent"":99.52,""soh_percent"":19.31}"
1771484635149,2026-02-19T13:03:55,battery/data,battery,esp32_bms,8.004,14.88,0.149,1.192,99.52,19.31,862389,"{""uptime_ms"":862389,""bus_V"":8.004,""shunt_mV"":14.880,""current_A"":0.149,""power_W"":1.192,""soc_percent"":99.52,""soh_percent"":19.31}"
1771484635162,2026-02-19T13:03:55,battery/data,battery,esp32_bms,8.004,14.88,0.149,1.192,99.52,19.31,862389,"{""uptime_ms"":862389,""bus_V"":8.004,""shunt_mV"":14.880,""current_A"":0.149,""power_W"":1.192,""soc_percent"":99.52,""soh_percent"":19.31}"
1771484640183,2026-02-19T13:04:00,battery/data,battery,esp32_bms,8.02,14.84,0.148,1.19,99.51,19.31,867390,"{""uptime_ms"":867390,""bus_V"":8.020,""shunt_mV"":14.840,""current_A"":0.148,""power_W"":1.190,""soc_percent"":99.51,""soh_percent"":19.31}"
1771484640191,2026-02-19T13:04:00,battery/data,battery,esp32_bms,8.02,14.84,0.148,1.19,99.51,19.31,867390,"{""uptime_ms"":867390,""bus_V"":8.020,""shunt_mV"":14.840,""current_A"":0.148,""power_W"":1.190,""soc_percent"":99.51,""soh_percent"":19.31}"
1771484645130,2026-02-19T13:04:05,battery/data,battery,esp32_bms,8.036,14.78,0.148,1.19,99.51,19.31,872391,"{""uptime_ms"":872391,""bus_V"":8.036,""shunt_mV"":14.780,""current_A"":0.148,""power_W"":1.190,""soc_percent"":99.51,""soh_percent"":19.31}"
1771484645137,2026-02-19T13:04:05,battery/data,battery,esp32_bms,8.036,14.78,0.148,1.19,99.51,19.31,872391,"{""uptime_ms"":872391,""bus_V"":8.036,""shunt_mV"":14.780,""current_A"":0.148,""power_W"":1.190,""soc_percent"":99.51,""soh_percent"":19.31}"
1771484650136,2026-02-19T13:04:10,battery/data,battery,esp32_bms,8.052,14.72,0.147,1.186,99.5,19.31,877392,"{""uptime_ms"":877392,""bus_V"":8.052,""shunt_mV"":14.720,""current_A"":0.147,""power_W"":1.186,""soc_percent"":99.50,""soh_percent"":19.31}"
1771484650136,2026-02-19T13:04:10,battery/data,battery,esp32_bms,8.052,14.72,0.147,1.186,99.5,19.31,877392,"{""uptime_ms"":877392,""bus_V"":8.052,""shunt_mV"":14.720,""current_A"":0.147,""power_W"":1.186,""soc_percent"":99.50,""soh_percent"":19.31}"
1771484655128,2026-02-19T13:04:15,battery/data,battery,esp32_bms,8.068,14.69,0.147,1.182,99.5,19.31,882393,"{""uptime_ms"":882393,""bus_V"":8.068,""shunt_mV"":14.690,""current_A"":0.147,""power_W"":1.182,""soc_percent"":99.50,""soh_percent"":19.31}"
1771484660169,2026-02-19T13:04:20,battery/data,battery,esp32_bms,8.08,14.63,0.147,1.182,99.49,19.31,887394,"{""uptime_ms"":887394,""bus_V"":8.080,""shunt_mV"":14.630,""current_A"":0.147,""power_W"":1.182,""soc_percent"":99.49,""soh_percent"":19.31}"
1771484660172,2026-02-19T13:04:20,battery/data,battery,esp32_bms,8.08,14.63,0.147,1.182,99.49,19.31,887394,"{""uptime_ms"":887394,""bus_V"":8.080,""shunt_mV"":14.630,""current_A"":0.147,""power_W"":1.182,""soc_percent"":99.49,""soh_percent"":19.31}"
1771484665140,2026-02-19T13:04:25,battery/data,battery,esp32_bms,8.096,14.57,0.146,1.18,99.49,19.31,892395,"{""uptime_ms"":892395,""bus_V"":8.096,""shunt_mV"":14.570,""current_A"":0.146,""power_W"":1.180,""soc_percent"":99.49,""soh_percent"":19.31}"
1771484665140,2026-02-19T13:04:25,battery/data,battery,esp32_bms,8.096,14.57,0.146,1.18,99.49,19.31,892395,"{""uptime_ms"":892395,""bus_V"":8.096,""shunt_mV"":14.570,""current_A"":0.146,""power_W"":1.180,""soc_percent"":99.49,""soh_percent"":19.31}"
1771484670170,2026-02-19T13:04:30,battery/data,battery,esp32_bms,8.112,14.53,0.145,1.176,99.48,19.31,897396,"{""uptime_ms"":897396,""bus_V"":8.112,""shunt_mV"":14.530,""current_A"":0.145,""power_W"":1.176,""soc_percent"":99.48,""soh_percent"":19.31}"
1771484670183,2026-02-19T13:04:30,battery/data,battery,esp32_bms,8.112,14.53,0.145,1.176,99.48,19.31,897396,"{""uptime_ms"":897396,""bus_V"":8.112,""shunt_mV"":14.530,""current_A"":0.145,""power_W"":1.176,""soc_percent"":99.48,""soh_percent"":19.31}"
1771484675135,2026-02-19T13:04:35,battery/data,battery,esp32_bms,8.128,14.49,0.145,1.176,99.48,19.31,902397,"{""uptime_ms"":902397,""bus_V"":8.128,""shunt_mV"":14.490,""current_A"":0.145,""power_W"":1.176,""soc_percent"":99.48,""soh_percent"":19.31}"
1771484675607,2026-02-19T13:04:35,battery/data,battery,esp32_bms,8.128,14.49,0.145,1.176,99.48,19.31,902397,"{""uptime_ms"":902397,""bus_V"":8.128,""shunt_mV"":14.490,""current_A"":0.145,""power_W"":1.176,""soc_percent"":99.48,""soh_percent"":19.31}"
1771484680135,2026-02-19T13:04:40,battery/data,battery,esp32_bms,8.14,14.43,0.144,1.176,99.47,19.31,907398,"{""uptime_ms"":907398,""bus_V"":8.140,""shunt_mV"":14.430,""current_A"":0.144,""power_W"":1.176,""soc_percent"":99.47,""soh_percent"":19.31}"
1771484680141,2026-02-19T13:04:40,battery/data,battery,esp32_bms,8.14,14.43,0.144,1.176,99.47,19.31,907398,"{""uptime_ms"":907398,""bus_V"":8.140,""shunt_mV"":14.430,""current_A"":0.144,""power_W"":1.176,""soc_percent"":99.47,""soh_percent"":19.31}"
1771484685137,2026-02-19T13:04:45,battery/data,battery,esp32_bms,8.156,14.41,0.144,1.174,99.47,19.31,912399,"{""uptime_ms"":912399,""bus_V"":8.156,""shunt_mV"":14.410,""current_A"":0.144,""power_W"":1.174,""soc_percent"":99.47,""soh_percent"":19.31}"
1771484685137,2026-02-19T13:04:45,battery/data,battery,esp32_bms,8.156,14.41,0.144,1.174,99.47,19.31,912399,"{""uptime_ms"":912399,""bus_V"":8.156,""shunt_mV"":14.410,""current_A"":0.144,""power_W"":1.174,""soc_percent"":99.47,""soh_percent"":19.31}"
1771484690176,2026-02-19T13:04:50,battery/data,battery,esp32_bms,8.172,14.34,0.144,1.174,99.46,19.31,917400,"{""uptime_ms"":917400,""bus_V"":8.172,""shunt_mV"":14.340,""current_A"":0.144,""power_W"":1.174,""soc_percent"":99.46,""soh_percent"":19.31}"
1771484695179,2026-02-19T13:04:55,battery/data,battery,esp32_bms,8.184,14.31,0.143,1.17,99.46,19.31,922401,"{""uptime_ms"":922401,""bus_V"":8.184,""shunt_mV"":14.310,""current_A"":0.143,""power_W"":1.170,""soc_percent"":99.46,""soh_percent"":19.31}"
1771484695185,2026-02-19T13:04:55,battery/data,battery,esp32_bms,8.184,14.31,0.143,1.17,99.46,19.31,922401,"{""uptime_ms"":922401,""bus_V"":8.184,""shunt_mV"":14.310,""current_A"":0.143,""power_W"":1.170,""soc_percent"":99.46,""soh_percent"":19.31}"
1771484700186,2026-02-19T13:05:00,battery/data,battery,esp32_bms,8.2,14.25,0.143,1.166,99.45,19.31,927402,"{""uptime_ms"":927402,""bus_V"":8.200,""shunt_mV"":14.250,""current_A"":0.143,""power_W"":1.166,""soc_percent"":99.45,""soh_percent"":19.31}"
1771484700186,2026-02-19T13:05:00,battery/data,battery,esp32_bms,8.2,14.25,0.143,1.166,99.45,19.31,927402,"{""uptime_ms"":927402,""bus_V"":8.200,""shunt_mV"":14.250,""current_A"":0.143,""power_W"":1.166,""soc_percent"":99.45,""soh_percent"":19.31}"
1771484705142,2026-02-19T13:05:05,battery/data,battery,esp32_bms,8.212,14.18,0.142,1.17,99.45,19.31,932403,"{""uptime_ms"":932403,""bus_V"":8.212,""shunt_mV"":14.180,""current_A"":0.142,""power_W"":1.170,""soc_percent"":99.45,""soh_percent"":19.31}"
1771484705617,2026-02-19T13:05:05,battery/data,battery,esp32_bms,8.212,14.18,0.142,1.17,99.45,19.31,932403,"{""uptime_ms"":932403,""bus_V"":8.212,""shunt_mV"":14.180,""current_A"":0.142,""power_W"":1.170,""soc_percent"":99.45,""soh_percent"":19.31}"
1771484710142,2026-02-19T13:05:10,battery/data,battery,esp32_bms,8.228,14.14,0.142,1.166,99.45,19.31,937404,"{""uptime_ms"":937404,""bus_V"":8.228,""shunt_mV"":14.140,""current_A"":0.142,""power_W"":1.166,""soc_percent"":99.45,""soh_percent"":19.31}"
1771484710156,2026-02-19T13:05:10,battery/data,battery,esp32_bms,8.228,14.14,0.142,1.166,99.45,19.31,937404,"{""uptime_ms"":937404,""bus_V"":8.228,""shunt_mV"":14.140,""current_A"":0.142,""power_W"":1.166,""soc_percent"":99.45,""soh_percent"":19.31}"
1771484715141,2026-02-19T13:05:15,battery/data,battery,esp32_bms,8.244,14.11,0.141,1.16,99.44,19.31,942405,"{""uptime_ms"":942405,""bus_V"":8.244,""shunt_mV"":14.110,""current_A"":0.141,""power_W"":1.160,""soc_percent"":99.44,""soh_percent"":19.31}"
1771484715145,2026-02-19T13:05:15,battery/data,battery,esp32_bms,8.244,14.11,0.141,1.16,99.44,19.31,942405,"{""uptime_ms"":942405,""bus_V"":8.244,""shunt_mV"":14.110,""current_A"":0.141,""power_W"":1.160,""soc_percent"":99.44,""soh_percent"":19.31}"
1771484720158,2026-02-19T13:05:20,battery/data,battery,esp32_bms,8.256,14.07,0.141,1.16,99.44,19.31,947406,"{""uptime_ms"":947406,""bus_V"":8.256,""shunt_mV"":14.070,""current_A"":0.141,""power_W"":1.160,""soc_percent"":99.44,""soh_percent"":19.31}"
1771484720618,2026-02-19T13:05:20,battery/data,battery,esp32_bms,8.256,14.07,0.141,1.16,99.44,19.31,947406,"{""uptime_ms"":947406,""bus_V"":8.256,""shunt_mV"":14.070,""current_A"":0.141,""power_W"":1.160,""soc_percent"":99.44,""soh_percent"":19.31}"
1771484725183,2026-02-19T13:05:25,battery/data,battery,esp32_bms,8.268,14.02,0.14,1.156,99.43,19.31,952407,"{""uptime_ms"":952407,""bus_V"":8.268,""shunt_mV"":14.020,""current_A"":0.140,""power_W"":1.156,""soc_percent"":99.43,""soh_percent"":19.31}"
1771484725188,2026-02-19T13:05:25,battery/data,battery,esp32_bms,8.268,14.02,0.14,1.156,99.43,19.31,952407,"{""uptime_ms"":952407,""bus_V"":8.268,""shunt_mV"":14.020,""current_A"":0.140,""power_W"":1.156,""soc_percent"":99.43,""soh_percent"":19.31}"
1771484730197,2026-02-19T13:05:30,battery/data,battery,esp32_bms,8.284,13.97,0.14,1.156,99.43,19.31,957408,"{""uptime_ms"":957408,""bus_V"":8.284,""shunt_mV"":13.970,""current_A"":0.140,""power_W"":1.156,""soc_percent"":99.43,""soh_percent"":19.31}"
1771484730197,2026-02-19T13:05:30,battery/data,battery,esp32_bms,8.284,13.97,0.14,1.156,99.43,19.31,957408,"{""uptime_ms"":957408,""bus_V"":8.284,""shunt_mV"":13.970,""current_A"":0.140,""power_W"":1.156,""soc_percent"":99.43,""soh_percent"":19.31}"
1771484735149,2026-02-19T13:05:35,battery/data,battery,esp32_bms,8.296,13.95,0.14,1.156,99.42,19.31,962409,"{""uptime_ms"":962409,""bus_V"":8.296,""shunt_mV"":13.950,""current_A"":0.140,""power_W"":1.156,""soc_percent"":99.42,""soh_percent"":19.31}"
1771484735156,2026-02-19T13:05:35,battery/data,battery,esp32_bms,8.296,13.95,0.14,1.156,99.42,19.31,962409,"{""uptime_ms"":962409,""bus_V"":8.296,""shunt_mV"":13.950,""current_A"":0.140,""power_W"":1.156,""soc_percent"":99.42,""soh_percent"":19.31}"
1771484740128,2026-02-19T13:05:40,battery/data,battery,esp32_bms,8.312,13.9,0.139,1.154,99.42,19.31,967410,"{""uptime_ms"":967410,""bus_V"":8.312,""shunt_mV"":13.900,""current_A"":0.139,""power_W"":1.154,""soc_percent"":99.42,""soh_percent"":19.31}"
1771484740144,2026-02-19T13:05:40,battery/data,battery,esp32_bms,8.312,13.9,0.139,1.154,99.42,19.31,967410,"{""uptime_ms"":967410,""bus_V"":8.312,""shunt_mV"":13.900,""current_A"":0.139,""power_W"":1.154,""soc_percent"":99.42,""soh_percent"":19.31}"
1771484745176,2026-02-19T13:05:45,battery/data,battery,esp32_bms,8.328,13.83,0.138,1.15,99.41,19.31,972411,"{""uptime_ms"":972411,""bus_V"":8.328,""shunt_mV"":13.830,""current_A"":0.138,""power_W"":1.150,""soc_percent"":99.41,""soh_percent"":19.31}"
1771484745186,2026-02-19T13:05:45,battery/data,battery,esp32_bms,8.328,13.83,0.138,1.15,99.41,19.31,972411,"{""uptime_ms"":972411,""bus_V"":8.328,""shunt_mV"":13.830,""current_A"":0.138,""power_W"":1.150,""soc_percent"":99.41,""soh_percent"":19.31}"
1771484750169,2026-02-19T13:05:50,battery/data,battery,esp32_bms,8.34,13.8,0.138,1.15,99.41,19.31,977412,"{""uptime_ms"":977412,""bus_V"":8.340,""shunt_mV"":13.800,""current_A"":0.138,""power_W"":1.150,""soc_percent"":99.41,""soh_percent"":19.31}"
1771484750179,2026-02-19T13:05:50,battery/data,battery,esp32_bms,8.34,13.8,0.138,1.15,99.41,19.31,977412,"{""uptime_ms"":977412,""bus_V"":8.340,""shunt_mV"":13.800,""current_A"":0.138,""power_W"":1.150,""soc_percent"":99.41,""soh_percent"":19.31}"
1771484755142,2026-02-19T13:05:55,battery/data,battery,esp32_bms,8.356,13.75,0.137,1.146,99.4,19.31,982413,"{""uptime_ms"":982413,""bus_V"":8.356,""shunt_mV"":13.750,""current_A"":0.137,""power_W"":1.146,""soc_percent"":99.40,""soh_percent"":19.31}"
1771484755157,2026-02-19T13:05:55,battery/data,battery,esp32_bms,8.356,13.75,0.137,1.146,99.4,19.31,982413,"{""uptime_ms"":982413,""bus_V"":8.356,""shunt_mV"":13.750,""current_A"":0.137,""power_W"":1.146,""soc_percent"":99.40,""soh_percent"":19.31}"
1771484760197,2026-02-19T13:06:00,battery/data,battery,esp32_bms,8.368,13.7,0.137,1.146,99.4,19.31,987414,"{""uptime_ms"":987414,""bus_V"":8.368,""shunt_mV"":13.700,""current_A"":0.137,""power_W"":1.146,""soc_percent"":99.40,""soh_percent"":19.31}"
1771484760214,2026-02-19T13:06:00,battery/data,battery,esp32_bms,8.368,13.7,0.137,1.146,99.4,19.31,987414,"{""uptime_ms"":987414,""bus_V"":8.368,""shunt_mV"":13.700,""current_A"":0.137,""power_W"":1.146,""soc_percent"":99.40,""soh_percent"":19.31}"
1771484765185,2026-02-19T13:06:05,battery/data,battery,esp32_bms,8.38,13.65,0.137,1.144,99.39,19.31,992415,"{""uptime_ms"":992415,""bus_V"":8.380,""shunt_mV"":13.650,""current_A"":0.137,""power_W"":1.144,""soc_percent"":99.39,""soh_percent"":19.31}"
1771484765660,2026-02-19T13:06:05,battery/data,battery,esp32_bms,8.38,13.65,0.137,1.144,99.39,19.31,992415,"{""uptime_ms"":992415,""bus_V"":8.380,""shunt_mV"":13.650,""current_A"":0.137,""power_W"":1.144,""soc_percent"":99.39,""soh_percent"":19.31}"
1771484770161,2026-02-19T13:06:10,battery/data,battery,esp32_bms,8.392,13.63,0.137,1.144,99.39,19.31,997416,"{""uptime_ms"":997416,""bus_V"":8.392,""shunt_mV"":13.630,""current_A"":0.137,""power_W"":1.144,""soc_percent"":99.39,""soh_percent"":19.31}"
1771484770174,2026-02-19T13:06:10,battery/data,battery,esp32_bms,8.392,13.63,0.137,1.144,99.39,19.31,997416,"{""uptime_ms"":997416,""bus_V"":8.392,""shunt_mV"":13.630,""current_A"":0.137,""power_W"":1.144,""soc_percent"":99.39,""soh_percent"":19.31}"
1771484775162,2026-02-19T13:06:15,battery/data,battery,esp32_bms,8.408,13.56,0.136,1.14,99.39,19.31,1002417,"{""uptime_ms"":1002417,""bus_V"":8.408,""shunt_mV"":13.560,""current_A"":0.136,""power_W"":1.140,""soc_percent"":99.39,""soh_percent"":19.31}"
1771484775168,2026-02-19T13:06:15,battery/data,battery,esp32_bms,8.408,13.56,0.136,1.14,99.39,19.31,1002417,"{""uptime_ms"":1002417,""bus_V"":8.408,""shunt_mV"":13.560,""current_A"":0.136,""power_W"":1.140,""soc_percent"":99.39,""soh_percent"":19.31}"
1771484780158,2026-02-19T13:06:20,battery/data,battery,esp32_bms,8.42,13.54,0.135,1.14,99.38,19.31,1007418,"{""uptime_ms"":1007418,""bus_V"":8.420,""shunt_mV"":13.540,""current_A"":0.135,""power_W"":1.140,""soc_percent"":99.38,""soh_percent"":19.31}"
1771484780161,2026-02-19T13:06:20,battery/data,battery,esp32_bms,8.42,13.54,0.135,1.14,99.38,19.31,1007418,"{""uptime_ms"":1007418,""bus_V"":8.420,""shunt_mV"":13.540,""current_A"":0.135,""power_W"":1.140,""soc_percent"":99.38,""soh_percent"":19.31}"
1771484785160,2026-02-19T13:06:25,battery/data,battery,esp32_bms,8.432,13.49,0.135,1.138,99.38,19.31,1012419,"{""uptime_ms"":1012419,""bus_V"":8.432,""shunt_mV"":13.490,""current_A"":0.135,""power_W"":1.138,""soc_percent"":99.38,""soh_percent"":19.31}"
1771484785609,2026-02-19T13:06:25,battery/data,battery,esp32_bms,8.432,13.49,0.135,1.138,99.38,19.31,1012419,"{""uptime_ms"":1012419,""bus_V"":8.432,""shunt_mV"":13.490,""current_A"":0.135,""power_W"":1.138,""soc_percent"":99.38,""soh_percent"":19.31}"
1771484790202,2026-02-19T13:06:30,battery/data,battery,esp32_bms,8.444,13.44,0.135,1.138,99.37,19.31,1017420,"{""uptime_ms"":1017420,""bus_V"":8.444,""shunt_mV"":13.440,""current_A"":0.135,""power_W"":1.138,""soc_percent"":99.37,""soh_percent"":19.31}"
1771484790202,2026-02-19T13:06:30,battery/data,battery,esp32_bms,8.444,13.44,0.135,1.138,99.37,19.31,1017420,"{""uptime_ms"":1017420,""bus_V"":8.444,""shunt_mV"":13.440,""current_A"":0.135,""power_W"":1.138,""soc_percent"":99.37,""soh_percent"":19.31}"
1771484795191,2026-02-19T13:06:35,battery/data,battery,esp32_bms,8.46,13.41,0.134,1.134,99.37,19.31,1022421,"{""uptime_ms"":1022421,""bus_V"":8.460,""shunt_mV"":13.410,""current_A"":0.134,""power_W"":1.134,""soc_percent"":99.37,""soh_percent"":19.31}"
1771484800152,2026-02-19T13:06:40,battery/data,battery,esp32_bms,8.472,13.36,0.134,1.134,99.36,19.31,1027422,"{""uptime_ms"":1027422,""bus_V"":8.472,""shunt_mV"":13.360,""current_A"":0.134,""power_W"":1.134,""soc_percent"":99.36,""soh_percent"":19.31}"
1771484800155,2026-02-19T13:06:40,battery/data,battery,esp32_bms,8.472,13.36,0.134,1.134,99.36,19.31,1027422,"{""uptime_ms"":1027422,""bus_V"":8.472,""shunt_mV"":13.360,""current_A"":0.134,""power_W"":1.134,""soc_percent"":99.36,""soh_percent"":19.31}"
1771484805190,2026-02-19T13:06:45,battery/data,battery,esp32_bms,8.488,13.31,0.133,1.13,99.36,19.31,1032423,"{""uptime_ms"":1032423,""bus_V"":8.488,""shunt_mV"":13.310,""current_A"":0.133,""power_W"":1.130,""soc_percent"":99.36,""soh_percent"":19.31}"
1771484805192,2026-02-19T13:06:45,battery/data,battery,esp32_bms,8.488,13.31,0.133,1.13,99.36,19.31,1032423,"{""uptime_ms"":1032423,""bus_V"":8.488,""shunt_mV"":13.310,""current_A"":0.133,""power_W"":1.130,""soc_percent"":99.36,""soh_percent"":19.31}"
1771484810171,2026-02-19T13:06:50,battery/data,battery,esp32_bms,8.5,13.28,0.133,1.128,99.35,19.31,1037424,"{""uptime_ms"":1037424,""bus_V"":8.500,""shunt_mV"":13.280,""current_A"":0.133,""power_W"":1.128,""soc_percent"":99.35,""soh_percent"":19.31}"
1771484815176,2026-02-19T13:06:55,battery/data,battery,esp32_bms,8.512,13.22,0.132,1.128,99.35,19.31,1042425,"{""uptime_ms"":1042425,""bus_V"":8.512,""shunt_mV"":13.220,""current_A"":0.132,""power_W"":1.128,""soc_percent"":99.35,""soh_percent"":19.31}"
1771484815184,2026-02-19T13:06:55,battery/data,battery,esp32_bms,8.512,13.22,0.132,1.128,99.35,19.31,1042425,"{""uptime_ms"":1042425,""bus_V"":8.512,""shunt_mV"":13.220,""current_A"":0.132,""power_W"":1.128,""soc_percent"":99.35,""soh_percent"":19.31}"
1771484820207,2026-02-19T13:07:00,battery/data,battery,esp32_bms,8.52,13.16,0.132,1.124,99.35,19.31,1047426,"{""uptime_ms"":1047426,""bus_V"":8.520,""shunt_mV"":13.160,""current_A"":0.132,""power_W"":1.124,""soc_percent"":99.35,""soh_percent"":19.31}"
1771484820684,2026-02-19T13:07:00,battery/data,battery,esp32_bms,8.52,13.16,0.132,1.124,99.35,19.31,1047426,"{""uptime_ms"":1047426,""bus_V"":8.520,""shunt_mV"":13.160,""current_A"":0.132,""power_W"":1.124,""soc_percent"":99.35,""soh_percent"":19.31}"
1771484826530,2026-02-19T13:07:06,battery/data,battery,esp32_bms,8.536,13.16,0.132,1.124,99.34,19.31,1052427,"{""uptime_ms"":1052427,""bus_V"":8.536,""shunt_mV"":13.160,""current_A"":0.132,""power_W"":1.124,""soc_percent"":99.34,""soh_percent"":19.31}"
1771484826547,2026-02-19T13:07:06,battery/data,battery,esp32_bms,8.536,13.16,0.132,1.124,99.34,19.31,1052427,"{""uptime_ms"":1052427,""bus_V"":8.536,""shunt_mV"":13.160,""current_A"":0.132,""power_W"":1.124,""soc_percent"":99.34,""soh_percent"":19.31}"
1771484834533,2026-02-19T13:07:14,battery/data,battery,esp32_bms,8.548,13.11,0.131,1.12,99.34,19.31,1057428,"{""uptime_ms"":1057428,""bus_V"":8.548,""shunt_mV"":13.110,""current_A"":0.131,""power_W"":1.120,""soc_percent"":99.34,""soh_percent"":19.31}"
1771484834538,2026-02-19T13:07:14,battery/data,battery,esp32_bms,8.548,13.11,0.131,1.12,99.34,19.31,1057428,"{""uptime_ms"":1057428,""bus_V"":8.548,""shunt_mV"":13.110,""current_A"":0.131,""power_W"":1.120,""soc_percent"":99.34,""soh_percent"":19.31}"
1771484835159,2026-02-19T13:07:15,battery/data,battery,esp32_bms,8.56,13.06,0.131,1.118,99.33,19.31,1062429,"{""uptime_ms"":1062429,""bus_V"":8.560,""shunt_mV"":13.060,""current_A"":0.131,""power_W"":1.118,""soc_percent"":99.33,""soh_percent"":19.31}"
1771484835159,2026-02-19T13:07:15,battery/data,battery,esp32_bms,8.56,13.06,0.131,1.118,99.33,19.31,1062429,"{""uptime_ms"":1062429,""bus_V"":8.560,""shunt_mV"":13.060,""current_A"":0.131,""power_W"":1.118,""soc_percent"":99.33,""soh_percent"":19.31}"
1771484840170,2026-02-19T13:07:20,battery/data,battery,esp32_bms,8.572,13.01,0.131,1.12,99.33,19.31,1067430,"{""uptime_ms"":1067430,""bus_V"":8.572,""shunt_mV"":13.010,""current_A"":0.131,""power_W"":1.120,""soc_percent"":99.33,""soh_percent"":19.31}"
1771484840173,2026-02-19T13:07:20,battery/data,battery,esp32_bms,8.572,13.01,0.131,1.12,99.33,19.31,1067430,"{""uptime_ms"":1067430,""bus_V"":8.572,""shunt_mV"":13.010,""current_A"":0.131,""power_W"":1.120,""soc_percent"":99.33,""soh_percent"":19.31}"
1771484845169,2026-02-19T13:07:25,battery/data,battery,esp32_bms,8.592,12.96,0.13,1.114,99.32,19.31,1072431,"{""uptime_ms"":1072431,""bus_V"":8.592,""shunt_mV"":12.960,""current_A"":0.130,""power_W"":1.114,""soc_percent"":99.32,""soh_percent"":19.31}"
1771484845649,2026-02-19T13:07:25,battery/data,battery,esp32_bms,8.592,12.96,0.13,1.114,99.32,19.31,1072431,"{""uptime_ms"":1072431,""bus_V"":8.592,""shunt_mV"":12.960,""current_A"":0.130,""power_W"":1.114,""soc_percent"":99.32,""soh_percent"":19.31}"
1771484850197,2026-02-19T13:07:30,battery/data,battery,esp32_bms,8.6,12.94,0.129,1.11,99.32,19.31,1077432,"{""uptime_ms"":1077432,""bus_V"":8.600,""shunt_mV"":12.940,""current_A"":0.129,""power_W"":1.110,""soc_percent"":99.32,""soh_percent"":19.31}"
1771484850207,2026-02-19T13:07:30,battery/data,battery,esp32_bms,8.6,12.94,0.129,1.11,99.32,19.31,1077432,"{""uptime_ms"":1077432,""bus_V"":8.600,""shunt_mV"":12.940,""current_A"":0.129,""power_W"":1.110,""soc_percent"":99.32,""soh_percent"":19.31}"
1771484855176,2026-02-19T13:07:35,battery/data,battery,esp32_bms,8.612,12.91,0.129,1.11,99.32,19.31,1082433,"{""uptime_ms"":1082433,""bus_V"":8.612,""shunt_mV"":12.910,""current_A"":0.129,""power_W"":1.110,""soc_percent"":99.32,""soh_percent"":19.31}"
1771484855190,2026-02-19T13:07:35,battery/data,battery,esp32_bms,8.612,12.91,0.129,1.11,99.32,19.31,1082433,"{""uptime_ms"":1082433,""bus_V"":8.612,""shunt_mV"":12.910,""current_A"":0.129,""power_W"":1.110,""soc_percent"":99.32,""soh_percent"":19.31}"
1771484860159,2026-02-19T13:07:40,battery/data,battery,esp32_bms,8.628,12.87,0.128,1.108,99.31,19.31,1087434,"{""uptime_ms"":1087434,""bus_V"":8.628,""shunt_mV"":12.870,""current_A"":0.128,""power_W"":1.108,""soc_percent"":99.31,""soh_percent"":19.31}"
1771484860175,2026-02-19T13:07:40,battery/data,battery,esp32_bms,8.628,12.87,0.128,1.108,99.31,19.31,1087434,"{""uptime_ms"":1087434,""bus_V"":8.628,""shunt_mV"":12.870,""current_A"":0.128,""power_W"":1.108,""soc_percent"":99.31,""soh_percent"":19.31}"
1771484865174,2026-02-19T13:07:45,battery/data,battery,esp32_bms,8.636,12.81,0.128,1.108,99.31,19.31,1092435,"{""uptime_ms"":1092435,""bus_V"":8.636,""shunt_mV"":12.810,""current_A"":0.128,""power_W"":1.108,""soc_percent"":99.31,""soh_percent"":19.31}"
1771484865176,2026-02-19T13:07:45,battery/data,battery,esp32_bms,8.636,12.81,0.128,1.108,99.31,19.31,1092435,"{""uptime_ms"":1092435,""bus_V"":8.636,""shunt_mV"":12.810,""current_A"":0.128,""power_W"":1.108,""soc_percent"":99.31,""soh_percent"":19.31}"
1771484870176,2026-02-19T13:07:50,battery/data,battery,esp32_bms,8.648,12.8,0.128,1.104,99.3,19.31,1097436,"{""uptime_ms"":1097436,""bus_V"":8.648,""shunt_mV"":12.800,""current_A"":0.128,""power_W"":1.104,""soc_percent"":99.30,""soh_percent"":19.31}"
1771484870179,2026-02-19T13:07:50,battery/data,battery,esp32_bms,8.648,12.8,0.128,1.104,99.3,19.31,1097436,"{""uptime_ms"":1097436,""bus_V"":8.648,""shunt_mV"":12.800,""current_A"":0.128,""power_W"":1.104,""soc_percent"":99.30,""soh_percent"":19.31}"
1771484875168,2026-02-19T13:07:55,battery/data,battery,esp32_bms,8.66,12.74,0.127,1.104,99.3,19.31,1102437,"{""uptime_ms"":1102437,""bus_V"":8.660,""shunt_mV"":12.740,""current_A"":0.127,""power_W"":1.104,""soc_percent"":99.30,""soh_percent"":19.31}"
1771484875183,2026-02-19T13:07:55,battery/data,battery,esp32_bms,8.66,12.74,0.127,1.104,99.3,19.31,1102437,"{""uptime_ms"":1102437,""bus_V"":8.660,""shunt_mV"":12.740,""current_A"":0.127,""power_W"":1.104,""soc_percent"":99.30,""soh_percent"":19.31}"
1771484880219,2026-02-19T13:08:00,battery/data,battery,esp32_bms,8.672,12.71,0.127,1.102,99.29,19.31,1107438,"{""uptime_ms"":1107438,""bus_V"":8.672,""shunt_mV"":12.710,""current_A"":0.127,""power_W"":1.102,""soc_percent"":99.29,""soh_percent"":19.31}"
1771484880227,2026-02-19T13:08:00,battery/data,battery,esp32_bms,8.672,12.71,0.127,1.102,99.29,19.31,1107438,"{""uptime_ms"":1107438,""bus_V"":8.672,""shunt_mV"":12.710,""current_A"":0.127,""power_W"":1.102,""soc_percent"":99.29,""soh_percent"":19.31}"
1771484885223,2026-02-19T13:08:05,battery/data,battery,esp32_bms,8.688,12.67,0.127,1.102,99.29,19.31,1112439,"{""uptime_ms"":1112439,""bus_V"":8.688,""shunt_mV"":12.670,""current_A"":0.127,""power_W"":1.102,""soc_percent"":99.29,""soh_percent"":19.31}"
1771484885237,2026-02-19T13:08:05,battery/data,battery,esp32_bms,8.688,12.67,0.127,1.102,99.29,19.31,1112439,"{""uptime_ms"":1112439,""bus_V"":8.688,""shunt_mV"":12.670,""current_A"":0.127,""power_W"":1.102,""soc_percent"":99.29,""soh_percent"":19.31}"
1771484890174,2026-02-19T13:08:10,battery/data,battery,esp32_bms,8.696,12.64,0.126,1.098,99.29,19.31,1117440,"{""uptime_ms"":1117440,""bus_V"":8.696,""shunt_mV"":12.640,""current_A"":0.126,""power_W"":1.098,""soc_percent"":99.29,""soh_percent"":19.31}"
1771484890179,2026-02-19T13:08:10,battery/data,battery,esp32_bms,8.696,12.64,0.126,1.098,99.29,19.31,1117440,"{""uptime_ms"":1117440,""bus_V"":8.696,""shunt_mV"":12.640,""current_A"":0.126,""power_W"":1.098,""soc_percent"":99.29,""soh_percent"":19.31}"
1771484895177,2026-02-19T13:08:15,battery/data,battery,esp32_bms,8.708,12.58,0.126,1.098,99.28,19.31,1122441,"{""uptime_ms"":1122441,""bus_V"":8.708,""shunt_mV"":12.580,""current_A"":0.126,""power_W"":1.098,""soc_percent"":99.28,""soh_percent"":19.31}"
1771484895177,2026-02-19T13:08:15,battery/data,battery,esp32_bms,8.708,12.58,0.126,1.098,99.28,19.31,1122441,"{""uptime_ms"":1122441,""bus_V"":8.708,""shunt_mV"":12.580,""current_A"":0.126,""power_W"":1.098,""soc_percent"":99.28,""soh_percent"":19.31}"
1771484900181,2026-02-19T13:08:20,battery/data,battery,esp32_bms,8.72,12.55,0.125,1.094,99.28,19.31,1127442,"{""uptime_ms"":1127442,""bus_V"":8.720,""shunt_mV"":12.550,""current_A"":0.125,""power_W"":1.094,""soc_percent"":99.28,""soh_percent"":19.31}"
1771484900181,2026-02-19T13:08:20,battery/data,battery,esp32_bms,8.72,12.55,0.125,1.094,99.28,19.31,1127442,"{""uptime_ms"":1127442,""bus_V"":8.720,""shunt_mV"":12.550,""current_A"":0.125,""power_W"":1.094,""soc_percent"":99.28,""soh_percent"":19.31}"
1771484905170,2026-02-19T13:08:25,battery/data,battery,esp32_bms,8.732,12.51,0.125,1.092,99.27,19.31,1132443,"{""uptime_ms"":1132443,""bus_V"":8.732,""shunt_mV"":12.510,""current_A"":0.125,""power_W"":1.092,""soc_percent"":99.27,""soh_percent"":19.31}"
1771484905186,2026-02-19T13:08:25,battery/data,battery,esp32_bms,8.732,12.51,0.125,1.092,99.27,19.31,1132443,"{""uptime_ms"":1132443,""bus_V"":8.732,""shunt_mV"":12.510,""current_A"":0.125,""power_W"":1.092,""soc_percent"":99.27,""soh_percent"":19.31}"
1771484910226,2026-02-19T13:08:30,battery/data,battery,esp32_bms,8.744,12.49,0.125,1.092,99.27,19.31,1137444,"{""uptime_ms"":1137444,""bus_V"":8.744,""shunt_mV"":12.490,""current_A"":0.125,""power_W"":1.092,""soc_percent"":99.27,""soh_percent"":19.31}"
1771484910234,2026-02-19T13:08:30,battery/data,battery,esp32_bms,8.744,12.49,0.125,1.092,99.27,19.31,1137444,"{""uptime_ms"":1137444,""bus_V"":8.744,""shunt_mV"":12.490,""current_A"":0.125,""power_W"":1.092,""soc_percent"":99.27,""soh_percent"":19.31}"
1771484915187,2026-02-19T13:08:35,battery/data,battery,esp32_bms,8.756,12.45,0.124,1.088,99.27,19.31,1142445,"{""uptime_ms"":1142445,""bus_V"":8.756,""shunt_mV"":12.450,""current_A"":0.124,""power_W"":1.088,""soc_percent"":99.27,""soh_percent"":19.31}"
1771484915195,2026-02-19T13:08:35,battery/data,battery,esp32_bms,8.756,12.45,0.124,1.088,99.27,19.31,1142445,"{""uptime_ms"":1142445,""bus_V"":8.756,""shunt_mV"":12.450,""current_A"":0.124,""power_W"":1.088,""soc_percent"":99.27,""soh_percent"":19.31}"
1771484920238,2026-02-19T13:08:40,battery/data,battery,esp32_bms,8.768,12.41,0.124,1.088,99.26,19.31,1147446,"{""uptime_ms"":1147446,""bus_V"":8.768,""shunt_mV"":12.410,""current_A"":0.124,""power_W"":1.088,""soc_percent"":99.26,""soh_percent"":19.31}"
1771484920249,2026-02-19T13:08:40,battery/data,battery,esp32_bms,8.768,12.41,0.124,1.088,99.26,19.31,1147446,"{""uptime_ms"":1147446,""bus_V"":8.768,""shunt_mV"":12.410,""current_A"":0.124,""power_W"":1.088,""soc_percent"":99.26,""soh_percent"":19.31}"
1771484925175,2026-02-19T13:08:45,battery/data,battery,esp32_bms,8.78,12.37,0.123,1.082,99.26,19.31,1152447,"{""uptime_ms"":1152447,""bus_V"":8.780,""shunt_mV"":12.370,""current_A"":0.123,""power_W"":1.082,""soc_percent"":99.26,""soh_percent"":19.31}"
1771484925630,2026-02-19T13:08:45,battery/data,battery,esp32_bms,8.78,12.37,0.123,1.082,99.26,19.31,1152447,"{""uptime_ms"":1152447,""bus_V"":8.780,""shunt_mV"":12.370,""current_A"":0.123,""power_W"":1.082,""soc_percent"":99.26,""soh_percent"":19.31}"
1771484930183,2026-02-19T13:08:50,battery/data,battery,esp32_bms,8.788,12.32,0.123,1.082,99.25,19.31,1157448,"{""uptime_ms"":1157448,""bus_V"":8.788,""shunt_mV"":12.320,""current_A"":0.123,""power_W"":1.082,""soc_percent"":99.25,""soh_percent"":19.31}"
1771484935187,2026-02-19T13:08:55,battery/data,battery,esp32_bms,8.8,12.26,0.123,1.084,99.25,19.31,1162449,"{""uptime_ms"":1162449,""bus_V"":8.800,""shunt_mV"":12.260,""current_A"":0.123,""power_W"":1.084,""soc_percent"":99.25,""soh_percent"":19.31}"
1771484935187,2026-02-19T13:08:55,battery/data,battery,esp32_bms,8.8,12.26,0.123,1.084,99.25,19.31,1162449,"{""uptime_ms"":1162449,""bus_V"":8.800,""shunt_mV"":12.260,""current_A"":0.123,""power_W"":1.084,""soc_percent"":99.25,""soh_percent"":19.31}"
1771484940210,2026-02-19T13:09:00,battery/data,battery,esp32_bms,8.808,12.24,0.123,1.078,99.25,19.31,1167450,"{""uptime_ms"":1167450,""bus_V"":8.808,""shunt_mV"":12.240,""current_A"":0.123,""power_W"":1.078,""soc_percent"":99.25,""soh_percent"":19.31}"
1771484940635,2026-02-19T13:09:00,battery/data,battery,esp32_bms,8.808,12.24,0.123,1.078,99.25,19.31,1167450,"{""uptime_ms"":1167450,""bus_V"":8.808,""shunt_mV"":12.240,""current_A"":0.123,""power_W"":1.078,""soc_percent"":99.25,""soh_percent"":19.31}"
1771484982521,2026-02-19T13:09:42,battery/data,battery,esp32_bms,8.908,11.96,0.119,1.064,99.21,19.31,1209781,"{""uptime_ms"":1209781,""bus_V"":8.908,""shunt_mV"":11.960,""current_A"":0.119,""power_W"":1.064,""soc_percent"":99.21,""soh_percent"":19.31}"
1771484987518,2026-02-19T13:09:47,battery/data,battery,esp32_bms,8.916,11.91,0.119,1.064,99.21,19.31,1214782,"{""uptime_ms"":1214782,""bus_V"":8.916,""shunt_mV"":11.910,""current_A"":0.119,""power_W"":1.064,""soc_percent"":99.21,""soh_percent"":19.31}"
1771484987518,2026-02-19T13:09:47,battery/data,battery,esp32_bms,8.916,11.91,0.119,1.064,99.21,19.31,1214782,"{""uptime_ms"":1214782,""bus_V"":8.916,""shunt_mV"":11.910,""current_A"":0.119,""power_W"":1.064,""soc_percent"":99.21,""soh_percent"":19.31}"
1771484992524,2026-02-19T13:09:52,battery/data,battery,esp32_bms,8.928,11.89,0.119,1.058,99.2,19.31,1219783,"{""uptime_ms"":1219783,""bus_V"":8.928,""shunt_mV"":11.890,""current_A"":0.119,""power_W"":1.058,""soc_percent"":99.20,""soh_percent"":19.31}"
1771484992524,2026-02-19T13:09:52,battery/data,battery,esp32_bms,8.928,11.89,0.119,1.058,99.2,19.31,1219783,"{""uptime_ms"":1219783,""bus_V"":8.928,""shunt_mV"":11.890,""current_A"":0.119,""power_W"":1.058,""soc_percent"":99.20,""soh_percent"":19.31}"
1771484997538,2026-02-19T13:09:57,battery/data,battery,esp32_bms,8.94,11.83,0.118,1.058,99.2,19.31,1224784,"{""uptime_ms"":1224784,""bus_V"":8.940,""shunt_mV"":11.830,""current_A"":0.118,""power_W"":1.058,""soc_percent"":99.20,""soh_percent"":19.31}"
1771485002565,2026-02-19T13:10:02,battery/data,battery,esp32_bms,8.948,11.8,0.118,1.056,99.2,19.31,1229785,"{""uptime_ms"":1229785,""bus_V"":8.948,""shunt_mV"":11.800,""current_A"":0.118,""power_W"":1.056,""soc_percent"":99.20,""soh_percent"":19.31}"
1771485003049,2026-02-19T13:10:03,battery/data,battery,esp32_bms,8.948,11.8,0.118,1.056,99.2,19.31,1229785,"{""uptime_ms"":1229785,""bus_V"":8.948,""shunt_mV"":11.800,""current_A"":0.118,""power_W"":1.056,""soc_percent"":99.20,""soh_percent"":19.31}"
1771485007525,2026-02-19T13:10:07,battery/data,battery,esp32_bms,8.96,11.77,0.118,1.056,99.19,19.31,1234786,"{""uptime_ms"":1234786,""bus_V"":8.960,""shunt_mV"":11.770,""current_A"":0.118,""power_W"":1.056,""soc_percent"":99.19,""soh_percent"":19.31}"
1771485007525,2026-02-19T13:10:07,battery/data,battery,esp32_bms,8.96,11.77,0.118,1.056,99.19,19.31,1234786,"{""uptime_ms"":1234786,""bus_V"":8.960,""shunt_mV"":11.770,""current_A"":0.118,""power_W"":1.056,""soc_percent"":99.19,""soh_percent"":19.31}"
1771485012526,2026-02-19T13:10:12,battery/data,battery,esp32_bms,8.968,11.74,0.117,1.052,99.19,19.31,1239787,"{""uptime_ms"":1239787,""bus_V"":8.968,""shunt_mV"":11.740,""current_A"":0.117,""power_W"":1.052,""soc_percent"":99.19,""soh_percent"":19.31}"
1771485012526,2026-02-19T13:10:12,battery/data,battery,esp32_bms,8.968,11.74,0.117,1.052,99.19,19.31,1239787,"{""uptime_ms"":1239787,""bus_V"":8.968,""shunt_mV"":11.740,""current_A"":0.117,""power_W"":1.052,""soc_percent"":99.19,""soh_percent"":19.31}"
1771485017521,2026-02-19T13:10:17,battery/data,battery,esp32_bms,8.98,11.71,0.117,1.052,99.18,19.31,1244788,"{""uptime_ms"":1244788,""bus_V"":8.980,""shunt_mV"":11.710,""current_A"":0.117,""power_W"":1.052,""soc_percent"":99.18,""soh_percent"":19.31}"
1771485017521,2026-02-19T13:10:17,battery/data,battery,esp32_bms,8.98,11.71,0.117,1.052,99.18,19.31,1244788,"{""uptime_ms"":1244788,""bus_V"":8.980,""shunt_mV"":11.710,""current_A"":0.117,""power_W"":1.052,""soc_percent"":99.18,""soh_percent"":19.31}"
1771485022550,2026-02-19T13:10:22,battery/data,battery,esp32_bms,8.992,11.67,0.117,1.048,99.18,19.31,1249789,"{""uptime_ms"":1249789,""bus_V"":8.992,""shunt_mV"":11.670,""current_A"":0.117,""power_W"":1.048,""soc_percent"":99.18,""soh_percent"":19.31}"
1771485022990,2026-02-19T13:10:22,battery/data,battery,esp32_bms,8.992,11.67,0.117,1.048,99.18,19.31,1249789,"{""uptime_ms"":1249789,""bus_V"":8.992,""shunt_mV"":11.670,""current_A"":0.117,""power_W"":1.048,""soc_percent"":99.18,""soh_percent"":19.31}"
1771485027527,2026-02-19T13:10:27,battery/data,battery,esp32_bms,9.004,11.64,0.116,1.048,99.18,19.31,1254790,"{""uptime_ms"":1254790,""bus_V"":9.004,""shunt_mV"":11.640,""current_A"":0.116,""power_W"":1.048,""soc_percent"":99.18,""soh_percent"":19.31}"
1771485027527,2026-02-19T13:10:27,battery/data,battery,esp32_bms,9.004,11.64,0.116,1.048,99.18,19.31,1254790,"{""uptime_ms"":1254790,""bus_V"":9.004,""shunt_mV"":11.640,""current_A"":0.116,""power_W"":1.048,""soc_percent"":99.18,""soh_percent"":19.31}"
1771485032581,2026-02-19T13:10:32,battery/data,battery,esp32_bms,9.012,11.61,0.116,1.046,99.17,19.31,1259791,"{""uptime_ms"":1259791,""bus_V"":9.012,""shunt_mV"":11.610,""current_A"":0.116,""power_W"":1.046,""soc_percent"":99.17,""soh_percent"":19.31}"
1771485032583,2026-02-19T13:10:32,battery/data,battery,esp32_bms,9.012,11.61,0.116,1.046,99.17,19.31,1259791,"{""uptime_ms"":1259791,""bus_V"":9.012,""shunt_mV"":11.610,""current_A"":0.116,""power_W"":1.046,""soc_percent"":99.17,""soh_percent"":19.31}"
1771485037532,2026-02-19T13:10:37,battery/data,battery,esp32_bms,9.024,11.56,0.116,1.046,99.17,19.31,1264792,"{""uptime_ms"":1264792,""bus_V"":9.024,""shunt_mV"":11.560,""current_A"":0.116,""power_W"":1.046,""soc_percent"":99.17,""soh_percent"":19.31}"
1771485037992,2026-02-19T13:10:37,battery/data,battery,esp32_bms,9.024,11.56,0.116,1.046,99.17,19.31,1264792,"{""uptime_ms"":1264792,""bus_V"":9.024,""shunt_mV"":11.560,""current_A"":0.116,""power_W"":1.046,""soc_percent"":99.17,""soh_percent"":19.31}"
1771485042537,2026-02-19T13:10:42,battery/data,battery,esp32_bms,9.036,11.53,0.115,1.046,99.17,19.31,1269793,"{""uptime_ms"":1269793,""bus_V"":9.036,""shunt_mV"":11.530,""current_A"":0.115,""power_W"":1.046,""soc_percent"":99.17,""soh_percent"":19.31}"
1771485042537,2026-02-19T13:10:42,battery/data,battery,esp32_bms,9.036,11.53,0.115,1.046,99.17,19.31,1269793,"{""uptime_ms"":1269793,""bus_V"":9.036,""shunt_mV"":11.530,""current_A"":0.115,""power_W"":1.046,""soc_percent"":99.17,""soh_percent"":19.31}"
1771485047535,2026-02-19T13:10:47,battery/data,battery,esp32_bms,9.04,11.5,0.115,1.042,99.16,19.31,1274794,"{""uptime_ms"":1274794,""bus_V"":9.040,""shunt_mV"":11.500,""current_A"":0.115,""power_W"":1.042,""soc_percent"":99.16,""soh_percent"":19.31}"
1771485047988,2026-02-19T13:10:47,battery/data,battery,esp32_bms,9.04,11.5,0.115,1.042,99.16,19.31,1274794,"{""uptime_ms"":1274794,""bus_V"":9.040,""shunt_mV"":11.500,""current_A"":0.115,""power_W"":1.042,""soc_percent"":99.16,""soh_percent"":19.31}"
1771485052543,2026-02-19T13:10:52,battery/data,battery,esp32_bms,9.052,11.46,0.115,1.038,99.16,19.31,1279795,"{""uptime_ms"":1279795,""bus_V"":9.052,""shunt_mV"":11.460,""current_A"":0.115,""power_W"":1.038,""soc_percent"":99.16,""soh_percent"":19.31}"
1771485052556,2026-02-19T13:10:52,battery/data,battery,esp32_bms,9.052,11.46,0.115,1.038,99.16,19.31,1279795,"{""uptime_ms"":1279795,""bus_V"":9.052,""shunt_mV"":11.460,""current_A"":0.115,""power_W"":1.038,""soc_percent"":99.16,""soh_percent"":19.31}"
1771485057537,2026-02-19T13:10:57,battery/data,battery,esp32_bms,9.064,11.43,0.114,1.036,99.15,19.31,1284796,"{""uptime_ms"":1284796,""bus_V"":9.064,""shunt_mV"":11.430,""current_A"":0.114,""power_W"":1.036,""soc_percent"":99.15,""soh_percent"":19.31}"
1771485057543,2026-02-19T13:10:57,battery/data,battery,esp32_bms,9.064,11.43,0.114,1.036,99.15,19.31,1284796,"{""uptime_ms"":1284796,""bus_V"":9.064,""shunt_mV"":11.430,""current_A"":0.114,""power_W"":1.036,""soc_percent"":99.15,""soh_percent"":19.31}"
1771485062544,2026-02-19T13:11:02,battery/data,battery,esp32_bms,9.072,11.39,0.114,1.036,99.15,19.31,1289797,"{""uptime_ms"":1289797,""bus_V"":9.072,""shunt_mV"":11.390,""current_A"":0.114,""power_W"":1.036,""soc_percent"":99.15,""soh_percent"":19.31}"
1771485062560,2026-02-19T13:11:02,battery/data,battery,esp32_bms,9.072,11.39,0.114,1.036,99.15,19.31,1289797,"{""uptime_ms"":1289797,""bus_V"":9.072,""shunt_mV"":11.390,""current_A"":0.114,""power_W"":1.036,""soc_percent"":99.15,""soh_percent"":19.31}"
1771485067571,2026-02-19T13:11:07,battery/data,battery,esp32_bms,9.084,11.38,0.114,1.032,99.15,19.31,1294798,"{""uptime_ms"":1294798,""bus_V"":9.084,""shunt_mV"":11.380,""current_A"":0.114,""power_W"":1.032,""soc_percent"":99.15,""soh_percent"":19.31}"
1771485068018,2026-02-19T13:11:08,battery/data,battery,esp32_bms,9.084,11.38,0.114,1.032,99.15,19.31,1294798,"{""uptime_ms"":1294798,""bus_V"":9.084,""shunt_mV"":11.380,""current_A"":0.114,""power_W"":1.032,""soc_percent"":99.15,""soh_percent"":19.31}"
1771485072557,2026-02-19T13:11:12,battery/data,battery,esp32_bms,9.092,11.33,0.113,1.032,99.14,19.31,1299799,"{""uptime_ms"":1299799,""bus_V"":9.092,""shunt_mV"":11.330,""current_A"":0.113,""power_W"":1.032,""soc_percent"":99.14,""soh_percent"":19.31}"
1771485072557,2026-02-19T13:11:12,battery/data,battery,esp32_bms,9.092,11.33,0.113,1.032,99.14,19.31,1299799,"{""uptime_ms"":1299799,""bus_V"":9.092,""shunt_mV"":11.330,""current_A"":0.113,""power_W"":1.032,""soc_percent"":99.14,""soh_percent"":19.31}"
1771485077518,2026-02-19T13:11:17,battery/data,battery,esp32_bms,9.1,11.3,0.113,1.032,99.14,19.31,1304800,"{""uptime_ms"":1304800,""bus_V"":9.100,""shunt_mV"":11.300,""current_A"":0.113,""power_W"":1.032,""soc_percent"":99.14,""soh_percent"":19.31}"
1771485077534,2026-02-19T13:11:17,battery/data,battery,esp32_bms,9.1,11.3,0.113,1.032,99.14,19.31,1304800,"{""uptime_ms"":1304800,""bus_V"":9.100,""shunt_mV"":11.300,""current_A"":0.113,""power_W"":1.032,""soc_percent"":99.14,""soh_percent"":19.31}"
1771485082533,2026-02-19T13:11:22,battery/data,battery,esp32_bms,9.112,11.29,0.113,1.026,99.14,19.31,1309801,"{""uptime_ms"":1309801,""bus_V"":9.112,""shunt_mV"":11.290,""current_A"":0.113,""power_W"":1.026,""soc_percent"":99.14,""soh_percent"":19.31}"
1771485082539,2026-02-19T13:11:22,battery/data,battery,esp32_bms,9.112,11.29,0.113,1.026,99.14,19.31,1309801,"{""uptime_ms"":1309801,""bus_V"":9.112,""shunt_mV"":11.290,""current_A"":0.113,""power_W"":1.026,""soc_percent"":99.14,""soh_percent"":19.31}"
1771485087566,2026-02-19T13:11:27,battery/data,battery,esp32_bms,9.12,11.27,0.112,1.026,99.13,19.31,1314802,"{""uptime_ms"":1314802,""bus_V"":9.120,""shunt_mV"":11.270,""current_A"":0.112,""power_W"":1.026,""soc_percent"":99.13,""soh_percent"":19.31}"
1771485087571,2026-02-19T13:11:27,battery/data,battery,esp32_bms,9.12,11.27,0.112,1.026,99.13,19.31,1314802,"{""uptime_ms"":1314802,""bus_V"":9.120,""shunt_mV"":11.270,""current_A"":0.112,""power_W"":1.026,""soc_percent"":99.13,""soh_percent"":19.31}"
1771485092573,2026-02-19T13:11:32,battery/data,battery,esp32_bms,9.136,11.21,0.112,1.022,99.13,19.31,1319803,"{""uptime_ms"":1319803,""bus_V"":9.136,""shunt_mV"":11.210,""current_A"":0.112,""power_W"":1.022,""soc_percent"":99.13,""soh_percent"":19.31}"
1771485092574,2026-02-19T13:11:32,battery/data,battery,esp32_bms,9.136,11.21,0.112,1.022,99.13,19.31,1319803,"{""uptime_ms"":1319803,""bus_V"":9.136,""shunt_mV"":11.210,""current_A"":0.112,""power_W"":1.022,""soc_percent"":99.13,""soh_percent"":19.31}"
1771485097571,2026-02-19T13:11:37,battery/data,battery,esp32_bms,9.14,11.17,0.112,1.022,99.12,19.31,1324804,"{""uptime_ms"":1324804,""bus_V"":9.140,""shunt_mV"":11.170,""current_A"":0.112,""power_W"":1.022,""soc_percent"":99.12,""soh_percent"":19.31}"
1771485097584,2026-02-19T13:11:37,battery/data,battery,esp32_bms,9.14,11.17,0.112,1.022,99.12,19.31,1324804,"{""uptime_ms"":1324804,""bus_V"":9.140,""shunt_mV"":11.170,""current_A"":0.112,""power_W"":1.022,""soc_percent"":99.12,""soh_percent"":19.31}"
1771485102537,2026-02-19T13:11:42,battery/data,battery,esp32_bms,9.152,11.15,0.112,1.022,99.12,19.31,1329805,"{""uptime_ms"":1329805,""bus_V"":9.152,""shunt_mV"":11.150,""current_A"":0.112,""power_W"":1.022,""soc_percent"":99.12,""soh_percent"":19.31}"
1771485103022,2026-02-19T13:11:43,battery/data,battery,esp32_bms,9.152,11.15,0.112,1.022,99.12,19.31,1329805,"{""uptime_ms"":1329805,""bus_V"":9.152,""shunt_mV"":11.150,""current_A"":0.112,""power_W"":1.022,""soc_percent"":99.12,""soh_percent"":19.31}"
1771485107548,2026-02-19T13:11:47,battery/data,battery,esp32_bms,9.164,11.12,0.111,1.016,99.12,19.31,1334806,"{""uptime_ms"":1334806,""bus_V"":9.164,""shunt_mV"":11.120,""current_A"":0.111,""power_W"":1.016,""soc_percent"":99.12,""soh_percent"":19.31}"
1771485107561,2026-02-19T13:11:47,battery/data,battery,esp32_bms,9.164,11.12,0.111,1.016,99.12,19.31,1334806,"{""uptime_ms"":1334806,""bus_V"":9.164,""shunt_mV"":11.120,""current_A"":0.111,""power_W"":1.016,""soc_percent"":99.12,""soh_percent"":19.31}"
1771485112552,2026-02-19T13:11:52,battery/data,battery,esp32_bms,9.168,11.09,0.111,1.016,99.11,19.31,1339807,"{""uptime_ms"":1339807,""bus_V"":9.168,""shunt_mV"":11.090,""current_A"":0.111,""power_W"":1.016,""soc_percent"":99.11,""soh_percent"":19.31}"
1771485112556,2026-02-19T13:11:52,battery/data,battery,esp32_bms,9.168,11.09,0.111,1.016,99.11,19.31,1339807,"{""uptime_ms"":1339807,""bus_V"":9.168,""shunt_mV"":11.090,""current_A"":0.111,""power_W"":1.016,""soc_percent"":99.11,""soh_percent"":19.31}"
1771485117574,2026-02-19T13:11:57,battery/data,battery,esp32_bms,9.184,11.06,0.111,1.016,99.11,19.31,1344808,"{""uptime_ms"":1344808,""bus_V"":9.184,""shunt_mV"":11.060,""current_A"":0.111,""power_W"":1.016,""soc_percent"":99.11,""soh_percent"":19.31}"
1771485117589,2026-02-19T13:11:57,battery/data,battery,esp32_bms,9.184,11.06,0.111,1.016,99.11,19.31,1344808,"{""uptime_ms"":1344808,""bus_V"":9.184,""shunt_mV"":11.060,""current_A"":0.111,""power_W"":1.016,""soc_percent"":99.11,""soh_percent"":19.31}"
1771485122561,2026-02-19T13:12:02,battery/data,battery,esp32_bms,9.192,10.99,0.11,1.012,99.11,19.31,1349809,"{""uptime_ms"":1349809,""bus_V"":9.192,""shunt_mV"":10.990,""current_A"":0.110,""power_W"":1.012,""soc_percent"":99.11,""soh_percent"":19.31}"
1771485122561,2026-02-19T13:12:02,battery/data,battery,esp32_bms,9.192,10.99,0.11,1.012,99.11,19.31,1349809,"{""uptime_ms"":1349809,""bus_V"":9.192,""shunt_mV"":10.990,""current_A"":0.110,""power_W"":1.012,""soc_percent"":99.11,""soh_percent"":19.31}"
1771485127572,2026-02-19T13:12:07,battery/data,battery,esp32_bms,9.2,10.99,0.11,1.01,99.1,19.31,1354810,"{""uptime_ms"":1354810,""bus_V"":9.200,""shunt_mV"":10.990,""current_A"":0.110,""power_W"":1.010,""soc_percent"":99.10,""soh_percent"":19.31}"
1771485127572,2026-02-19T13:12:07,battery/data,battery,esp32_bms,9.2,10.99,0.11,1.01,99.1,19.31,1354810,"{""uptime_ms"":1354810,""bus_V"":9.200,""shunt_mV"":10.990,""current_A"":0.110,""power_W"":1.010,""soc_percent"":99.10,""soh_percent"":19.31}"
1771485132548,2026-02-19T13:12:12,battery/data,battery,esp32_bms,9.208,10.96,0.109,1.01,99.1,19.31,1359811,"{""uptime_ms"":1359811,""bus_V"":9.208,""shunt_mV"":10.960,""current_A"":0.109,""power_W"":1.010,""soc_percent"":99.10,""soh_percent"":19.31}"
1771485132564,2026-02-19T13:12:12,battery/data,battery,esp32_bms,9.208,10.96,0.109,1.01,99.1,19.31,1359811,"{""uptime_ms"":1359811,""bus_V"":9.208,""shunt_mV"":10.960,""current_A"":0.109,""power_W"":1.010,""soc_percent"":99.10,""soh_percent"":19.31}"
1771485137549,2026-02-19T13:12:17,battery/data,battery,esp32_bms,9.22,10.94,0.109,1.01,99.09,19.31,1364812,"{""uptime_ms"":1364812,""bus_V"":9.220,""shunt_mV"":10.940,""current_A"":0.109,""power_W"":1.010,""soc_percent"":99.09,""soh_percent"":19.31}"
1771485137990,2026-02-19T13:12:17,battery/data,battery,esp32_bms,9.22,10.94,0.109,1.01,99.09,19.31,1364812,"{""uptime_ms"":1364812,""bus_V"":9.220,""shunt_mV"":10.940,""current_A"":0.109,""power_W"":1.010,""soc_percent"":99.09,""soh_percent"":19.31}"
1771485142554,2026-02-19T13:12:22,battery/data,battery,esp32_bms,9.228,10.91,0.109,1.002,99.09,19.31,1369813,"{""uptime_ms"":1369813,""bus_V"":9.228,""shunt_mV"":10.910,""current_A"":0.109,""power_W"":1.002,""soc_percent"":99.09,""soh_percent"":19.31}"
1771485142554,2026-02-19T13:12:22,battery/data,battery,esp32_bms,9.228,10.91,0.109,1.002,99.09,19.31,1369813,"{""uptime_ms"":1369813,""bus_V"":9.228,""shunt_mV"":10.910,""current_A"":0.109,""power_W"":1.002,""soc_percent"":99.09,""soh_percent"":19.31}"
1771485147585,2026-02-19T13:12:27,battery/data,battery,esp32_bms,9.236,10.87,0.108,1.002,99.09,19.31,1374814,"{""uptime_ms"":1374814,""bus_V"":9.236,""shunt_mV"":10.870,""current_A"":0.108,""power_W"":1.002,""soc_percent"":99.09,""soh_percent"":19.31}"
1771485147597,2026-02-19T13:12:27,battery/data,battery,esp32_bms,9.236,10.87,0.108,1.002,99.09,19.31,1374814,"{""uptime_ms"":1374814,""bus_V"":9.236,""shunt_mV"":10.870,""current_A"":0.108,""power_W"":1.002,""soc_percent"":99.09,""soh_percent"":19.31}"
1771485152546,2026-02-19T13:12:32,battery/data,battery,esp32_bms,9.248,10.85,0.108,1.002,99.08,19.31,1379815,"{""uptime_ms"":1379815,""bus_V"":9.248,""shunt_mV"":10.850,""current_A"":0.108,""power_W"":1.002,""soc_percent"":99.08,""soh_percent"":19.31}"
1771485152561,2026-02-19T13:12:32,battery/data,battery,esp32_bms,9.248,10.85,0.108,1.002,99.08,19.31,1379815,"{""uptime_ms"":1379815,""bus_V"":9.248,""shunt_mV"":10.850,""current_A"":0.108,""power_W"":1.002,""soc_percent"":99.08,""soh_percent"":19.31}"
1771485157620,2026-02-19T13:12:37,battery/data,battery,esp32_bms,9.256,10.79,0.108,1.0,99.08,19.31,1384816,"{""uptime_ms"":1384816,""bus_V"":9.256,""shunt_mV"":10.790,""current_A"":0.108,""power_W"":1.000,""soc_percent"":99.08,""soh_percent"":19.31}"
1771485157620,2026-02-19T13:12:37,battery/data,battery,esp32_bms,9.256,10.79,0.108,1.0,99.08,19.31,1384816,"{""uptime_ms"":1384816,""bus_V"":9.256,""shunt_mV"":10.790,""current_A"":0.108,""power_W"":1.000,""soc_percent"":99.08,""soh_percent"":19.31}"
1771485162574,2026-02-19T13:12:42,battery/data,battery,esp32_bms,9.264,10.76,0.108,0.996,99.08,19.31,1389817,"{""uptime_ms"":1389817,""bus_V"":9.264,""shunt_mV"":10.760,""current_A"":0.108,""power_W"":0.996,""soc_percent"":99.08,""soh_percent"":19.31}"
1771485167575,2026-02-19T13:12:47,battery/data,battery,esp32_bms,9.276,10.74,0.107,0.996,99.07,19.31,1394818,"{""uptime_ms"":1394818,""bus_V"":9.276,""shunt_mV"":10.740,""current_A"":0.107,""power_W"":0.996,""soc_percent"":99.07,""soh_percent"":19.31}"
1771485168051,2026-02-19T13:12:48,battery/data,battery,esp32_bms,9.276,10.74,0.107,0.996,99.07,19.31,1394818,"{""uptime_ms"":1394818,""bus_V"":9.276,""shunt_mV"":10.740,""current_A"":0.107,""power_W"":0.996,""soc_percent"":99.07,""soh_percent"":19.31}"
1771485172558,2026-02-19T13:12:52,battery/data,battery,esp32_bms,9.284,10.69,0.107,0.996,99.07,19.31,1399819,"{""uptime_ms"":1399819,""bus_V"":9.284,""shunt_mV"":10.690,""current_A"":0.107,""power_W"":0.996,""soc_percent"":99.07,""soh_percent"":19.31}"
1771485172561,2026-02-19T13:12:52,battery/data,battery,esp32_bms,9.284,10.69,0.107,0.996,99.07,19.31,1399819,"{""uptime_ms"":1399819,""bus_V"":9.284,""shunt_mV"":10.690,""current_A"":0.107,""power_W"":0.996,""soc_percent"":99.07,""soh_percent"":19.31}"
1771485177556,2026-02-19T13:12:57,battery/data,battery,esp32_bms,9.292,10.67,0.107,0.992,99.07,19.31,1404820,"{""uptime_ms"":1404820,""bus_V"":9.292,""shunt_mV"":10.670,""current_A"":0.107,""power_W"":0.992,""soc_percent"":99.07,""soh_percent"":19.31}"
1771485178037,2026-02-19T13:12:58,battery/data,battery,esp32_bms,9.292,10.67,0.107,0.992,99.07,19.31,1404820,"{""uptime_ms"":1404820,""bus_V"":9.292,""shunt_mV"":10.670,""current_A"":0.107,""power_W"":0.992,""soc_percent"":99.07,""soh_percent"":19.31}"
1771485182598,2026-02-19T13:13:02,battery/data,battery,esp32_bms,9.3,10.66,0.107,0.99,99.06,19.31,1409821,"{""uptime_ms"":1409821,""bus_V"":9.300,""shunt_mV"":10.660,""current_A"":0.107,""power_W"":0.990,""soc_percent"":99.06,""soh_percent"":19.31}"
1771485182614,2026-02-19T13:13:02,battery/data,battery,esp32_bms,9.3,10.66,0.107,0.99,99.06,19.31,1409821,"{""uptime_ms"":1409821,""bus_V"":9.300,""shunt_mV"":10.660,""current_A"":0.107,""power_W"":0.990,""soc_percent"":99.06,""soh_percent"":19.31}"
1771485187599,2026-02-19T13:13:07,battery/data,battery,esp32_bms,9.312,10.63,0.106,0.986,99.06,19.31,1414822,"{""uptime_ms"":1414822,""bus_V"":9.312,""shunt_mV"":10.630,""current_A"":0.106,""power_W"":0.986,""soc_percent"":99.06,""soh_percent"":19.31}"
1771485187599,2026-02-19T13:13:07,battery/data,battery,esp32_bms,9.312,10.63,0.106,0.986,99.06,19.31,1414822,"{""uptime_ms"":1414822,""bus_V"":9.312,""shunt_mV"":10.630,""current_A"":0.106,""power_W"":0.986,""soc_percent"":99.06,""soh_percent"":19.31}"
1771485192568,2026-02-19T13:13:12,battery/data,battery,esp32_bms,9.32,10.61,0.106,0.99,99.06,19.31,1419823,"{""uptime_ms"":1419823,""bus_V"":9.320,""shunt_mV"":10.610,""current_A"":0.106,""power_W"":0.990,""soc_percent"":99.06,""soh_percent"":19.31}"
1771485192568,2026-02-19T13:13:12,battery/data,battery,esp32_bms,9.32,10.61,0.106,0.99,99.06,19.31,1419823,"{""uptime_ms"":1419823,""bus_V"":9.320,""shunt_mV"":10.610,""current_A"":0.106,""power_W"":0.990,""soc_percent"":99.06,""soh_percent"":19.31}"
1771485197581,2026-02-19T13:13:17,battery/data,battery,esp32_bms,9.328,10.55,0.106,0.986,99.05,19.31,1424824,"{""uptime_ms"":1424824,""bus_V"":9.328,""shunt_mV"":10.550,""current_A"":0.106,""power_W"":0.986,""soc_percent"":99.05,""soh_percent"":19.31}"
1771485198028,2026-02-19T13:13:18,battery/data,battery,esp32_bms,9.328,10.55,0.106,0.986,99.05,19.31,1424824,"{""uptime_ms"":1424824,""bus_V"":9.328,""shunt_mV"":10.550,""current_A"":0.106,""power_W"":0.986,""soc_percent"":99.05,""soh_percent"":19.31}"
1771485202564,2026-02-19T13:13:22,battery/data,battery,esp32_bms,9.336,10.53,0.105,0.98,99.05,19.31,1429825,"{""uptime_ms"":1429825,""bus_V"":9.336,""shunt_mV"":10.530,""current_A"":0.105,""power_W"":0.980,""soc_percent"":99.05,""soh_percent"":19.31}"
1771485202564,2026-02-19T13:13:22,battery/data,battery,esp32_bms,9.336,10.53,0.105,0.98,99.05,19.31,1429825,"{""uptime_ms"":1429825,""bus_V"":9.336,""shunt_mV"":10.530,""current_A"":0.105,""power_W"":0.980,""soc_percent"":99.05,""soh_percent"":19.31}"
1771485207568,2026-02-19T13:13:27,battery/data,battery,esp32_bms,9.344,10.51,0.105,0.98,99.05,19.31,1434826,"{""uptime_ms"":1434826,""bus_V"":9.344,""shunt_mV"":10.510,""current_A"":0.105,""power_W"":0.980,""soc_percent"":99.05,""soh_percent"":19.31}"
1771485212591,2026-02-19T13:13:32,battery/data,battery,esp32_bms,9.356,10.5,0.105,0.98,99.04,19.31,1439827,"{""uptime_ms"":1439827,""bus_V"":9.356,""shunt_mV"":10.500,""current_A"":0.105,""power_W"":0.980,""soc_percent"":99.04,""soh_percent"":19.31}"
1771485212604,2026-02-19T13:13:32,battery/data,battery,esp32_bms,9.356,10.5,0.105,0.98,99.04,19.31,1439827,"{""uptime_ms"":1439827,""bus_V"":9.356,""shunt_mV"":10.500,""current_A"":0.105,""power_W"":0.980,""soc_percent"":99.04,""soh_percent"":19.31}"
1771485217605,2026-02-19T13:13:37,battery/data,battery,esp32_bms,9.364,10.48,0.105,0.976,99.04,19.31,1444828,"{""uptime_ms"":1444828,""bus_V"":9.364,""shunt_mV"":10.480,""current_A"":0.105,""power_W"":0.976,""soc_percent"":99.04,""soh_percent"":19.31}"
1771485217605,2026-02-19T13:13:37,battery/data,battery,esp32_bms,9.364,10.48,0.105,0.976,99.04,19.31,1444828,"{""uptime_ms"":1444828,""bus_V"":9.364,""shunt_mV"":10.480,""current_A"":0.105,""power_W"":0.976,""soc_percent"":99.04,""soh_percent"":19.31}"
1771485222584,2026-02-19T13:13:42,battery/data,battery,esp32_bms,9.372,10.41,0.104,0.98,99.03,19.31,1449829,"{""uptime_ms"":1449829,""bus_V"":9.372,""shunt_mV"":10.410,""current_A"":0.104,""power_W"":0.980,""soc_percent"":99.03,""soh_percent"":19.31}"
1771485222603,2026-02-19T13:13:42,battery/data,battery,esp32_bms,9.372,10.41,0.104,0.98,99.03,19.31,1449829,"{""uptime_ms"":1449829,""bus_V"":9.372,""shunt_mV"":10.410,""current_A"":0.104,""power_W"":0.980,""soc_percent"":99.03,""soh_percent"":19.31}"
1771485227562,2026-02-19T13:13:47,battery/data,battery,esp32_bms,9.38,10.39,0.104,0.976,99.03,19.31,1454830,"{""uptime_ms"":1454830,""bus_V"":9.380,""shunt_mV"":10.390,""current_A"":0.104,""power_W"":0.976,""soc_percent"":99.03,""soh_percent"":19.31}"
1771485227578,2026-02-19T13:13:47,battery/data,battery,esp32_bms,9.38,10.39,0.104,0.976,99.03,19.31,1454830,"{""uptime_ms"":1454830,""bus_V"":9.380,""shunt_mV"":10.390,""current_A"":0.104,""power_W"":0.976,""soc_percent"":99.03,""soh_percent"":19.31}"
1771485232572,2026-02-19T13:13:52,battery/data,battery,esp32_bms,9.388,10.38,0.104,0.976,99.03,19.31,1459831,"{""uptime_ms"":1459831,""bus_V"":9.388,""shunt_mV"":10.380,""current_A"":0.104,""power_W"":0.976,""soc_percent"":99.03,""soh_percent"":19.31}"
1771485232581,2026-02-19T13:13:52,battery/data,battery,esp32_bms,9.388,10.38,0.104,0.976,99.03,19.31,1459831,"{""uptime_ms"":1459831,""bus_V"":9.388,""shunt_mV"":10.380,""current_A"":0.104,""power_W"":0.976,""soc_percent"":99.03,""soh_percent"":19.31}"
1771485237562,2026-02-19T13:13:57,battery/data,battery,esp32_bms,9.396,10.34,0.104,0.97,99.02,19.31,1464832,"{""uptime_ms"":1464832,""bus_V"":9.396,""shunt_mV"":10.340,""current_A"":0.104,""power_W"":0.970,""soc_percent"":99.02,""soh_percent"":19.31}"
1771485237562,2026-02-19T13:13:57,battery/data,battery,esp32_bms,9.396,10.34,0.104,0.97,99.02,19.31,1464832,"{""uptime_ms"":1464832,""bus_V"":9.396,""shunt_mV"":10.340,""current_A"":0.104,""power_W"":0.970,""soc_percent"":99.02,""soh_percent"":19.31}"
1771485242597,2026-02-19T13:14:02,battery/data,battery,esp32_bms,9.408,10.32,0.103,0.97,99.02,19.31,1469833,"{""uptime_ms"":1469833,""bus_V"":9.408,""shunt_mV"":10.320,""current_A"":0.103,""power_W"":0.970,""soc_percent"":99.02,""soh_percent"":19.31}"
1771485242597,2026-02-19T13:14:02,battery/data,battery,esp32_bms,9.408,10.32,0.103,0.97,99.02,19.31,1469833,"{""uptime_ms"":1469833,""bus_V"":9.408,""shunt_mV"":10.320,""current_A"":0.103,""power_W"":0.970,""soc_percent"":99.02,""soh_percent"":19.31}"
1771485247606,2026-02-19T13:14:07,battery/data,battery,esp32_bms,9.416,10.26,0.103,0.97,99.02,19.31,1474834,"{""uptime_ms"":1474834,""bus_V"":9.416,""shunt_mV"":10.260,""current_A"":0.103,""power_W"":0.970,""soc_percent"":99.02,""soh_percent"":19.31}"
1771485247606,2026-02-19T13:14:07,battery/data,battery,esp32_bms,9.416,10.26,0.103,0.97,99.02,19.31,1474834,"{""uptime_ms"":1474834,""bus_V"":9.416,""shunt_mV"":10.260,""current_A"":0.103,""power_W"":0.970,""soc_percent"":99.02,""soh_percent"":19.31}"
1771485252627,2026-02-19T13:14:12,battery/data,battery,esp32_bms,9.424,10.27,0.103,0.966,99.01,19.31,1479835,"{""uptime_ms"":1479835,""bus_V"":9.424,""shunt_mV"":10.270,""current_A"":0.103,""power_W"":0.966,""soc_percent"":99.01,""soh_percent"":19.31}"
1771485253096,2026-02-19T13:14:13,battery/data,battery,esp32_bms,9.424,10.27,0.103,0.966,99.01,19.31,1479835,"{""uptime_ms"":1479835,""bus_V"":9.424,""shunt_mV"":10.270,""current_A"":0.103,""power_W"":0.966,""soc_percent"":99.01,""soh_percent"":19.31}"
1771485257569,2026-02-19T13:14:17,battery/data,battery,esp32_bms,9.432,10.22,0.102,0.966,99.01,19.31,1484836,"{""uptime_ms"":1484836,""bus_V"":9.432,""shunt_mV"":10.220,""current_A"":0.102,""power_W"":0.966,""soc_percent"":99.01,""soh_percent"":19.31}"
1771485257569,2026-02-19T13:14:17,battery/data,battery,esp32_bms,9.432,10.22,0.102,0.966,99.01,19.31,1484836,"{""uptime_ms"":1484836,""bus_V"":9.432,""shunt_mV"":10.220,""current_A"":0.102,""power_W"":0.966,""soc_percent"":99.01,""soh_percent"":19.31}"
1771485262606,2026-02-19T13:14:22,battery/data,battery,esp32_bms,9.44,10.23,0.102,0.964,99.01,19.31,1489837,"{""uptime_ms"":1489837,""bus_V"":9.440,""shunt_mV"":10.230,""current_A"":0.102,""power_W"":0.964,""soc_percent"":99.01,""soh_percent"":19.31}"
1771485262617,2026-02-19T13:14:22,battery/data,battery,esp32_bms,9.44,10.23,0.102,0.964,99.01,19.31,1489837,"{""uptime_ms"":1489837,""bus_V"":9.440,""shunt_mV"":10.230,""current_A"":0.102,""power_W"":0.964,""soc_percent"":99.01,""soh_percent"":19.31}"
1771485267582,2026-02-19T13:14:27,battery/data,battery,esp32_bms,9.448,10.2,0.102,0.964,99.0,19.31,1494838,"{""uptime_ms"":1494838,""bus_V"":9.448,""shunt_mV"":10.200,""current_A"":0.102,""power_W"":0.964,""soc_percent"":99.00,""soh_percent"":19.31}"
1771485267590,2026-02-19T13:14:27,battery/data,battery,esp32_bms,9.448,10.2,0.102,0.964,99.0,19.31,1494838,"{""uptime_ms"":1494838,""bus_V"":9.448,""shunt_mV"":10.200,""current_A"":0.102,""power_W"":0.964,""soc_percent"":99.00,""soh_percent"":19.31}"
1771485274832,2026-02-19T13:14:34,battery/data,battery,esp32_bms,9.46,10.14,0.101,0.96,99.0,19.31,1499839,"{""uptime_ms"":1499839,""bus_V"":9.460,""shunt_mV"":10.140,""current_A"":0.101,""power_W"":0.960,""soc_percent"":99.00,""soh_percent"":19.31}"
1771485275818,2026-02-19T13:14:35,battery/data,battery,esp32_bms,9.46,10.14,0.101,0.96,99.0,19.31,1499839,"{""uptime_ms"":1499839,""bus_V"":9.460,""shunt_mV"":10.140,""current_A"":0.101,""power_W"":0.960,""soc_percent"":99.00,""soh_percent"":19.31}"
1771485277575,2026-02-19T13:14:37,battery/data,battery,esp32_bms,9.464,10.13,0.101,0.956,99.0,19.31,1504840,"{""uptime_ms"":1504840,""bus_V"":9.464,""shunt_mV"":10.130,""current_A"":0.101,""power_W"":0.956,""soc_percent"":99.00,""soh_percent"":19.31}"
1771485282629,2026-02-19T13:14:42,battery/data,battery,esp32_bms,9.472,10.1,0.101,0.96,98.99,19.31,1509841,"{""uptime_ms"":1509841,""bus_V"":9.472,""shunt_mV"":10.100,""current_A"":0.101,""power_W"":0.960,""soc_percent"":98.99,""soh_percent"":19.31}"
1771485282629,2026-02-19T13:14:42,battery/data,battery,esp32_bms,9.472,10.1,0.101,0.96,98.99,19.31,1509841,"{""uptime_ms"":1509841,""bus_V"":9.472,""shunt_mV"":10.100,""current_A"":0.101,""power_W"":0.960,""soc_percent"":98.99,""soh_percent"":19.31}"
1771485287578,2026-02-19T13:14:47,battery/data,battery,esp32_bms,9.48,10.07,0.101,0.954,98.99,19.31,1514842,"{""uptime_ms"":1514842,""bus_V"":9.480,""shunt_mV"":10.070,""current_A"":0.101,""power_W"":0.954,""soc_percent"":98.99,""soh_percent"":19.31}"
1771485287578,2026-02-19T13:14:47,battery/data,battery,esp32_bms,9.48,10.07,0.101,0.954,98.99,19.31,1514842,"{""uptime_ms"":1514842,""bus_V"":9.480,""shunt_mV"":10.070,""current_A"":0.101,""power_W"":0.954,""soc_percent"":98.99,""soh_percent"":19.31}"
1771485292596,2026-02-19T13:14:52,battery/data,battery,esp32_bms,9.488,10.04,0.1,0.95,98.99,19.31,1519843,"{""uptime_ms"":1519843,""bus_V"":9.488,""shunt_mV"":10.040,""current_A"":0.100,""power_W"":0.950,""soc_percent"":98.99,""soh_percent"":19.31}"
1771485292607,2026-02-19T13:14:52,battery/data,battery,esp32_bms,9.488,10.04,0.1,0.95,98.99,19.31,1519843,"{""uptime_ms"":1519843,""bus_V"":9.488,""shunt_mV"":10.040,""current_A"":0.100,""power_W"":0.950,""soc_percent"":98.99,""soh_percent"":19.31}"
1771485297585,2026-02-19T13:14:57,battery/data,battery,esp32_bms,9.5,10.04,0.1,0.95,98.98,19.31,1524844,"{""uptime_ms"":1524844,""bus_V"":9.500,""shunt_mV"":10.040,""current_A"":0.100,""power_W"":0.950,""soc_percent"":98.98,""soh_percent"":19.31}"
1771485297587,2026-02-19T13:14:57,battery/data,battery,esp32_bms,9.5,10.04,0.1,0.95,98.98,19.31,1524844,"{""uptime_ms"":1524844,""bus_V"":9.500,""shunt_mV"":10.040,""current_A"":0.100,""power_W"":0.950,""soc_percent"":98.98,""soh_percent"":19.31}"
1771485302579,2026-02-19T13:15:02,battery/data,battery,esp32_bms,9.504,9.98,0.1,0.95,98.98,19.31,1529845,"{""uptime_ms"":1529845,""bus_V"":9.504,""shunt_mV"":9.980,""current_A"":0.100,""power_W"":0.950,""soc_percent"":98.98,""soh_percent"":19.31}"
1771485302780,2026-02-19T13:15:02,battery/data,battery,esp32_bms,9.504,9.98,0.1,0.95,98.98,19.31,1529845,"{""uptime_ms"":1529845,""bus_V"":9.504,""shunt_mV"":9.980,""current_A"":0.100,""power_W"":0.950,""soc_percent"":98.98,""soh_percent"":19.31}"
1771485307622,2026-02-19T13:15:07,battery/data,battery,esp32_bms,9.512,9.98,0.1,0.95,98.98,19.31,1534846,"{""uptime_ms"":1534846,""bus_V"":9.512,""shunt_mV"":9.980,""current_A"":0.100,""power_W"":0.950,""soc_percent"":98.98,""soh_percent"":19.31}"
1771485312724,2026-02-19T13:15:12,battery/data,battery,esp32_bms,9.524,9.95,0.1,0.948,98.97,19.31,1539847,"{""uptime_ms"":1539847,""bus_V"":9.524,""shunt_mV"":9.950,""current_A"":0.100,""power_W"":0.948,""soc_percent"":98.97,""soh_percent"":19.31}"
1771485312724,2026-02-19T13:15:12,battery/data,battery,esp32_bms,9.524,9.95,0.1,0.948,98.97,19.31,1539847,"{""uptime_ms"":1539847,""bus_V"":9.524,""shunt_mV"":9.950,""current_A"":0.100,""power_W"":0.948,""soc_percent"":98.97,""soh_percent"":19.31}"
1771485317584,2026-02-19T13:15:17,battery/data,battery,esp32_bms,9.528,9.92,0.099,0.948,98.97,19.31,1544848,"{""uptime_ms"":1544848,""bus_V"":9.528,""shunt_mV"":9.920,""current_A"":0.099,""power_W"":0.948,""soc_percent"":98.97,""soh_percent"":19.31}"
1771485317659,2026-02-19T13:15:17,battery/data,battery,esp32_bms,9.528,9.92,0.099,0.948,98.97,19.31,1544848,"{""uptime_ms"":1544848,""bus_V"":9.528,""shunt_mV"":9.920,""current_A"":0.099,""power_W"":0.948,""soc_percent"":98.97,""soh_percent"":19.31}"
1771485322578,2026-02-19T13:15:22,battery/data,battery,esp32_bms,9.536,9.89,0.099,0.944,98.97,19.31,1549849,"{""uptime_ms"":1549849,""bus_V"":9.536,""shunt_mV"":9.890,""current_A"":0.099,""power_W"":0.944,""soc_percent"":98.97,""soh_percent"":19.31}"
1771485322597,2026-02-19T13:15:22,battery/data,battery,esp32_bms,9.536,9.89,0.099,0.944,98.97,19.31,1549849,"{""uptime_ms"":1549849,""bus_V"":9.536,""shunt_mV"":9.890,""current_A"":0.099,""power_W"":0.944,""soc_percent"":98.97,""soh_percent"":19.31}"
1771485327596,2026-02-19T13:15:27,battery/data,battery,esp32_bms,9.548,9.88,0.099,0.94,98.96,19.31,1554850,"{""uptime_ms"":1554850,""bus_V"":9.548,""shunt_mV"":9.880,""current_A"":0.099,""power_W"":0.940,""soc_percent"":98.96,""soh_percent"":19.31}"
1771485327614,2026-02-19T13:15:27,battery/data,battery,esp32_bms,9.548,9.88,0.099,0.94,98.96,19.31,1554850,"{""uptime_ms"":1554850,""bus_V"":9.548,""shunt_mV"":9.880,""current_A"":0.099,""power_W"":0.940,""soc_percent"":98.96,""soh_percent"":19.31}"
1771485332607,2026-02-19T13:15:32,battery/data,battery,esp32_bms,9.556,9.81,0.098,0.94,98.96,19.31,1559851,"{""uptime_ms"":1559851,""bus_V"":9.556,""shunt_mV"":9.810,""current_A"":0.098,""power_W"":0.940,""soc_percent"":98.96,""soh_percent"":19.31}"
1771485332607,2026-02-19T13:15:32,battery/data,battery,esp32_bms,9.556,9.81,0.098,0.94,98.96,19.31,1559851,"{""uptime_ms"":1559851,""bus_V"":9.556,""shunt_mV"":9.810,""current_A"":0.098,""power_W"":0.940,""soc_percent"":98.96,""soh_percent"":19.31}"
1771485337613,2026-02-19T13:15:37,battery/data,battery,esp32_bms,9.564,9.81,0.098,0.938,98.96,19.31,1564852,"{""uptime_ms"":1564852,""bus_V"":9.564,""shunt_mV"":9.810,""current_A"":0.098,""power_W"":0.938,""soc_percent"":98.96,""soh_percent"":19.31}"
1771485342665,2026-02-19T13:15:42,battery/data,battery,esp32_bms,9.572,9.79,0.098,0.938,98.95,19.31,1569853,"{""uptime_ms"":1569853,""bus_V"":9.572,""shunt_mV"":9.790,""current_A"":0.098,""power_W"":0.938,""soc_percent"":98.95,""soh_percent"":19.31}"
1771485347586,2026-02-19T13:15:47,battery/data,battery,esp32_bms,9.576,9.76,0.098,0.938,98.95,19.31,1574854,"{""uptime_ms"":1574854,""bus_V"":9.576,""shunt_mV"":9.760,""current_A"":0.098,""power_W"":0.938,""soc_percent"":98.95,""soh_percent"":19.31}"
1771485347603,2026-02-19T13:15:47,battery/data,battery,esp32_bms,9.576,9.76,0.098,0.938,98.95,19.31,1574854,"{""uptime_ms"":1574854,""bus_V"":9.576,""shunt_mV"":9.760,""current_A"":0.098,""power_W"":0.938,""soc_percent"":98.95,""soh_percent"":19.31}"
1771485352589,2026-02-19T13:15:52,battery/data,battery,esp32_bms,9.584,9.73,0.097,0.934,98.95,19.31,1579855,"{""uptime_ms"":1579855,""bus_V"":9.584,""shunt_mV"":9.730,""current_A"":0.097,""power_W"":0.934,""soc_percent"":98.95,""soh_percent"":19.31}"
1771485352591,2026-02-19T13:15:52,battery/data,battery,esp32_bms,9.584,9.73,0.097,0.934,98.95,19.31,1579855,"{""uptime_ms"":1579855,""bus_V"":9.584,""shunt_mV"":9.730,""current_A"":0.097,""power_W"":0.934,""soc_percent"":98.95,""soh_percent"":19.31}"
1771485357633,2026-02-19T13:15:57,battery/data,battery,esp32_bms,9.596,9.69,0.097,0.93,98.95,19.31,1584856,"{""uptime_ms"":1584856,""bus_V"":9.596,""shunt_mV"":9.690,""current_A"":0.097,""power_W"":0.930,""soc_percent"":98.95,""soh_percent"":19.31}"
1771485358078,2026-02-19T13:15:58,battery/data,battery,esp32_bms,9.596,9.69,0.097,0.93,98.95,19.31,1584856,"{""uptime_ms"":1584856,""bus_V"":9.596,""shunt_mV"":9.690,""current_A"":0.097,""power_W"":0.930,""soc_percent"":98.95,""soh_percent"":19.31}"
1771485362603,2026-02-19T13:16:02,battery/data,battery,esp32_bms,9.6,9.7,0.097,0.93,98.94,19.31,1589857,"{""uptime_ms"":1589857,""bus_V"":9.600,""shunt_mV"":9.700,""current_A"":0.097,""power_W"":0.930,""soc_percent"":98.94,""soh_percent"":19.31}"
1771485367626,2026-02-19T13:16:07,battery/data,battery,esp32_bms,9.608,9.65,0.097,0.928,98.94,19.31,1594858,"{""uptime_ms"":1594858,""bus_V"":9.608,""shunt_mV"":9.650,""current_A"":0.097,""power_W"":0.928,""soc_percent"":98.94,""soh_percent"":19.31}"
1771485368061,2026-02-19T13:16:08,battery/data,battery,esp32_bms,9.608,9.65,0.097,0.928,98.94,19.31,1594858,"{""uptime_ms"":1594858,""bus_V"":9.608,""shunt_mV"":9.650,""current_A"":0.097,""power_W"":0.928,""soc_percent"":98.94,""soh_percent"":19.31}"
1771485372599,2026-02-19T13:16:12,battery/data,battery,esp32_bms,9.616,9.65,0.096,0.928,98.94,19.31,1599859,"{""uptime_ms"":1599859,""bus_V"":9.616,""shunt_mV"":9.650,""current_A"":0.096,""power_W"":0.928,""soc_percent"":98.94,""soh_percent"":19.31}"
1771485372599,2026-02-19T13:16:12,battery/data,battery,esp32_bms,9.616,9.65,0.096,0.928,98.94,19.31,1599859,"{""uptime_ms"":1599859,""bus_V"":9.616,""shunt_mV"":9.650,""current_A"":0.096,""power_W"":0.928,""soc_percent"":98.94,""soh_percent"":19.31}"
1771485377604,2026-02-19T13:16:17,battery/data,battery,esp32_bms,9.624,9.61,0.096,0.924,98.93,19.31,1604860,"{""uptime_ms"":1604860,""bus_V"":9.624,""shunt_mV"":9.610,""current_A"":0.096,""power_W"":0.924,""soc_percent"":98.93,""soh_percent"":19.31}"
1771485377604,2026-02-19T13:16:17,battery/data,battery,esp32_bms,9.624,9.61,0.096,0.924,98.93,19.31,1604860,"{""uptime_ms"":1604860,""bus_V"":9.624,""shunt_mV"":9.610,""current_A"":0.096,""power_W"":0.924,""soc_percent"":98.93,""soh_percent"":19.31}"
1771485382594,2026-02-19T13:16:22,battery/data,battery,esp32_bms,9.632,9.61,0.096,0.928,98.93,19.31,1609861,"{""uptime_ms"":1609861,""bus_V"":9.632,""shunt_mV"":9.610,""current_A"":0.096,""power_W"":0.928,""soc_percent"":98.93,""soh_percent"":19.31}"
1771485382599,2026-02-19T13:16:22,battery/data,battery,esp32_bms,9.632,9.61,0.096,0.928,98.93,19.31,1609861,"{""uptime_ms"":1609861,""bus_V"":9.632,""shunt_mV"":9.610,""current_A"":0.096,""power_W"":0.928,""soc_percent"":98.93,""soh_percent"":19.31}"
1771485387601,2026-02-19T13:16:27,battery/data,battery,esp32_bms,9.636,9.58,0.096,0.924,98.93,19.31,1614862,"{""uptime_ms"":1614862,""bus_V"":9.636,""shunt_mV"":9.580,""current_A"":0.096,""power_W"":0.924,""soc_percent"":98.93,""soh_percent"":19.31}"
1771485387606,2026-02-19T13:16:27,battery/data,battery,esp32_bms,9.636,9.58,0.096,0.924,98.93,19.31,1614862,"{""uptime_ms"":1614862,""bus_V"":9.636,""shunt_mV"":9.580,""current_A"":0.096,""power_W"":0.924,""soc_percent"":98.93,""soh_percent"":19.31}"
1771485392611,2026-02-19T13:16:32,battery/data,battery,esp32_bms,9.644,9.54,0.095,0.92,98.92,19.31,1619863,"{""uptime_ms"":1619863,""bus_V"":9.644,""shunt_mV"":9.540,""current_A"":0.095,""power_W"":0.920,""soc_percent"":98.92,""soh_percent"":19.31}"
1771485392615,2026-02-19T13:16:32,battery/data,battery,esp32_bms,9.644,9.54,0.095,0.92,98.92,19.31,1619863,"{""uptime_ms"":1619863,""bus_V"":9.644,""shunt_mV"":9.540,""current_A"":0.095,""power_W"":0.920,""soc_percent"":98.92,""soh_percent"":19.31}"
1771485397605,2026-02-19T13:16:37,battery/data,battery,esp32_bms,9.652,9.52,0.095,0.92,98.92,19.31,1624864,"{""uptime_ms"":1624864,""bus_V"":9.652,""shunt_mV"":9.520,""current_A"":0.095,""power_W"":0.920,""soc_percent"":98.92,""soh_percent"":19.31}"
1771485397605,2026-02-19T13:16:37,battery/data,battery,esp32_bms,9.652,9.52,0.095,0.92,98.92,19.31,1624864,"{""uptime_ms"":1624864,""bus_V"":9.652,""shunt_mV"":9.520,""current_A"":0.095,""power_W"":0.920,""soc_percent"":98.92,""soh_percent"":19.31}"
1771485402642,2026-02-19T13:16:42,battery/data,battery,esp32_bms,9.656,9.5,0.095,0.918,98.92,19.31,1629865,"{""uptime_ms"":1629865,""bus_V"":9.656,""shunt_mV"":9.500,""current_A"":0.095,""power_W"":0.918,""soc_percent"":98.92,""soh_percent"":19.31}"
1771485407606,2026-02-19T13:16:47,battery/data,battery,esp32_bms,9.668,9.47,0.095,0.914,98.91,19.31,1634866,"{""uptime_ms"":1634866,""bus_V"":9.668,""shunt_mV"":9.470,""current_A"":0.095,""power_W"":0.914,""soc_percent"":98.91,""soh_percent"":19.31}"
1771485407606,2026-02-19T13:16:47,battery/data,battery,esp32_bms,9.668,9.47,0.095,0.914,98.91,19.31,1634866,"{""uptime_ms"":1634866,""bus_V"":9.668,""shunt_mV"":9.470,""current_A"":0.095,""power_W"":0.914,""soc_percent"":98.91,""soh_percent"":19.31}"
1771485412600,2026-02-19T13:16:52,battery/data,battery,esp32_bms,9.676,9.45,0.094,0.91,98.91,19.31,1639867,"{""uptime_ms"":1639867,""bus_V"":9.676,""shunt_mV"":9.450,""current_A"":0.094,""power_W"":0.910,""soc_percent"":98.91,""soh_percent"":19.31}"
1771485412600,2026-02-19T13:16:52,battery/data,battery,esp32_bms,9.676,9.45,0.094,0.91,98.91,19.31,1639867,"{""uptime_ms"":1639867,""bus_V"":9.676,""shunt_mV"":9.450,""current_A"":0.094,""power_W"":0.910,""soc_percent"":98.91,""soh_percent"":19.31}"
1771485417614,2026-02-19T13:16:57,battery/data,battery,esp32_bms,9.684,9.45,0.094,0.914,98.91,19.31,1644868,"{""uptime_ms"":1644868,""bus_V"":9.684,""shunt_mV"":9.450,""current_A"":0.094,""power_W"":0.914,""soc_percent"":98.91,""soh_percent"":19.31}"
1771485417618,2026-02-19T13:16:57,battery/data,battery,esp32_bms,9.684,9.45,0.094,0.914,98.91,19.31,1644868,"{""uptime_ms"":1644868,""bus_V"":9.684,""shunt_mV"":9.450,""current_A"":0.094,""power_W"":0.914,""soc_percent"":98.91,""soh_percent"":19.31}"
1771485422605,2026-02-19T13:17:02,battery/data,battery,esp32_bms,9.692,9.39,0.094,0.91,98.9,19.31,1649869,"{""uptime_ms"":1649869,""bus_V"":9.692,""shunt_mV"":9.390,""current_A"":0.094,""power_W"":0.910,""soc_percent"":98.90,""soh_percent"":19.31}"
1771485423081,2026-02-19T13:17:03,battery/data,battery,esp32_bms,9.692,9.39,0.094,0.91,98.9,19.31,1649869,"{""uptime_ms"":1649869,""bus_V"":9.692,""shunt_mV"":9.390,""current_A"":0.094,""power_W"":0.910,""soc_percent"":98.90,""soh_percent"":19.31}"
1771485427626,2026-02-19T13:17:07,battery/data,battery,esp32_bms,9.696,9.37,0.094,0.908,98.9,19.31,1654870,"{""uptime_ms"":1654870,""bus_V"":9.696,""shunt_mV"":9.370,""current_A"":0.094,""power_W"":0.908,""soc_percent"":98.90,""soh_percent"":19.31}"
1771485427626,2026-02-19T13:17:07,battery/data,battery,esp32_bms,9.696,9.37,0.094,0.908,98.9,19.31,1654870,"{""uptime_ms"":1654870,""bus_V"":9.696,""shunt_mV"":9.370,""current_A"":0.094,""power_W"":0.908,""soc_percent"":98.90,""soh_percent"":19.31}"
1771485432603,2026-02-19T13:17:12,battery/data,battery,esp32_bms,9.704,9.34,0.093,0.908,98.9,19.31,1659871,"{""uptime_ms"":1659871,""bus_V"":9.704,""shunt_mV"":9.340,""current_A"":0.093,""power_W"":0.908,""soc_percent"":98.90,""soh_percent"":19.31}"
1771485433108,2026-02-19T13:17:13,battery/data,battery,esp32_bms,9.704,9.34,0.093,0.908,98.9,19.31,1659871,"{""uptime_ms"":1659871,""bus_V"":9.704,""shunt_mV"":9.340,""current_A"":0.093,""power_W"":0.908,""soc_percent"":98.90,""soh_percent"":19.31}"
1771485437692,2026-02-19T13:17:17,battery/data,battery,esp32_bms,9.712,9.34,0.093,0.904,98.89,19.31,1664872,"{""uptime_ms"":1664872,""bus_V"":9.712,""shunt_mV"":9.340,""current_A"":0.093,""power_W"":0.904,""soc_percent"":98.89,""soh_percent"":19.31}"
1771485442655,2026-02-19T13:17:22,battery/data,battery,esp32_bms,9.72,9.3,0.093,0.902,98.89,19.31,1669873,"{""uptime_ms"":1669873,""bus_V"":9.720,""shunt_mV"":9.300,""current_A"":0.093,""power_W"":0.902,""soc_percent"":98.89,""soh_percent"":19.31}"
1771485442670,2026-02-19T13:17:22,battery/data,battery,esp32_bms,9.72,9.3,0.093,0.902,98.89,19.31,1669873,"{""uptime_ms"":1669873,""bus_V"":9.720,""shunt_mV"":9.300,""current_A"":0.093,""power_W"":0.902,""soc_percent"":98.89,""soh_percent"":19.31}"
1771485447633,2026-02-19T13:17:27,battery/data,battery,esp32_bms,9.724,9.27,0.093,0.904,98.89,19.31,1674874,"{""uptime_ms"":1674874,""bus_V"":9.724,""shunt_mV"":9.270,""current_A"":0.093,""power_W"":0.904,""soc_percent"":98.89,""soh_percent"":19.31}"
1771485447633,2026-02-19T13:17:27,battery/data,battery,esp32_bms,9.724,9.27,0.093,0.904,98.89,19.31,1674874,"{""uptime_ms"":1674874,""bus_V"":9.724,""shunt_mV"":9.270,""current_A"":0.093,""power_W"":0.904,""soc_percent"":98.89,""soh_percent"":19.31}"
1771485452611,2026-02-19T13:17:32,battery/data,battery,esp32_bms,9.732,9.25,0.093,0.902,98.89,19.31,1679875,"{""uptime_ms"":1679875,""bus_V"":9.732,""shunt_mV"":9.250,""current_A"":0.093,""power_W"":0.902,""soc_percent"":98.89,""soh_percent"":19.31}"
1771485452611,2026-02-19T13:17:32,battery/data,battery,esp32_bms,9.732,9.25,0.093,0.902,98.89,19.31,1679875,"{""uptime_ms"":1679875,""bus_V"":9.732,""shunt_mV"":9.250,""current_A"":0.093,""power_W"":0.902,""soc_percent"":98.89,""soh_percent"":19.31}"
1771485457625,2026-02-19T13:17:37,battery/data,battery,esp32_bms,9.74,9.21,0.092,0.902,98.88,19.31,1684876,"{""uptime_ms"":1684876,""bus_V"":9.740,""shunt_mV"":9.210,""current_A"":0.092,""power_W"":0.902,""soc_percent"":98.88,""soh_percent"":19.31}"
1771485458550,2026-02-19T13:17:38,battery/data,battery,esp32_bms,9.74,9.21,0.092,0.902,98.88,19.31,1684876,"{""uptime_ms"":1684876,""bus_V"":9.740,""shunt_mV"":9.210,""current_A"":0.092,""power_W"":0.902,""soc_percent"":98.88,""soh_percent"":19.31}"
1771485462623,2026-02-19T13:17:42,battery/data,battery,esp32_bms,9.744,9.2,0.092,0.898,98.88,19.31,1689877,"{""uptime_ms"":1689877,""bus_V"":9.744,""shunt_mV"":9.200,""current_A"":0.092,""power_W"":0.898,""soc_percent"":98.88,""soh_percent"":19.31}"
1771485462628,2026-02-19T13:17:42,battery/data,battery,esp32_bms,9.744,9.2,0.092,0.898,98.88,19.31,1689877,"{""uptime_ms"":1689877,""bus_V"":9.744,""shunt_mV"":9.200,""current_A"":0.092,""power_W"":0.898,""soc_percent"":98.88,""soh_percent"":19.31}"
1771485467650,2026-02-19T13:17:47,battery/data,battery,esp32_bms,9.756,9.18,0.092,0.898,98.88,19.31,1694878,"{""uptime_ms"":1694878,""bus_V"":9.756,""shunt_mV"":9.180,""current_A"":0.092,""power_W"":0.898,""soc_percent"":98.88,""soh_percent"":19.31}"
1771485472616,2026-02-19T13:17:52,battery/data,battery,esp32_bms,9.76,9.18,0.091,0.894,98.87,19.31,1699879,"{""uptime_ms"":1699879,""bus_V"":9.760,""shunt_mV"":9.180,""current_A"":0.091,""power_W"":0.894,""soc_percent"":98.87,""soh_percent"":19.31}"
1771485473103,2026-02-19T13:17:53,battery/data,battery,esp32_bms,9.76,9.18,0.091,0.894,98.87,19.31,1699879,"{""uptime_ms"":1699879,""bus_V"":9.760,""shunt_mV"":9.180,""current_A"":0.091,""power_W"":0.894,""soc_percent"":98.87,""soh_percent"":19.31}"
1771485477632,2026-02-19T13:17:57,battery/data,battery,esp32_bms,9.764,9.13,0.092,0.898,98.87,19.31,1704880,"{""uptime_ms"":1704880,""bus_V"":9.764,""shunt_mV"":9.130,""current_A"":0.092,""power_W"":0.898,""soc_percent"":98.87,""soh_percent"":19.31}"
1771485477632,2026-02-19T13:17:57,battery/data,battery,esp32_bms,9.764,9.13,0.092,0.898,98.87,19.31,1704880,"{""uptime_ms"":1704880,""bus_V"":9.764,""shunt_mV"":9.130,""current_A"":0.092,""power_W"":0.898,""soc_percent"":98.87,""soh_percent"":19.31}"
1771485482622,2026-02-19T13:18:02,battery/data,battery,esp32_bms,9.772,9.12,0.091,0.894,98.87,19.31,1709881,"{""uptime_ms"":1709881,""bus_V"":9.772,""shunt_mV"":9.120,""current_A"":0.091,""power_W"":0.894,""soc_percent"":98.87,""soh_percent"":19.31}"
1771485483067,2026-02-19T13:18:03,battery/data,battery,esp32_bms,9.772,9.12,0.091,0.894,98.87,19.31,1709881,"{""uptime_ms"":1709881,""bus_V"":9.772,""shunt_mV"":9.120,""current_A"":0.091,""power_W"":0.894,""soc_percent"":98.87,""soh_percent"":19.31}"
1771485487614,2026-02-19T13:18:07,battery/data,battery,esp32_bms,9.78,9.1,0.091,0.892,98.86,19.31,1714882,"{""uptime_ms"":1714882,""bus_V"":9.780,""shunt_mV"":9.100,""current_A"":0.091,""power_W"":0.892,""soc_percent"":98.86,""soh_percent"":19.31}"
1771485487614,2026-02-19T13:18:07,battery/data,battery,esp32_bms,9.78,9.1,0.091,0.892,98.86,19.31,1714882,"{""uptime_ms"":1714882,""bus_V"":9.780,""shunt_mV"":9.100,""current_A"":0.091,""power_W"":0.892,""soc_percent"":98.86,""soh_percent"":19.31}"
1771485506303,2026-02-19T13:18:26,battery/data,battery,esp32_bms,9.788,9.08,0.09,0.884,98.86,19.31,1719883,"{""uptime_ms"":1719883,""bus_V"":9.788,""shunt_mV"":9.080,""current_A"":0.090,""power_W"":0.884,""soc_percent"":98.86,""soh_percent"":19.31}"
1771485506303,2026-02-19T13:18:26,battery/data,battery,esp32_bms,9.796,9.07,0.09,0.884,98.86,19.31,1724884,"{""uptime_ms"":1724884,""bus_V"":9.796,""shunt_mV"":9.070,""current_A"":0.090,""power_W"":0.884,""soc_percent"":98.86,""soh_percent"":19.31}"
1771485506752,2026-02-19T13:18:26,battery/data,battery,esp32_bms,9.804,9.05,0.09,0.882,98.86,19.31,1729885,"{""uptime_ms"":1729885,""bus_V"":9.804,""shunt_mV"":9.050,""current_A"":0.090,""power_W"":0.882,""soc_percent"":98.86,""soh_percent"":19.31}"
1771485508278,2026-02-19T13:18:28,battery/data,battery,esp32_bms,9.808,8.99,0.09,0.884,98.85,19.31,1734886,"{""uptime_ms"":1734886,""bus_V"":9.808,""shunt_mV"":8.990,""current_A"":0.090,""power_W"":0.884,""soc_percent"":98.85,""soh_percent"":19.31}"
1771485515936,2026-02-19T13:18:35,battery/data,battery,esp32_bms,9.788,9.08,0.09,0.884,98.86,19.31,1719883,"{""uptime_ms"":1719883,""bus_V"":9.788,""shunt_mV"":9.080,""current_A"":0.090,""power_W"":0.884,""soc_percent"":98.86,""soh_percent"":19.31}"
1771485515936,2026-02-19T13:18:35,battery/data,battery,esp32_bms,9.796,9.07,0.09,0.884,98.86,19.31,1724884,"{""uptime_ms"":1724884,""bus_V"":9.796,""shunt_mV"":9.070,""current_A"":0.090,""power_W"":0.884,""soc_percent"":98.86,""soh_percent"":19.31}"
1771485515936,2026-02-19T13:18:35,battery/data,battery,esp32_bms,9.804,9.05,0.09,0.882,98.86,19.31,1729885,"{""uptime_ms"":1729885,""bus_V"":9.804,""shunt_mV"":9.050,""current_A"":0.090,""power_W"":0.882,""soc_percent"":98.86,""soh_percent"":19.31}"
1771485515936,2026-02-19T13:18:35,battery/data,battery,esp32_bms,9.808,8.99,0.09,0.884,98.85,19.31,1734886,"{""uptime_ms"":1734886,""bus_V"":9.808,""shunt_mV"":8.990,""current_A"":0.090,""power_W"":0.884,""soc_percent"":98.85,""soh_percent"":19.31}"
1771485519831,2026-02-19T13:18:39,battery/data,battery,esp32_bms,9.816,8.99,0.09,0.882,98.85,19.31,1739887,"{""uptime_ms"":1739887,""bus_V"":9.816,""shunt_mV"":8.990,""current_A"":0.090,""power_W"":0.882,""soc_percent"":98.85,""soh_percent"":19.31}"
1771485519831,2026-02-19T13:18:39,battery/data,battery,esp32_bms,9.824,8.98,0.09,0.882,98.85,19.31,1744888,"{""uptime_ms"":1744888,""bus_V"":9.824,""shunt_mV"":8.980,""current_A"":0.090,""power_W"":0.882,""soc_percent"":98.85,""soh_percent"":19.31}"
1771485522621,2026-02-19T13:18:42,battery/data,battery,esp32_bms,9.828,8.96,0.09,0.878,98.84,19.31,1749889,"{""uptime_ms"":1749889,""bus_V"":9.828,""shunt_mV"":8.960,""current_A"":0.090,""power_W"":0.878,""soc_percent"":98.84,""soh_percent"":19.31}"
1771485522637,2026-02-19T13:18:42,battery/data,battery,esp32_bms,9.828,8.96,0.09,0.878,98.84,19.31,1749889,"{""uptime_ms"":1749889,""bus_V"":9.828,""shunt_mV"":8.960,""current_A"":0.090,""power_W"":0.878,""soc_percent"":98.84,""soh_percent"":19.31}"
1771485527690,2026-02-19T13:18:47,battery/data,battery,esp32_bms,9.836,8.91,0.089,0.878,98.84,19.31,1754890,"{""uptime_ms"":1754890,""bus_V"":9.836,""shunt_mV"":8.910,""current_A"":0.089,""power_W"":0.878,""soc_percent"":98.84,""soh_percent"":19.31}"
1771485527690,2026-02-19T13:18:47,battery/data,battery,esp32_bms,9.836,8.91,0.089,0.878,98.84,19.31,1754890,"{""uptime_ms"":1754890,""bus_V"":9.836,""shunt_mV"":8.910,""current_A"":0.089,""power_W"":0.878,""soc_percent"":98.84,""soh_percent"":19.31}"
1771485532671,2026-02-19T13:18:52,battery/data,battery,esp32_bms,9.84,8.88,0.089,0.874,98.84,19.31,1759891,"{""uptime_ms"":1759891,""bus_V"":9.840,""shunt_mV"":8.880,""current_A"":0.089,""power_W"":0.874,""soc_percent"":98.84,""soh_percent"":19.31}"
1771485537639,2026-02-19T13:18:57,battery/data,battery,esp32_bms,9.848,8.89,0.089,0.874,98.83,19.31,1764892,"{""uptime_ms"":1764892,""bus_V"":9.848,""shunt_mV"":8.890,""current_A"":0.089,""power_W"":0.874,""soc_percent"":98.83,""soh_percent"":19.31}"
1771485537639,2026-02-19T13:18:57,battery/data,battery,esp32_bms,9.848,8.89,0.089,0.874,98.83,19.31,1764892,"{""uptime_ms"":1764892,""bus_V"":9.848,""shunt_mV"":8.890,""current_A"":0.089,""power_W"":0.874,""soc_percent"":98.83,""soh_percent"":19.31}"
1771485552830,2026-02-19T13:19:12,battery/data,battery,esp32_bms,9.856,8.84,0.089,0.872,98.83,19.31,1769893,"{""uptime_ms"":1769893,""bus_V"":9.856,""shunt_mV"":8.840,""current_A"":0.089,""power_W"":0.872,""soc_percent"":98.83,""soh_percent"":19.31}"
1771485552848,2026-02-19T13:19:12,battery/data,battery,esp32_bms,9.86,8.83,0.088,0.868,98.83,19.31,1774894,"{""uptime_ms"":1774894,""bus_V"":9.860,""shunt_mV"":8.830,""current_A"":0.088,""power_W"":0.868,""soc_percent"":98.83,""soh_percent"":19.31}"
1771485553039,2026-02-19T13:19:13,battery/data,battery,esp32_bms,9.868,8.81,0.088,0.872,98.83,19.31,1779895,"{""uptime_ms"":1779895,""bus_V"":9.868,""shunt_mV"":8.810,""current_A"":0.088,""power_W"":0.872,""soc_percent"":98.83,""soh_percent"":19.31}"
1771485553266,2026-02-19T13:19:13,battery/data,battery,esp32_bms,9.856,8.84,0.089,0.872,98.83,19.31,1769893,"{""uptime_ms"":1769893,""bus_V"":9.856,""shunt_mV"":8.840,""current_A"":0.089,""power_W"":0.872,""soc_percent"":98.83,""soh_percent"":19.31}"
1771485553266,2026-02-19T13:19:13,battery/data,battery,esp32_bms,9.86,8.83,0.088,0.868,98.83,19.31,1774894,"{""uptime_ms"":1774894,""bus_V"":9.860,""shunt_mV"":8.830,""current_A"":0.088,""power_W"":0.868,""soc_percent"":98.83,""soh_percent"":19.31}"
1771485553276,2026-02-19T13:19:13,battery/data,battery,esp32_bms,9.868,8.81,0.088,0.872,98.83,19.31,1779895,"{""uptime_ms"":1779895,""bus_V"":9.868,""shunt_mV"":8.810,""current_A"":0.088,""power_W"":0.872,""soc_percent"":98.83,""soh_percent"":19.31}"
1771485557711,2026-02-19T13:19:17,battery/data,battery,esp32_bms,9.872,8.81,0.088,0.868,98.82,19.31,1784896,"{""uptime_ms"":1784896,""bus_V"":9.872,""shunt_mV"":8.810,""current_A"":0.088,""power_W"":0.868,""soc_percent"":98.82,""soh_percent"":19.31}"
1771485557711,2026-02-19T13:19:17,battery/data,battery,esp32_bms,9.872,8.81,0.088,0.868,98.82,19.31,1784896,"{""uptime_ms"":1784896,""bus_V"":9.872,""shunt_mV"":8.810,""current_A"":0.088,""power_W"":0.868,""soc_percent"":98.82,""soh_percent"":19.31}"
1771485562638,2026-02-19T13:19:22,battery/data,battery,esp32_bms,9.884,8.79,0.088,0.866,98.82,19.31,1789897,"{""uptime_ms"":1789897,""bus_V"":9.884,""shunt_mV"":8.790,""current_A"":0.088,""power_W"":0.866,""soc_percent"":98.82,""soh_percent"":19.31}"
1771485562648,2026-02-19T13:19:22,battery/data,battery,esp32_bms,9.884,8.79,0.088,0.866,98.82,19.31,1789897,"{""uptime_ms"":1789897,""bus_V"":9.884,""shunt_mV"":8.790,""current_A"":0.088,""power_W"":0.866,""soc_percent"":98.82,""soh_percent"":19.31}"
1771485567633,2026-02-19T13:19:27,battery/data,battery,esp32_bms,9.888,8.76,0.088,0.866,98.82,19.31,1794898,"{""uptime_ms"":1794898,""bus_V"":9.888,""shunt_mV"":8.760,""current_A"":0.088,""power_W"":0.866,""soc_percent"":98.82,""soh_percent"":19.31}"
1771485567649,2026-02-19T13:19:27,battery/data,battery,esp32_bms,9.888,8.76,0.088,0.866,98.82,19.31,1794898,"{""uptime_ms"":1794898,""bus_V"":9.888,""shunt_mV"":8.760,""current_A"":0.088,""power_W"":0.866,""soc_percent"":98.82,""soh_percent"":19.31}"
1771485572635,2026-02-19T13:19:32,battery/data,battery,esp32_bms,9.892,8.74,0.087,0.866,98.81,19.31,1799899,"{""uptime_ms"":1799899,""bus_V"":9.892,""shunt_mV"":8.740,""current_A"":0.087,""power_W"":0.866,""soc_percent"":98.81,""soh_percent"":19.31}"
1771485572643,2026-02-19T13:19:32,battery/data,battery,esp32_bms,9.892,8.74,0.087,0.866,98.81,19.31,1799899,"{""uptime_ms"":1799899,""bus_V"":9.892,""shunt_mV"":8.740,""current_A"":0.087,""power_W"":0.866,""soc_percent"":98.81,""soh_percent"":19.31}"
1771485577647,2026-02-19T13:19:37,battery/data,battery,esp32_bms,9.9,8.72,0.087,0.862,98.81,19.31,1804900,"{""uptime_ms"":1804900,""bus_V"":9.900,""shunt_mV"":8.720,""current_A"":0.087,""power_W"":0.862,""soc_percent"":98.81,""soh_percent"":19.31}"
1771485577656,2026-02-19T13:19:37,battery/data,battery,esp32_bms,9.9,8.72,0.087,0.862,98.81,19.31,1804900,"{""uptime_ms"":1804900,""bus_V"":9.900,""shunt_mV"":8.720,""current_A"":0.087,""power_W"":0.862,""soc_percent"":98.81,""soh_percent"":19.31}"
1771485582637,2026-02-19T13:19:42,battery/data,battery,esp32_bms,9.908,8.68,0.087,0.858,98.81,19.31,1809901,"{""uptime_ms"":1809901,""bus_V"":9.908,""shunt_mV"":8.680,""current_A"":0.087,""power_W"":0.858,""soc_percent"":98.81,""soh_percent"":19.31}"
1771485582651,2026-02-19T13:19:42,battery/data,battery,esp32_bms,9.908,8.68,0.087,0.858,98.81,19.31,1809901,"{""uptime_ms"":1809901,""bus_V"":9.908,""shunt_mV"":8.680,""current_A"":0.087,""power_W"":0.858,""soc_percent"":98.81,""soh_percent"":19.31}"
1771485587690,2026-02-19T13:19:47,battery/data,battery,esp32_bms,9.912,8.7,0.086,0.858,98.81,19.31,1814902,"{""uptime_ms"":1814902,""bus_V"":9.912,""shunt_mV"":8.700,""current_A"":0.086,""power_W"":0.858,""soc_percent"":98.81,""soh_percent"":19.31}"
1771485588114,2026-02-19T13:19:48,battery/data,battery,esp32_bms,9.912,8.7,0.086,0.858,98.81,19.31,1814902,"{""uptime_ms"":1814902,""bus_V"":9.912,""shunt_mV"":8.700,""current_A"":0.086,""power_W"":0.858,""soc_percent"":98.81,""soh_percent"":19.31}"
1771485592720,2026-02-19T13:19:52,battery/data,battery,esp32_bms,9.916,8.67,0.086,0.858,98.8,19.31,1819903,"{""uptime_ms"":1819903,""bus_V"":9.916,""shunt_mV"":8.670,""current_A"":0.086,""power_W"":0.858,""soc_percent"":98.80,""soh_percent"":19.31}"
1771485592720,2026-02-19T13:19:52,battery/data,battery,esp32_bms,9.916,8.67,0.086,0.858,98.8,19.31,1819903,"{""uptime_ms"":1819903,""bus_V"":9.916,""shunt_mV"":8.670,""current_A"":0.086,""power_W"":0.858,""soc_percent"":98.80,""soh_percent"":19.31}"
1771485599369,2026-02-19T13:19:59,battery/data,battery,esp32_bms,9.928,8.64,0.086,0.858,98.8,19.31,1824904,"{""uptime_ms"":1824904,""bus_V"":9.928,""shunt_mV"":8.640,""current_A"":0.086,""power_W"":0.858,""soc_percent"":98.80,""soh_percent"":19.31}"
1771485599369,2026-02-19T13:19:59,battery/data,battery,esp32_bms,9.928,8.64,0.086,0.858,98.8,19.31,1824904,"{""uptime_ms"":1824904,""bus_V"":9.928,""shunt_mV"":8.640,""current_A"":0.086,""power_W"":0.858,""soc_percent"":98.80,""soh_percent"":19.31}"
1771485602696,2026-02-19T13:20:02,battery/data,battery,esp32_bms,9.936,8.61,0.086,0.856,98.8,19.31,1829905,"{""uptime_ms"":1829905,""bus_V"":9.936,""shunt_mV"":8.610,""current_A"":0.086,""power_W"":0.856,""soc_percent"":98.80,""soh_percent"":19.31}"
1771485602696,2026-02-19T13:20:02,battery/data,battery,esp32_bms,9.936,8.61,0.086,0.856,98.8,19.31,1829905,"{""uptime_ms"":1829905,""bus_V"":9.936,""shunt_mV"":8.610,""current_A"":0.086,""power_W"":0.856,""soc_percent"":98.80,""soh_percent"":19.31}"
1771485607645,2026-02-19T13:20:07,battery/data,battery,esp32_bms,9.94,8.58,0.086,0.852,98.79,19.31,1834906,"{""uptime_ms"":1834906,""bus_V"":9.940,""shunt_mV"":8.580,""current_A"":0.086,""power_W"":0.852,""soc_percent"":98.79,""soh_percent"":19.31}"
1771485607654,2026-02-19T13:20:07,battery/data,battery,esp32_bms,9.94,8.58,0.086,0.852,98.79,19.31,1834906,"{""uptime_ms"":1834906,""bus_V"":9.940,""shunt_mV"":8.580,""current_A"":0.086,""power_W"":0.852,""soc_percent"":98.79,""soh_percent"":19.31}"
1771485612633,2026-02-19T13:20:12,battery/data,battery,esp32_bms,9.944,8.57,0.086,0.852,98.79,19.31,1839907,"{""uptime_ms"":1839907,""bus_V"":9.944,""shunt_mV"":8.570,""current_A"":0.086,""power_W"":0.852,""soc_percent"":98.79,""soh_percent"":19.31}"
1771485612641,2026-02-19T13:20:12,battery/data,battery,esp32_bms,9.944,8.57,0.086,0.852,98.79,19.31,1839907,"{""uptime_ms"":1839907,""bus_V"":9.944,""shunt_mV"":8.570,""current_A"":0.086,""power_W"":0.852,""soc_percent"":98.79,""soh_percent"":19.31}"
1771485617665,2026-02-19T13:20:17,battery/data,battery,esp32_bms,9.948,8.53,0.086,0.856,98.79,19.31,1844908,"{""uptime_ms"":1844908,""bus_V"":9.948,""shunt_mV"":8.530,""current_A"":0.086,""power_W"":0.856,""soc_percent"":98.79,""soh_percent"":19.31}"
1771485617681,2026-02-19T13:20:17,battery/data,battery,esp32_bms,9.948,8.53,0.086,0.856,98.79,19.31,1844908,"{""uptime_ms"":1844908,""bus_V"":9.948,""shunt_mV"":8.530,""current_A"":0.086,""power_W"":0.856,""soc_percent"":98.79,""soh_percent"":19.31}"
1771485622704,2026-02-19T13:20:22,battery/data,battery,esp32_bms,9.956,8.51,0.085,0.848,98.79,19.31,1849909,"{""uptime_ms"":1849909,""bus_V"":9.956,""shunt_mV"":8.510,""current_A"":0.085,""power_W"":0.848,""soc_percent"":98.79,""soh_percent"":19.31}"
1771485622704,2026-02-19T13:20:22,battery/data,battery,esp32_bms,9.956,8.51,0.085,0.848,98.79,19.31,1849909,"{""uptime_ms"":1849909,""bus_V"":9.956,""shunt_mV"":8.510,""current_A"":0.085,""power_W"":0.848,""soc_percent"":98.79,""soh_percent"":19.31}"
1771485627654,2026-02-19T13:20:27,battery/data,battery,esp32_bms,9.96,8.5,0.085,0.848,98.78,19.31,1854910,"{""uptime_ms"":1854910,""bus_V"":9.960,""shunt_mV"":8.500,""current_A"":0.085,""power_W"":0.848,""soc_percent"":98.78,""soh_percent"":19.31}"
1771485627654,2026-02-19T13:20:27,battery/data,battery,esp32_bms,9.96,8.5,0.085,0.848,98.78,19.31,1854910,"{""uptime_ms"":1854910,""bus_V"":9.960,""shunt_mV"":8.500,""current_A"":0.085,""power_W"":0.848,""soc_percent"":98.78,""soh_percent"":19.31}"
1771485632659,2026-02-19T13:20:32,battery/data,battery,esp32_bms,9.968,8.48,0.085,0.846,98.78,19.31,1859911,"{""uptime_ms"":1859911,""bus_V"":9.968,""shunt_mV"":8.480,""current_A"":0.085,""power_W"":0.846,""soc_percent"":98.78,""soh_percent"":19.31}"
1771485632660,2026-02-19T13:20:32,battery/data,battery,esp32_bms,9.968,8.48,0.085,0.846,98.78,19.31,1859911,"{""uptime_ms"":1859911,""bus_V"":9.968,""shunt_mV"":8.480,""current_A"":0.085,""power_W"":0.846,""soc_percent"":98.78,""soh_percent"":19.31}"
1771485637650,2026-02-19T13:20:37,battery/data,battery,esp32_bms,9.972,8.45,0.085,0.846,98.78,19.31,1864912,"{""uptime_ms"":1864912,""bus_V"":9.972,""shunt_mV"":8.450,""current_A"":0.085,""power_W"":0.846,""soc_percent"":98.78,""soh_percent"":19.31}"
1771485637650,2026-02-19T13:20:37,battery/data,battery,esp32_bms,9.972,8.45,0.085,0.846,98.78,19.31,1864912,"{""uptime_ms"":1864912,""bus_V"":9.972,""shunt_mV"":8.450,""current_A"":0.085,""power_W"":0.846,""soc_percent"":98.78,""soh_percent"":19.31}"
1771485642675,2026-02-19T13:20:42,battery/data,battery,esp32_bms,9.98,8.44,0.084,0.842,98.77,19.31,1869913,"{""uptime_ms"":1869913,""bus_V"":9.980,""shunt_mV"":8.440,""current_A"":0.084,""power_W"":0.842,""soc_percent"":98.77,""soh_percent"":19.31}"
1771485647660,2026-02-19T13:20:47,battery/data,battery,esp32_bms,9.984,8.46,0.084,0.842,98.77,19.31,1874914,"{""uptime_ms"":1874914,""bus_V"":9.984,""shunt_mV"":8.460,""current_A"":0.084,""power_W"":0.842,""soc_percent"":98.77,""soh_percent"":19.31}"
1771485647660,2026-02-19T13:20:47,battery/data,battery,esp32_bms,9.984,8.46,0.084,0.842,98.77,19.31,1874914,"{""uptime_ms"":1874914,""bus_V"":9.984,""shunt_mV"":8.460,""current_A"":0.084,""power_W"":0.842,""soc_percent"":98.77,""soh_percent"":19.31}"
1771485652676,2026-02-19T13:20:52,battery/data,battery,esp32_bms,9.992,8.41,0.084,0.838,98.77,19.31,1879915,"{""uptime_ms"":1879915,""bus_V"":9.992,""shunt_mV"":8.410,""current_A"":0.084,""power_W"":0.838,""soc_percent"":98.77,""soh_percent"":19.31}"
1771485653567,2026-02-19T13:20:53,battery/data,battery,esp32_bms,9.992,8.41,0.084,0.838,98.77,19.31,1879915,"{""uptime_ms"":1879915,""bus_V"":9.992,""shunt_mV"":8.410,""current_A"":0.084,""power_W"":0.838,""soc_percent"":98.77,""soh_percent"":19.31}"
1771485657661,2026-02-19T13:20:57,battery/data,battery,esp32_bms,9.996,8.38,0.084,0.842,98.77,19.31,1884916,"{""uptime_ms"":1884916,""bus_V"":9.996,""shunt_mV"":8.380,""current_A"":0.084,""power_W"":0.842,""soc_percent"":98.77,""soh_percent"":19.31}"
1771485662654,2026-02-19T13:21:02,battery/data,battery,esp32_bms,10.004,8.37,0.084,0.838,98.76,19.31,1889917,"{""uptime_ms"":1889917,""bus_V"":10.004,""shunt_mV"":8.370,""current_A"":0.084,""power_W"":0.838,""soc_percent"":98.76,""soh_percent"":19.31}"
1771485662654,2026-02-19T13:21:02,battery/data,battery,esp32_bms,10.004,8.37,0.084,0.838,98.76,19.31,1889917,"{""uptime_ms"":1889917,""bus_V"":10.004,""shunt_mV"":8.370,""current_A"":0.084,""power_W"":0.838,""soc_percent"":98.76,""soh_percent"":19.31}"
1771485667658,2026-02-19T13:21:07,battery/data,battery,esp32_bms,10.008,8.37,0.083,0.836,98.76,19.31,1894918,"{""uptime_ms"":1894918,""bus_V"":10.008,""shunt_mV"":8.370,""current_A"":0.083,""power_W"":0.836,""soc_percent"":98.76,""soh_percent"":19.31}"
1771485667658,2026-02-19T13:21:07,battery/data,battery,esp32_bms,10.008,8.37,0.083,0.836,98.76,19.31,1894918,"{""uptime_ms"":1894918,""bus_V"":10.008,""shunt_mV"":8.370,""current_A"":0.083,""power_W"":0.836,""soc_percent"":98.76,""soh_percent"":19.31}"
1771485672665,2026-02-19T13:21:12,battery/data,battery,esp32_bms,10.016,8.35,0.083,0.836,98.76,19.31,1899919,"{""uptime_ms"":1899919,""bus_V"":10.016,""shunt_mV"":8.350,""current_A"":0.083,""power_W"":0.836,""soc_percent"":98.76,""soh_percent"":19.31}"
1771485672671,2026-02-19T13:21:12,battery/data,battery,esp32_bms,10.016,8.35,0.083,0.836,98.76,19.31,1899919,"{""uptime_ms"":1899919,""bus_V"":10.016,""shunt_mV"":8.350,""current_A"":0.083,""power_W"":0.836,""soc_percent"":98.76,""soh_percent"":19.31}"
1771485677661,2026-02-19T13:21:17,battery/data,battery,esp32_bms,10.02,8.31,0.083,0.836,98.76,19.31,1904920,"{""uptime_ms"":1904920,""bus_V"":10.020,""shunt_mV"":8.310,""current_A"":0.083,""power_W"":0.836,""soc_percent"":98.76,""soh_percent"":19.31}"
1771485677661,2026-02-19T13:21:17,battery/data,battery,esp32_bms,10.02,8.31,0.083,0.836,98.76,19.31,1904920,"{""uptime_ms"":1904920,""bus_V"":10.020,""shunt_mV"":8.310,""current_A"":0.083,""power_W"":0.836,""soc_percent"":98.76,""soh_percent"":19.31}"
1771485682730,2026-02-19T13:21:22,battery/data,battery,esp32_bms,10.024,8.29,0.083,0.832,98.75,19.31,1909921,"{""uptime_ms"":1909921,""bus_V"":10.024,""shunt_mV"":8.290,""current_A"":0.083,""power_W"":0.832,""soc_percent"":98.75,""soh_percent"":19.31}"
1771485682746,2026-02-19T13:21:22,battery/data,battery,esp32_bms,10.024,8.29,0.083,0.832,98.75,19.31,1909921,"{""uptime_ms"":1909921,""bus_V"":10.024,""shunt_mV"":8.290,""current_A"":0.083,""power_W"":0.832,""soc_percent"":98.75,""soh_percent"":19.31}"
1771485687659,2026-02-19T13:21:27,battery/data,battery,esp32_bms,10.036,8.29,0.083,0.83,98.75,19.31,1914922,"{""uptime_ms"":1914922,""bus_V"":10.036,""shunt_mV"":8.290,""current_A"":0.083,""power_W"":0.830,""soc_percent"":98.75,""soh_percent"":19.31}"
1771485687662,2026-02-19T13:21:27,battery/data,battery,esp32_bms,10.036,8.29,0.083,0.83,98.75,19.31,1914922,"{""uptime_ms"":1914922,""bus_V"":10.036,""shunt_mV"":8.290,""current_A"":0.083,""power_W"":0.830,""soc_percent"":98.75,""soh_percent"":19.31}"
1771485692656,2026-02-19T13:21:32,battery/data,battery,esp32_bms,10.04,8.24,0.083,0.83,98.75,19.31,1919923,"{""uptime_ms"":1919923,""bus_V"":10.040,""shunt_mV"":8.240,""current_A"":0.083,""power_W"":0.830,""soc_percent"":98.75,""soh_percent"":19.31}"
1771485692666,2026-02-19T13:21:32,battery/data,battery,esp32_bms,10.04,8.24,0.083,0.83,98.75,19.31,1919923,"{""uptime_ms"":1919923,""bus_V"":10.040,""shunt_mV"":8.240,""current_A"":0.083,""power_W"":0.830,""soc_percent"":98.75,""soh_percent"":19.31}"
1771485697682,2026-02-19T13:21:37,battery/data,battery,esp32_bms,10.048,8.24,0.083,0.83,98.74,19.31,1924924,"{""uptime_ms"":1924924,""bus_V"":10.048,""shunt_mV"":8.240,""current_A"":0.083,""power_W"":0.830,""soc_percent"":98.74,""soh_percent"":19.31}"
1771485698595,2026-02-19T13:21:38,battery/data,battery,esp32_bms,10.048,8.24,0.083,0.83,98.74,19.31,1924924,"{""uptime_ms"":1924924,""bus_V"":10.048,""shunt_mV"":8.240,""current_A"":0.083,""power_W"":0.830,""soc_percent"":98.74,""soh_percent"":19.31}"
1771485702679,2026-02-19T13:21:42,battery/data,battery,esp32_bms,10.052,8.21,0.082,0.826,98.74,19.31,1929925,"{""uptime_ms"":1929925,""bus_V"":10.052,""shunt_mV"":8.210,""current_A"":0.082,""power_W"":0.826,""soc_percent"":98.74,""soh_percent"":19.31}"
1771485702696,2026-02-19T13:21:42,battery/data,battery,esp32_bms,10.052,8.21,0.082,0.826,98.74,19.31,1929925,"{""uptime_ms"":1929925,""bus_V"":10.052,""shunt_mV"":8.210,""current_A"":0.082,""power_W"":0.826,""soc_percent"":98.74,""soh_percent"":19.31}"
1771485707658,2026-02-19T13:21:47,battery/data,battery,esp32_bms,10.056,8.21,0.082,0.826,98.74,19.31,1934926,"{""uptime_ms"":1934926,""bus_V"":10.056,""shunt_mV"":8.210,""current_A"":0.082,""power_W"":0.826,""soc_percent"":98.74,""soh_percent"":19.31}"
1771485707658,2026-02-19T13:21:47,battery/data,battery,esp32_bms,10.056,8.21,0.082,0.826,98.74,19.31,1934926,"{""uptime_ms"":1934926,""bus_V"":10.056,""shunt_mV"":8.210,""current_A"":0.082,""power_W"":0.826,""soc_percent"":98.74,""soh_percent"":19.31}"
1771485712743,2026-02-19T13:21:52,battery/data,battery,esp32_bms,10.06,8.18,0.082,0.822,98.74,19.31,1939927,"{""uptime_ms"":1939927,""bus_V"":10.060,""shunt_mV"":8.180,""current_A"":0.082,""power_W"":0.822,""soc_percent"":98.74,""soh_percent"":19.31}"
1771485712743,2026-02-19T13:21:52,battery/data,battery,esp32_bms,10.06,8.18,0.082,0.822,98.74,19.31,1939927,"{""uptime_ms"":1939927,""bus_V"":10.060,""shunt_mV"":8.180,""current_A"":0.082,""power_W"":0.822,""soc_percent"":98.74,""soh_percent"":19.31}"
1771485717664,2026-02-19T13:21:57,battery/data,battery,esp32_bms,10.068,8.18,0.082,0.822,98.73,19.31,1944928,"{""uptime_ms"":1944928,""bus_V"":10.068,""shunt_mV"":8.180,""current_A"":0.082,""power_W"":0.822,""soc_percent"":98.73,""soh_percent"":19.31}"
1771485717680,2026-02-19T13:21:57,battery/data,battery,esp32_bms,10.068,8.18,0.082,0.822,98.73,19.31,1944928,"{""uptime_ms"":1944928,""bus_V"":10.068,""shunt_mV"":8.180,""current_A"":0.082,""power_W"":0.822,""soc_percent"":98.73,""soh_percent"":19.31}"
1771485722660,2026-02-19T13:22:02,battery/data,battery,esp32_bms,10.076,8.15,0.081,0.82,98.73,19.31,1949929,"{""uptime_ms"":1949929,""bus_V"":10.076,""shunt_mV"":8.150,""current_A"":0.081,""power_W"":0.820,""soc_percent"":98.73,""soh_percent"":19.31}"
1771485722660,2026-02-19T13:22:02,battery/data,battery,esp32_bms,10.076,8.15,0.081,0.82,98.73,19.31,1949929,"{""uptime_ms"":1949929,""bus_V"":10.076,""shunt_mV"":8.150,""current_A"":0.081,""power_W"":0.820,""soc_percent"":98.73,""soh_percent"":19.31}"
1771485727666,2026-02-19T13:22:07,battery/data,battery,esp32_bms,10.076,8.16,0.081,0.82,98.73,19.31,1954930,"{""uptime_ms"":1954930,""bus_V"":10.076,""shunt_mV"":8.160,""current_A"":0.081,""power_W"":0.820,""soc_percent"":98.73,""soh_percent"":19.31}"
1771485728585,2026-02-19T13:22:08,battery/data,battery,esp32_bms,10.076,8.16,0.081,0.82,98.73,19.31,1954930,"{""uptime_ms"":1954930,""bus_V"":10.076,""shunt_mV"":8.160,""current_A"":0.081,""power_W"":0.820,""soc_percent"":98.73,""soh_percent"":19.31}"
1771485732693,2026-02-19T13:22:12,battery/data,battery,esp32_bms,10.088,8.09,0.081,0.82,98.73,19.31,1959931,"{""uptime_ms"":1959931,""bus_V"":10.088,""shunt_mV"":8.090,""current_A"":0.081,""power_W"":0.820,""soc_percent"":98.73,""soh_percent"":19.31}"
1771485732699,2026-02-19T13:22:12,battery/data,battery,esp32_bms,10.088,8.09,0.081,0.82,98.73,19.31,1959931,"{""uptime_ms"":1959931,""bus_V"":10.088,""shunt_mV"":8.090,""current_A"":0.081,""power_W"":0.820,""soc_percent"":98.73,""soh_percent"":19.31}"
1771485737682,2026-02-19T13:22:17,battery/data,battery,esp32_bms,10.092,8.1,0.081,0.816,98.72,19.31,1964932,"{""uptime_ms"":1964932,""bus_V"":10.092,""shunt_mV"":8.100,""current_A"":0.081,""power_W"":0.816,""soc_percent"":98.72,""soh_percent"":19.31}"
1771485737696,2026-02-19T13:22:17,battery/data,battery,esp32_bms,10.092,8.1,0.081,0.816,98.72,19.31,1964932,"{""uptime_ms"":1964932,""bus_V"":10.092,""shunt_mV"":8.100,""current_A"":0.081,""power_W"":0.816,""soc_percent"":98.72,""soh_percent"":19.31}"
1771485742705,2026-02-19T13:22:22,battery/data,battery,esp32_bms,10.096,8.05,0.081,0.816,98.72,19.31,1969933,"{""uptime_ms"":1969933,""bus_V"":10.096,""shunt_mV"":8.050,""current_A"":0.081,""power_W"":0.816,""soc_percent"":98.72,""soh_percent"":19.31}"
1771485742721,2026-02-19T13:22:22,battery/data,battery,esp32_bms,10.096,8.05,0.081,0.816,98.72,19.31,1969933,"{""uptime_ms"":1969933,""bus_V"":10.096,""shunt_mV"":8.050,""current_A"":0.081,""power_W"":0.816,""soc_percent"":98.72,""soh_percent"":19.31}"
1771485747690,2026-02-19T13:22:27,battery/data,battery,esp32_bms,10.1,8.05,0.081,0.812,98.72,19.31,1974934,"{""uptime_ms"":1974934,""bus_V"":10.100,""shunt_mV"":8.050,""current_A"":0.081,""power_W"":0.812,""soc_percent"":98.72,""soh_percent"":19.31}"
1771485747690,2026-02-19T13:22:27,battery/data,battery,esp32_bms,10.1,8.05,0.081,0.812,98.72,19.31,1974934,"{""uptime_ms"":1974934,""bus_V"":10.100,""shunt_mV"":8.050,""current_A"":0.081,""power_W"":0.812,""soc_percent"":98.72,""soh_percent"":19.31}"
1771485752669,2026-02-19T13:22:32,battery/data,battery,esp32_bms,10.108,8.04,0.08,0.812,98.71,19.31,1979935,"{""uptime_ms"":1979935,""bus_V"":10.108,""shunt_mV"":8.040,""current_A"":0.080,""power_W"":0.812,""soc_percent"":98.71,""soh_percent"":19.31}"
1771485752669,2026-02-19T13:22:32,battery/data,battery,esp32_bms,10.108,8.04,0.08,0.812,98.71,19.31,1979935,"{""uptime_ms"":1979935,""bus_V"":10.108,""shunt_mV"":8.040,""current_A"":0.080,""power_W"":0.812,""soc_percent"":98.71,""soh_percent"":19.31}"
1771485757672,2026-02-19T13:22:37,battery/data,battery,esp32_bms,10.112,8.03,0.08,0.81,98.71,19.31,1984936,"{""uptime_ms"":1984936,""bus_V"":10.112,""shunt_mV"":8.030,""current_A"":0.080,""power_W"":0.810,""soc_percent"":98.71,""soh_percent"":19.31}"
1771485757672,2026-02-19T13:22:37,battery/data,battery,esp32_bms,10.112,8.03,0.08,0.81,98.71,19.31,1984936,"{""uptime_ms"":1984936,""bus_V"":10.112,""shunt_mV"":8.030,""current_A"":0.080,""power_W"":0.810,""soc_percent"":98.71,""soh_percent"":19.31}"
1771485762669,2026-02-19T13:22:42,battery/data,battery,esp32_bms,10.12,8.0,0.08,0.81,98.71,19.31,1989937,"{""uptime_ms"":1989937,""bus_V"":10.120,""shunt_mV"":8.000,""current_A"":0.080,""power_W"":0.810,""soc_percent"":98.71,""soh_percent"":19.31}"
1771485762669,2026-02-19T13:22:42,battery/data,battery,esp32_bms,10.12,8.0,0.08,0.81,98.71,19.31,1989937,"{""uptime_ms"":1989937,""bus_V"":10.120,""shunt_mV"":8.000,""current_A"":0.080,""power_W"":0.810,""soc_percent"":98.71,""soh_percent"":19.31}"
1771485767702,2026-02-19T13:22:47,battery/data,battery,esp32_bms,10.124,7.96,0.08,0.806,98.71,19.31,1994938,"{""uptime_ms"":1994938,""bus_V"":10.124,""shunt_mV"":7.960,""current_A"":0.080,""power_W"":0.806,""soc_percent"":98.71,""soh_percent"":19.31}"
1771485772694,2026-02-19T13:22:52,battery/data,battery,esp32_bms,10.128,7.95,0.08,0.806,98.7,19.31,1999939,"{""uptime_ms"":1999939,""bus_V"":10.128,""shunt_mV"":7.950,""current_A"":0.080,""power_W"":0.806,""soc_percent"":98.70,""soh_percent"":19.31}"
1771485772699,2026-02-19T13:22:52,battery/data,battery,esp32_bms,10.128,7.95,0.08,0.806,98.7,19.31,1999939,"{""uptime_ms"":1999939,""bus_V"":10.128,""shunt_mV"":7.950,""current_A"":0.080,""power_W"":0.806,""soc_percent"":98.70,""soh_percent"":19.31}"
1771485777715,2026-02-19T13:22:57,battery/data,battery,esp32_bms,10.132,7.96,0.079,0.806,98.7,19.31,2004940,"{""uptime_ms"":2004940,""bus_V"":10.132,""shunt_mV"":7.960,""current_A"":0.079,""power_W"":0.806,""soc_percent"":98.70,""soh_percent"":19.31}"
1771485782672,2026-02-19T13:23:02,battery/data,battery,esp32_bms,10.14,7.95,0.079,0.802,98.7,19.31,2009941,"{""uptime_ms"":2009941,""bus_V"":10.140,""shunt_mV"":7.950,""current_A"":0.079,""power_W"":0.802,""soc_percent"":98.70,""soh_percent"":19.31}"
1771485782674,2026-02-19T13:23:02,battery/data,battery,esp32_bms,10.14,7.95,0.079,0.802,98.7,19.31,2009941,"{""uptime_ms"":2009941,""bus_V"":10.140,""shunt_mV"":7.950,""current_A"":0.079,""power_W"":0.802,""soc_percent"":98.70,""soh_percent"":19.31}"
1771485787674,2026-02-19T13:23:07,battery/data,battery,esp32_bms,10.148,7.91,0.079,0.802,98.7,19.31,2014942,"{""uptime_ms"":2014942,""bus_V"":10.148,""shunt_mV"":7.910,""current_A"":0.079,""power_W"":0.802,""soc_percent"":98.70,""soh_percent"":19.31}"
1771485787693,2026-02-19T13:23:07,battery/data,battery,esp32_bms,10.148,7.91,0.079,0.802,98.7,19.31,2014942,"{""uptime_ms"":2014942,""bus_V"":10.148,""shunt_mV"":7.910,""current_A"":0.079,""power_W"":0.802,""soc_percent"":98.70,""soh_percent"":19.31}"
1771485792715,2026-02-19T13:23:12,battery/data,battery,esp32_bms,10.152,7.89,0.079,0.802,98.69,19.31,2019943,"{""uptime_ms"":2019943,""bus_V"":10.152,""shunt_mV"":7.890,""current_A"":0.079,""power_W"":0.802,""soc_percent"":98.69,""soh_percent"":19.31}"
1771485792715,2026-02-19T13:23:12,battery/data,battery,esp32_bms,10.152,7.89,0.079,0.802,98.69,19.31,2019943,"{""uptime_ms"":2019943,""bus_V"":10.152,""shunt_mV"":7.890,""current_A"":0.079,""power_W"":0.802,""soc_percent"":98.69,""soh_percent"":19.31}"
1771485797676,2026-02-19T13:23:17,battery/data,battery,esp32_bms,10.16,7.87,0.079,0.8,98.69,19.31,2024944,"{""uptime_ms"":2024944,""bus_V"":10.160,""shunt_mV"":7.870,""current_A"":0.079,""power_W"":0.800,""soc_percent"":98.69,""soh_percent"":19.31}"
1771485797676,2026-02-19T13:23:17,battery/data,battery,esp32_bms,10.16,7.87,0.079,0.8,98.69,19.31,2024944,"{""uptime_ms"":2024944,""bus_V"":10.160,""shunt_mV"":7.870,""current_A"":0.079,""power_W"":0.800,""soc_percent"":98.69,""soh_percent"":19.31}"
1771485802727,2026-02-19T13:23:22,battery/data,battery,esp32_bms,10.164,7.86,0.079,0.8,98.69,19.31,2029945,"{""uptime_ms"":2029945,""bus_V"":10.164,""shunt_mV"":7.860,""current_A"":0.079,""power_W"":0.800,""soc_percent"":98.69,""soh_percent"":19.31}"
1771485802743,2026-02-19T13:23:22,battery/data,battery,esp32_bms,10.164,7.86,0.079,0.8,98.69,19.31,2029945,"{""uptime_ms"":2029945,""bus_V"":10.164,""shunt_mV"":7.860,""current_A"":0.079,""power_W"":0.800,""soc_percent"":98.69,""soh_percent"":19.31}"
1771485807712,2026-02-19T13:23:27,battery/data,battery,esp32_bms,10.168,7.83,0.079,0.8,98.69,19.31,2034946,"{""uptime_ms"":2034946,""bus_V"":10.168,""shunt_mV"":7.830,""current_A"":0.079,""power_W"":0.800,""soc_percent"":98.69,""soh_percent"":19.31}"
1771485807715,2026-02-19T13:23:27,battery/data,battery,esp32_bms,10.168,7.83,0.079,0.8,98.69,19.31,2034946,"{""uptime_ms"":2034946,""bus_V"":10.168,""shunt_mV"":7.830,""current_A"":0.079,""power_W"":0.800,""soc_percent"":98.69,""soh_percent"":19.31}"
1771485812682,2026-02-19T13:23:32,battery/data,battery,esp32_bms,10.172,7.82,0.078,0.796,98.68,19.31,2039947,"{""uptime_ms"":2039947,""bus_V"":10.172,""shunt_mV"":7.820,""current_A"":0.078,""power_W"":0.796,""soc_percent"":98.68,""soh_percent"":19.31}"
1771485812698,2026-02-19T13:23:32,battery/data,battery,esp32_bms,10.172,7.82,0.078,0.796,98.68,19.31,2039947,"{""uptime_ms"":2039947,""bus_V"":10.172,""shunt_mV"":7.820,""current_A"":0.078,""power_W"":0.796,""soc_percent"":98.68,""soh_percent"":19.31}"
1771485817680,2026-02-19T13:23:37,battery/data,battery,esp32_bms,10.176,7.8,0.078,0.792,98.68,19.31,2044948,"{""uptime_ms"":2044948,""bus_V"":10.176,""shunt_mV"":7.800,""current_A"":0.078,""power_W"":0.792,""soc_percent"":98.68,""soh_percent"":19.31}"
1771485817701,2026-02-19T13:23:37,battery/data,battery,esp32_bms,10.176,7.8,0.078,0.792,98.68,19.31,2044948,"{""uptime_ms"":2044948,""bus_V"":10.176,""shunt_mV"":7.800,""current_A"":0.078,""power_W"":0.792,""soc_percent"":98.68,""soh_percent"":19.31}"
1771485822720,2026-02-19T13:23:42,battery/data,battery,esp32_bms,10.18,7.8,0.078,0.792,98.68,19.31,2049949,"{""uptime_ms"":2049949,""bus_V"":10.180,""shunt_mV"":7.800,""current_A"":0.078,""power_W"":0.792,""soc_percent"":98.68,""soh_percent"":19.31}"
1771485822724,2026-02-19T13:23:42,battery/data,battery,esp32_bms,10.18,7.8,0.078,0.792,98.68,19.31,2049949,"{""uptime_ms"":2049949,""bus_V"":10.180,""shunt_mV"":7.800,""current_A"":0.078,""power_W"":0.792,""soc_percent"":98.68,""soh_percent"":19.31}"
1771485827686,2026-02-19T13:23:47,battery/data,battery,esp32_bms,10.188,7.79,0.078,0.792,98.68,19.31,2054950,"{""uptime_ms"":2054950,""bus_V"":10.188,""shunt_mV"":7.790,""current_A"":0.078,""power_W"":0.792,""soc_percent"":98.68,""soh_percent"":19.31}"
1771485828131,2026-02-19T13:23:48,battery/data,battery,esp32_bms,10.188,7.79,0.078,0.792,98.68,19.31,2054950,"{""uptime_ms"":2054950,""bus_V"":10.188,""shunt_mV"":7.790,""current_A"":0.078,""power_W"":0.792,""soc_percent"":98.68,""soh_percent"":19.31}"
1771485832718,2026-02-19T13:23:52,battery/data,battery,esp32_bms,10.192,7.75,0.077,0.79,98.67,19.31,2059951,"{""uptime_ms"":2059951,""bus_V"":10.192,""shunt_mV"":7.750,""current_A"":0.077,""power_W"":0.790,""soc_percent"":98.67,""soh_percent"":19.31}"
1771485832718,2026-02-19T13:23:52,battery/data,battery,esp32_bms,10.192,7.75,0.077,0.79,98.67,19.31,2059951,"{""uptime_ms"":2059951,""bus_V"":10.192,""shunt_mV"":7.750,""current_A"":0.077,""power_W"":0.790,""soc_percent"":98.67,""soh_percent"":19.31}"
1771485837743,2026-02-19T13:23:57,battery/data,battery,esp32_bms,10.196,7.75,0.078,0.79,98.67,19.31,2064952,"{""uptime_ms"":2064952,""bus_V"":10.196,""shunt_mV"":7.750,""current_A"":0.078,""power_W"":0.790,""soc_percent"":98.67,""soh_percent"":19.31}"
1771485837743,2026-02-19T13:23:57,battery/data,battery,esp32_bms,10.196,7.75,0.078,0.79,98.67,19.31,2064952,"{""uptime_ms"":2064952,""bus_V"":10.196,""shunt_mV"":7.750,""current_A"":0.078,""power_W"":0.790,""soc_percent"":98.67,""soh_percent"":19.31}"
1771485842698,2026-02-19T13:24:02,battery/data,battery,esp32_bms,10.204,7.71,0.077,0.79,98.67,19.31,2069953,"{""uptime_ms"":2069953,""bus_V"":10.204,""shunt_mV"":7.710,""current_A"":0.077,""power_W"":0.790,""soc_percent"":98.67,""soh_percent"":19.31}"
1771485842698,2026-02-19T13:24:02,battery/data,battery,esp32_bms,10.204,7.71,0.077,0.79,98.67,19.31,2069953,"{""uptime_ms"":2069953,""bus_V"":10.204,""shunt_mV"":7.710,""current_A"":0.077,""power_W"":0.790,""soc_percent"":98.67,""soh_percent"":19.31}"
1771485847692,2026-02-19T13:24:07,battery/data,battery,esp32_bms,10.208,7.71,0.077,0.786,98.67,19.31,2074954,"{""uptime_ms"":2074954,""bus_V"":10.208,""shunt_mV"":7.710,""current_A"":0.077,""power_W"":0.786,""soc_percent"":98.67,""soh_percent"":19.31}"
1771485847697,2026-02-19T13:24:07,battery/data,battery,esp32_bms,10.208,7.71,0.077,0.786,98.67,19.31,2074954,"{""uptime_ms"":2074954,""bus_V"":10.208,""shunt_mV"":7.710,""current_A"":0.077,""power_W"":0.786,""soc_percent"":98.67,""soh_percent"":19.31}"
1771485852758,2026-02-19T13:24:12,battery/data,battery,esp32_bms,10.216,7.7,0.077,0.786,98.66,19.31,2079955,"{""uptime_ms"":2079955,""bus_V"":10.216,""shunt_mV"":7.700,""current_A"":0.077,""power_W"":0.786,""soc_percent"":98.66,""soh_percent"":19.31}"
1771485852833,2026-02-19T13:24:12,battery/data,battery,esp32_bms,10.216,7.7,0.077,0.786,98.66,19.31,2079955,"{""uptime_ms"":2079955,""bus_V"":10.216,""shunt_mV"":7.700,""current_A"":0.077,""power_W"":0.786,""soc_percent"":98.66,""soh_percent"":19.31}"
1771485857703,2026-02-19T13:24:17,battery/data,battery,esp32_bms,10.22,7.65,0.077,0.784,98.66,19.31,2084956,"{""uptime_ms"":2084956,""bus_V"":10.220,""shunt_mV"":7.650,""current_A"":0.077,""power_W"":0.784,""soc_percent"":98.66,""soh_percent"":19.31}"
1771485857710,2026-02-19T13:24:17,battery/data,battery,esp32_bms,10.22,7.65,0.077,0.784,98.66,19.31,2084956,"{""uptime_ms"":2084956,""bus_V"":10.220,""shunt_mV"":7.650,""current_A"":0.077,""power_W"":0.784,""soc_percent"":98.66,""soh_percent"":19.31}"
1771485862716,2026-02-19T13:24:22,battery/data,battery,esp32_bms,10.224,7.66,0.077,0.786,98.66,19.31,2089957,"{""uptime_ms"":2089957,""bus_V"":10.224,""shunt_mV"":7.660,""current_A"":0.077,""power_W"":0.786,""soc_percent"":98.66,""soh_percent"":19.31}"
1771485862716,2026-02-19T13:24:22,battery/data,battery,esp32_bms,10.224,7.66,0.077,0.786,98.66,19.31,2089957,"{""uptime_ms"":2089957,""bus_V"":10.224,""shunt_mV"":7.660,""current_A"":0.077,""power_W"":0.786,""soc_percent"":98.66,""soh_percent"":19.31}"
1771485867718,2026-02-19T13:24:27,battery/data,battery,esp32_bms,10.228,7.66,0.076,0.784,98.66,19.31,2094958,"{""uptime_ms"":2094958,""bus_V"":10.228,""shunt_mV"":7.660,""current_A"":0.076,""power_W"":0.784,""soc_percent"":98.66,""soh_percent"":19.31}"
1771485867718,2026-02-19T13:24:27,battery/data,battery,esp32_bms,10.228,7.66,0.076,0.784,98.66,19.31,2094958,"{""uptime_ms"":2094958,""bus_V"":10.228,""shunt_mV"":7.660,""current_A"":0.076,""power_W"":0.784,""soc_percent"":98.66,""soh_percent"":19.31}"
1771485872763,2026-02-19T13:24:32,battery/data,battery,esp32_bms,10.236,7.63,0.076,0.776,98.65,19.31,2099959,"{""uptime_ms"":2099959,""bus_V"":10.236,""shunt_mV"":7.630,""current_A"":0.076,""power_W"":0.776,""soc_percent"":98.65,""soh_percent"":19.31}"
1771485872763,2026-02-19T13:24:32,battery/data,battery,esp32_bms,10.236,7.63,0.076,0.776,98.65,19.31,2099959,"{""uptime_ms"":2099959,""bus_V"":10.236,""shunt_mV"":7.630,""current_A"":0.076,""power_W"":0.776,""soc_percent"":98.65,""soh_percent"":19.31}"
1771485877689,2026-02-19T13:24:37,battery/data,battery,esp32_bms,10.24,7.63,0.076,0.78,98.65,19.31,2104960,"{""uptime_ms"":2104960,""bus_V"":10.240,""shunt_mV"":7.630,""current_A"":0.076,""power_W"":0.780,""soc_percent"":98.65,""soh_percent"":19.31}"
1771485877705,2026-02-19T13:24:37,battery/data,battery,esp32_bms,10.24,7.63,0.076,0.78,98.65,19.31,2104960,"{""uptime_ms"":2104960,""bus_V"":10.240,""shunt_mV"":7.630,""current_A"":0.076,""power_W"":0.780,""soc_percent"":98.65,""soh_percent"":19.31}"
1771485882698,2026-02-19T13:24:42,battery/data,battery,esp32_bms,10.244,7.6,0.076,0.784,98.65,19.31,2109961,"{""uptime_ms"":2109961,""bus_V"":10.244,""shunt_mV"":7.600,""current_A"":0.076,""power_W"":0.784,""soc_percent"":98.65,""soh_percent"":19.31}"
1771485882698,2026-02-19T13:24:42,battery/data,battery,esp32_bms,10.244,7.6,0.076,0.784,98.65,19.31,2109961,"{""uptime_ms"":2109961,""bus_V"":10.244,""shunt_mV"":7.600,""current_A"":0.076,""power_W"":0.784,""soc_percent"":98.65,""soh_percent"":19.31}"
1771485887750,2026-02-19T13:24:47,battery/data,battery,esp32_bms,10.248,7.58,0.076,0.776,98.64,19.31,2114962,"{""uptime_ms"":2114962,""bus_V"":10.248,""shunt_mV"":7.580,""current_A"":0.076,""power_W"":0.776,""soc_percent"":98.64,""soh_percent"":19.31}"
1771485887750,2026-02-19T13:24:47,battery/data,battery,esp32_bms,10.248,7.58,0.076,0.776,98.64,19.31,2114962,"{""uptime_ms"":2114962,""bus_V"":10.248,""shunt_mV"":7.580,""current_A"":0.076,""power_W"":0.776,""soc_percent"":98.64,""soh_percent"":19.31}"
1771485892716,2026-02-19T13:24:52,battery/data,battery,esp32_bms,10.252,7.57,0.075,0.774,98.64,19.31,2119963,"{""uptime_ms"":2119963,""bus_V"":10.252,""shunt_mV"":7.570,""current_A"":0.075,""power_W"":0.774,""soc_percent"":98.64,""soh_percent"":19.31}"
1771485893176,2026-02-19T13:24:53,battery/data,battery,esp32_bms,10.252,7.57,0.075,0.774,98.64,19.31,2119963,"{""uptime_ms"":2119963,""bus_V"":10.252,""shunt_mV"":7.570,""current_A"":0.075,""power_W"":0.774,""soc_percent"":98.64,""soh_percent"":19.31}"
1771485897724,2026-02-19T13:24:57,battery/data,battery,esp32_bms,10.256,7.52,0.076,0.776,98.64,19.31,2124964,"{""uptime_ms"":2124964,""bus_V"":10.256,""shunt_mV"":7.520,""current_A"":0.076,""power_W"":0.776,""soc_percent"":98.64,""soh_percent"":19.31}"
1771485897741,2026-02-19T13:24:57,battery/data,battery,esp32_bms,10.256,7.52,0.076,0.776,98.64,19.31,2124964,"{""uptime_ms"":2124964,""bus_V"":10.256,""shunt_mV"":7.520,""current_A"":0.076,""power_W"":0.776,""soc_percent"":98.64,""soh_percent"":19.31}"
1771485902703,2026-02-19T13:25:02,battery/data,battery,esp32_bms,10.26,7.51,0.075,0.774,98.64,19.31,2129965,"{""uptime_ms"":2129965,""bus_V"":10.260,""shunt_mV"":7.510,""current_A"":0.075,""power_W"":0.774,""soc_percent"":98.64,""soh_percent"":19.31}"
1771485902703,2026-02-19T13:25:02,battery/data,battery,esp32_bms,10.26,7.51,0.075,0.774,98.64,19.31,2129965,"{""uptime_ms"":2129965,""bus_V"":10.260,""shunt_mV"":7.510,""current_A"":0.075,""power_W"":0.774,""soc_percent"":98.64,""soh_percent"":19.31}"
1771485907919,2026-02-19T13:25:07,battery/data,battery,esp32_bms,10.268,7.52,0.075,0.774,98.63,19.31,2134966,"{""uptime_ms"":2134966,""bus_V"":10.268,""shunt_mV"":7.520,""current_A"":0.075,""power_W"":0.774,""soc_percent"":98.63,""soh_percent"":19.31}"
1771485908388,2026-02-19T13:25:08,battery/data,battery,esp32_bms,10.268,7.52,0.075,0.774,98.63,19.31,2134966,"{""uptime_ms"":2134966,""bus_V"":10.268,""shunt_mV"":7.520,""current_A"":0.075,""power_W"":0.774,""soc_percent"":98.63,""soh_percent"":19.31}"
1771485912732,2026-02-19T13:25:12,battery/data,battery,esp32_bms,10.272,7.48,0.075,0.77,98.63,19.31,2139967,"{""uptime_ms"":2139967,""bus_V"":10.272,""shunt_mV"":7.480,""current_A"":0.075,""power_W"":0.770,""soc_percent"":98.63,""soh_percent"":19.31}"
1771485912732,2026-02-19T13:25:12,battery/data,battery,esp32_bms,10.272,7.48,0.075,0.77,98.63,19.31,2139967,"{""uptime_ms"":2139967,""bus_V"":10.272,""shunt_mV"":7.480,""current_A"":0.075,""power_W"":0.770,""soc_percent"":98.63,""soh_percent"":19.31}"
1771485917706,2026-02-19T13:25:17,battery/data,battery,esp32_bms,10.284,7.47,0.075,0.77,98.63,19.31,2144968,"{""uptime_ms"":2144968,""bus_V"":10.284,""shunt_mV"":7.470,""current_A"":0.075,""power_W"":0.770,""soc_percent"":98.63,""soh_percent"":19.31}"
1771485917706,2026-02-19T13:25:17,battery/data,battery,esp32_bms,10.284,7.47,0.075,0.77,98.63,19.31,2144968,"{""uptime_ms"":2144968,""bus_V"":10.284,""shunt_mV"":7.470,""current_A"":0.075,""power_W"":0.770,""soc_percent"":98.63,""soh_percent"":19.31}"
1771485922708,2026-02-19T13:25:22,battery/data,battery,esp32_bms,10.284,7.47,0.075,0.766,98.63,19.31,2149969,"{""uptime_ms"":2149969,""bus_V"":10.284,""shunt_mV"":7.470,""current_A"":0.075,""power_W"":0.766,""soc_percent"":98.63,""soh_percent"":19.31}"
1771485927734,2026-02-19T13:25:27,battery/data,battery,esp32_bms,10.288,7.43,0.074,0.766,98.63,19.31,2154970,"{""uptime_ms"":2154970,""bus_V"":10.288,""shunt_mV"":7.430,""current_A"":0.074,""power_W"":0.766,""soc_percent"":98.63,""soh_percent"":19.31}"
1771485928188,2026-02-19T13:25:28,battery/data,battery,esp32_bms,10.288,7.43,0.074,0.766,98.63,19.31,2154970,"{""uptime_ms"":2154970,""bus_V"":10.288,""shunt_mV"":7.430,""current_A"":0.074,""power_W"":0.766,""soc_percent"":98.63,""soh_percent"":19.31}"
1771485932770,2026-02-19T13:25:32,battery/data,battery,esp32_bms,10.296,7.44,0.074,0.766,98.62,19.31,2159971,"{""uptime_ms"":2159971,""bus_V"":10.296,""shunt_mV"":7.440,""current_A"":0.074,""power_W"":0.766,""soc_percent"":98.62,""soh_percent"":19.31}"
1771485932782,2026-02-19T13:25:32,battery/data,battery,esp32_bms,10.296,7.44,0.074,0.766,98.62,19.31,2159971,"{""uptime_ms"":2159971,""bus_V"":10.296,""shunt_mV"":7.440,""current_A"":0.074,""power_W"":0.766,""soc_percent"":98.62,""soh_percent"":19.31}"
1771485937719,2026-02-19T13:25:37,battery/data,battery,esp32_bms,10.3,7.41,0.074,0.764,98.62,19.31,2164972,"{""uptime_ms"":2164972,""bus_V"":10.300,""shunt_mV"":7.410,""current_A"":0.074,""power_W"":0.764,""soc_percent"":98.62,""soh_percent"":19.31}"
1771485937719,2026-02-19T13:25:37,battery/data,battery,esp32_bms,10.3,7.41,0.074,0.764,98.62,19.31,2164972,"{""uptime_ms"":2164972,""bus_V"":10.300,""shunt_mV"":7.410,""current_A"":0.074,""power_W"":0.764,""soc_percent"":98.62,""soh_percent"":19.31}"
1771485942775,2026-02-19T13:25:42,battery/data,battery,esp32_bms,10.304,7.41,0.074,0.764,98.62,19.31,2169973,"{""uptime_ms"":2169973,""bus_V"":10.304,""shunt_mV"":7.410,""current_A"":0.074,""power_W"":0.764,""soc_percent"":98.62,""soh_percent"":19.31}"
1771485942775,2026-02-19T13:25:42,battery/data,battery,esp32_bms,10.304,7.41,0.074,0.764,98.62,19.31,2169973,"{""uptime_ms"":2169973,""bus_V"":10.304,""shunt_mV"":7.410,""current_A"":0.074,""power_W"":0.764,""soc_percent"":98.62,""soh_percent"":19.31}"
1771485947717,2026-02-19T13:25:47,battery/data,battery,esp32_bms,10.308,7.38,0.074,0.76,98.62,19.31,2174974,"{""uptime_ms"":2174974,""bus_V"":10.308,""shunt_mV"":7.380,""current_A"":0.074,""power_W"":0.760,""soc_percent"":98.62,""soh_percent"":19.31}"
1771485947717,2026-02-19T13:25:47,battery/data,battery,esp32_bms,10.308,7.38,0.074,0.76,98.62,19.31,2174974,"{""uptime_ms"":2174974,""bus_V"":10.308,""shunt_mV"":7.380,""current_A"":0.074,""power_W"":0.760,""soc_percent"":98.62,""soh_percent"":19.31}"
1771485952725,2026-02-19T13:25:52,battery/data,battery,esp32_bms,10.312,7.4,0.074,0.76,98.61,19.31,2179975,"{""uptime_ms"":2179975,""bus_V"":10.312,""shunt_mV"":7.400,""current_A"":0.074,""power_W"":0.760,""soc_percent"":98.61,""soh_percent"":19.31}"
1771485957745,2026-02-19T13:25:57,battery/data,battery,esp32_bms,10.316,7.36,0.073,0.756,98.61,19.31,2184976,"{""uptime_ms"":2184976,""bus_V"":10.316,""shunt_mV"":7.360,""current_A"":0.073,""power_W"":0.756,""soc_percent"":98.61,""soh_percent"":19.31}"
1771485957745,2026-02-19T13:25:57,battery/data,battery,esp32_bms,10.316,7.36,0.073,0.756,98.61,19.31,2184976,"{""uptime_ms"":2184976,""bus_V"":10.316,""shunt_mV"":7.360,""current_A"":0.073,""power_W"":0.756,""soc_percent"":98.61,""soh_percent"":19.31}"
1771485962738,2026-02-19T13:26:02,battery/data,battery,esp32_bms,10.324,7.35,0.073,0.756,98.61,19.31,2189977,"{""uptime_ms"":2189977,""bus_V"":10.324,""shunt_mV"":7.350,""current_A"":0.073,""power_W"":0.756,""soc_percent"":98.61,""soh_percent"":19.31}"
1771485962753,2026-02-19T13:26:02,battery/data,battery,esp32_bms,10.324,7.35,0.073,0.756,98.61,19.31,2189977,"{""uptime_ms"":2189977,""bus_V"":10.324,""shunt_mV"":7.350,""current_A"":0.073,""power_W"":0.756,""soc_percent"":98.61,""soh_percent"":19.31}"
1771485967712,2026-02-19T13:26:07,battery/data,battery,esp32_bms,10.328,7.33,0.073,0.756,98.61,19.31,2194978,"{""uptime_ms"":2194978,""bus_V"":10.328,""shunt_mV"":7.330,""current_A"":0.073,""power_W"":0.756,""soc_percent"":98.61,""soh_percent"":19.31}"
1771485967716,2026-02-19T13:26:07,battery/data,battery,esp32_bms,10.328,7.33,0.073,0.756,98.61,19.31,2194978,"{""uptime_ms"":2194978,""bus_V"":10.328,""shunt_mV"":7.330,""current_A"":0.073,""power_W"":0.756,""soc_percent"":98.61,""soh_percent"":19.31}"
1771485972741,2026-02-19T13:26:12,battery/data,battery,esp32_bms,10.332,7.33,0.073,0.754,98.6,19.31,2199979,"{""uptime_ms"":2199979,""bus_V"":10.332,""shunt_mV"":7.330,""current_A"":0.073,""power_W"":0.754,""soc_percent"":98.60,""soh_percent"":19.31}"
1771485972741,2026-02-19T13:26:12,battery/data,battery,esp32_bms,10.332,7.33,0.073,0.754,98.6,19.31,2199979,"{""uptime_ms"":2199979,""bus_V"":10.332,""shunt_mV"":7.330,""current_A"":0.073,""power_W"":0.754,""soc_percent"":98.60,""soh_percent"":19.31}"
1771485977718,2026-02-19T13:26:17,battery/data,battery,esp32_bms,10.336,7.29,0.073,0.754,98.6,19.31,2204980,"{""uptime_ms"":2204980,""bus_V"":10.336,""shunt_mV"":7.290,""current_A"":0.073,""power_W"":0.754,""soc_percent"":98.60,""soh_percent"":19.31}"
1771485977718,2026-02-19T13:26:17,battery/data,battery,esp32_bms,10.336,7.29,0.073,0.754,98.6,19.31,2204980,"{""uptime_ms"":2204980,""bus_V"":10.336,""shunt_mV"":7.290,""current_A"":0.073,""power_W"":0.754,""soc_percent"":98.60,""soh_percent"":19.31}"
1771485982738,2026-02-19T13:26:22,battery/data,battery,esp32_bms,10.344,7.3,0.073,0.754,98.6,19.31,2209981,"{""uptime_ms"":2209981,""bus_V"":10.344,""shunt_mV"":7.300,""current_A"":0.073,""power_W"":0.754,""soc_percent"":98.60,""soh_percent"":19.31}"
1771485987767,2026-02-19T13:26:27,battery/data,battery,esp32_bms,10.344,7.27,0.073,0.75,98.6,19.31,2214982,"{""uptime_ms"":2214982,""bus_V"":10.344,""shunt_mV"":7.270,""current_A"":0.073,""power_W"":0.750,""soc_percent"":98.60,""soh_percent"":19.31}"
1771485987774,2026-02-19T13:26:27,battery/data,battery,esp32_bms,10.344,7.27,0.073,0.75,98.6,19.31,2214982,"{""uptime_ms"":2214982,""bus_V"":10.344,""shunt_mV"":7.270,""current_A"":0.073,""power_W"":0.750,""soc_percent"":98.60,""soh_percent"":19.31}"
1771485992890,2026-02-19T13:26:32,battery/data,battery,esp32_bms,10.348,7.26,0.073,0.75,98.59,19.31,2219983,"{""uptime_ms"":2219983,""bus_V"":10.348,""shunt_mV"":7.260,""current_A"":0.073,""power_W"":0.750,""soc_percent"":98.59,""soh_percent"":19.31}"
1771485993355,2026-02-19T13:26:33,battery/data,battery,esp32_bms,10.348,7.26,0.073,0.75,98.59,19.31,2219983,"{""uptime_ms"":2219983,""bus_V"":10.348,""shunt_mV"":7.260,""current_A"":0.073,""power_W"":0.750,""soc_percent"":98.59,""soh_percent"":19.31}"
1771485997721,2026-02-19T13:26:37,battery/data,battery,esp32_bms,10.352,7.23,0.072,0.75,98.59,19.31,2224984,"{""uptime_ms"":2224984,""bus_V"":10.352,""shunt_mV"":7.230,""current_A"":0.072,""power_W"":0.750,""soc_percent"":98.59,""soh_percent"":19.31}"
1771485997737,2026-02-19T13:26:37,battery/data,battery,esp32_bms,10.352,7.23,0.072,0.75,98.59,19.31,2224984,"{""uptime_ms"":2224984,""bus_V"":10.352,""shunt_mV"":7.230,""current_A"":0.072,""power_W"":0.750,""soc_percent"":98.59,""soh_percent"":19.31}"
1771486002732,2026-02-19T13:26:42,battery/data,battery,esp32_bms,10.36,7.22,0.072,0.75,98.59,19.31,2229985,"{""uptime_ms"":2229985,""bus_V"":10.360,""shunt_mV"":7.220,""current_A"":0.072,""power_W"":0.750,""soc_percent"":98.59,""soh_percent"":19.31}"
1771486002742,2026-02-19T13:26:42,battery/data,battery,esp32_bms,10.36,7.22,0.072,0.75,98.59,19.31,2229985,"{""uptime_ms"":2229985,""bus_V"":10.360,""shunt_mV"":7.220,""current_A"":0.072,""power_W"":0.750,""soc_percent"":98.59,""soh_percent"":19.31}"
1771486007744,2026-02-19T13:26:47,battery/data,battery,esp32_bms,10.364,7.2,0.072,0.748,98.59,19.31,2234986,"{""uptime_ms"":2234986,""bus_V"":10.364,""shunt_mV"":7.200,""current_A"":0.072,""power_W"":0.748,""soc_percent"":98.59,""soh_percent"":19.31}"
1771486007760,2026-02-19T13:26:47,battery/data,battery,esp32_bms,10.364,7.2,0.072,0.748,98.59,19.31,2234986,"{""uptime_ms"":2234986,""bus_V"":10.364,""shunt_mV"":7.200,""current_A"":0.072,""power_W"":0.748,""soc_percent"":98.59,""soh_percent"":19.31}"
1771486012739,2026-02-19T13:26:52,battery/data,battery,esp32_bms,10.368,7.19,0.072,0.748,98.58,19.31,2239987,"{""uptime_ms"":2239987,""bus_V"":10.368,""shunt_mV"":7.190,""current_A"":0.072,""power_W"":0.748,""soc_percent"":98.58,""soh_percent"":19.31}"
1771486012739,2026-02-19T13:26:52,battery/data,battery,esp32_bms,10.368,7.19,0.072,0.748,98.58,19.31,2239987,"{""uptime_ms"":2239987,""bus_V"":10.368,""shunt_mV"":7.190,""current_A"":0.072,""power_W"":0.748,""soc_percent"":98.58,""soh_percent"":19.31}"
1771486017762,2026-02-19T13:26:57,battery/data,battery,esp32_bms,10.372,7.17,0.072,0.748,98.58,19.31,2244988,"{""uptime_ms"":2244988,""bus_V"":10.372,""shunt_mV"":7.170,""current_A"":0.072,""power_W"":0.748,""soc_percent"":98.58,""soh_percent"":19.31}"
1771486017768,2026-02-19T13:26:57,battery/data,battery,esp32_bms,10.372,7.17,0.072,0.748,98.58,19.31,2244988,"{""uptime_ms"":2244988,""bus_V"":10.372,""shunt_mV"":7.170,""current_A"":0.072,""power_W"":0.748,""soc_percent"":98.58,""soh_percent"":19.31}"
1771486022802,2026-02-19T13:27:02,battery/data,battery,esp32_bms,10.376,7.15,0.072,0.744,98.58,19.31,2249989,"{""uptime_ms"":2249989,""bus_V"":10.376,""shunt_mV"":7.150,""current_A"":0.072,""power_W"":0.744,""soc_percent"":98.58,""soh_percent"":19.31}"
1771486022814,2026-02-19T13:27:02,battery/data,battery,esp32_bms,10.376,7.15,0.072,0.744,98.58,19.31,2249989,"{""uptime_ms"":2249989,""bus_V"":10.376,""shunt_mV"":7.150,""current_A"":0.072,""power_W"":0.744,""soc_percent"":98.58,""soh_percent"":19.31}"
1771486027732,2026-02-19T13:27:07,battery/data,battery,esp32_bms,10.384,7.14,0.072,0.744,98.58,19.31,2254990,"{""uptime_ms"":2254990,""bus_V"":10.384,""shunt_mV"":7.140,""current_A"":0.072,""power_W"":0.744,""soc_percent"":98.58,""soh_percent"":19.31}"
1771486027732,2026-02-19T13:27:07,battery/data,battery,esp32_bms,10.384,7.14,0.072,0.744,98.58,19.31,2254990,"{""uptime_ms"":2254990,""bus_V"":10.384,""shunt_mV"":7.140,""current_A"":0.072,""power_W"":0.744,""soc_percent"":98.58,""soh_percent"":19.31}"
1771486032766,2026-02-19T13:27:12,battery/data,battery,esp32_bms,10.388,7.11,0.072,0.74,98.57,19.31,2259991,"{""uptime_ms"":2259991,""bus_V"":10.388,""shunt_mV"":7.110,""current_A"":0.072,""power_W"":0.740,""soc_percent"":98.57,""soh_percent"":19.31}"
1771486032775,2026-02-19T13:27:12,battery/data,battery,esp32_bms,10.388,7.11,0.072,0.74,98.57,19.31,2259991,"{""uptime_ms"":2259991,""bus_V"":10.388,""shunt_mV"":7.110,""current_A"":0.072,""power_W"":0.740,""soc_percent"":98.57,""soh_percent"":19.31}"
1771486037835,2026-02-19T13:27:17,battery/data,battery,esp32_bms,10.392,7.09,0.071,0.74,98.57,19.31,2264992,"{""uptime_ms"":2264992,""bus_V"":10.392,""shunt_mV"":7.090,""current_A"":0.071,""power_W"":0.740,""soc_percent"":98.57,""soh_percent"":19.31}"
1771486037855,2026-02-19T13:27:17,battery/data,battery,esp32_bms,10.392,7.09,0.071,0.74,98.57,19.31,2264992,"{""uptime_ms"":2264992,""bus_V"":10.392,""shunt_mV"":7.090,""current_A"":0.071,""power_W"":0.740,""soc_percent"":98.57,""soh_percent"":19.31}"
1771486042794,2026-02-19T13:27:22,battery/data,battery,esp32_bms,10.396,7.12,0.071,0.74,98.57,19.31,2269993,"{""uptime_ms"":2269993,""bus_V"":10.396,""shunt_mV"":7.120,""current_A"":0.071,""power_W"":0.740,""soc_percent"":98.57,""soh_percent"":19.31}"
1771486047770,2026-02-19T13:27:27,battery/data,battery,esp32_bms,10.396,7.11,0.071,0.738,98.57,19.31,2274994,"{""uptime_ms"":2274994,""bus_V"":10.396,""shunt_mV"":7.110,""current_A"":0.071,""power_W"":0.738,""soc_percent"":98.57,""soh_percent"":19.31}"
1771486047775,2026-02-19T13:27:27,battery/data,battery,esp32_bms,10.396,7.11,0.071,0.738,98.57,19.31,2274994,"{""uptime_ms"":2274994,""bus_V"":10.396,""shunt_mV"":7.110,""current_A"":0.071,""power_W"":0.738,""soc_percent"":98.57,""soh_percent"":19.31}"
1771486052789,2026-02-19T13:27:32,battery/data,battery,esp32_bms,10.404,7.07,0.071,0.734,98.57,19.31,2279995,"{""uptime_ms"":2279995,""bus_V"":10.404,""shunt_mV"":7.070,""current_A"":0.071,""power_W"":0.734,""soc_percent"":98.57,""soh_percent"":19.31}"
1771486052804,2026-02-19T13:27:32,battery/data,battery,esp32_bms,10.404,7.07,0.071,0.734,98.57,19.31,2279995,"{""uptime_ms"":2279995,""bus_V"":10.404,""shunt_mV"":7.070,""current_A"":0.071,""power_W"":0.734,""soc_percent"":98.57,""soh_percent"":19.31}"
1771486057742,2026-02-19T13:27:37,battery/data,battery,esp32_bms,10.408,7.06,0.071,0.734,98.56,19.31,2284996,"{""uptime_ms"":2284996,""bus_V"":10.408,""shunt_mV"":7.060,""current_A"":0.071,""power_W"":0.734,""soc_percent"":98.56,""soh_percent"":19.31}"
1771486062886,2026-02-19T13:27:42,battery/data,battery,esp32_bms,10.412,7.06,0.07,0.738,98.56,19.31,2289997,"{""uptime_ms"":2289997,""bus_V"":10.412,""shunt_mV"":7.060,""current_A"":0.070,""power_W"":0.738,""soc_percent"":98.56,""soh_percent"":19.31}"
1771486062886,2026-02-19T13:27:42,battery/data,battery,esp32_bms,10.412,7.06,0.07,0.738,98.56,19.31,2289997,"{""uptime_ms"":2289997,""bus_V"":10.412,""shunt_mV"":7.060,""current_A"":0.070,""power_W"":0.738,""soc_percent"":98.56,""soh_percent"":19.31}"
1771486067741,2026-02-19T13:27:47,battery/data,battery,esp32_bms,10.416,7.05,0.07,0.734,98.56,19.31,2294998,"{""uptime_ms"":2294998,""bus_V"":10.416,""shunt_mV"":7.050,""current_A"":0.070,""power_W"":0.734,""soc_percent"":98.56,""soh_percent"":19.31}"
1771486072740,2026-02-19T13:27:52,battery/data,battery,esp32_bms,10.42,7.01,0.07,0.73,98.56,19.31,2299999,"{""uptime_ms"":2299999,""bus_V"":10.420,""shunt_mV"":7.010,""current_A"":0.070,""power_W"":0.730,""soc_percent"":98.56,""soh_percent"":19.31}"
1771486072740,2026-02-19T13:27:52,battery/data,battery,esp32_bms,10.42,7.01,0.07,0.73,98.56,19.31,2299999,"{""uptime_ms"":2299999,""bus_V"":10.420,""shunt_mV"":7.010,""current_A"":0.070,""power_W"":0.730,""soc_percent"":98.56,""soh_percent"":19.31}"
1771486077764,2026-02-19T13:27:57,battery/data,battery,esp32_bms,10.424,6.98,0.07,0.73,98.55,19.31,2305000,"{""uptime_ms"":2305000,""bus_V"":10.424,""shunt_mV"":6.980,""current_A"":0.070,""power_W"":0.730,""soc_percent"":98.55,""soh_percent"":19.31}"
1771486077778,2026-02-19T13:27:57,battery/data,battery,esp32_bms,10.424,6.98,0.07,0.73,98.55,19.31,2305000,"{""uptime_ms"":2305000,""bus_V"":10.424,""shunt_mV"":6.980,""current_A"":0.070,""power_W"":0.730,""soc_percent"":98.55,""soh_percent"":19.31}"
1771486082825,2026-02-19T13:28:02,battery/data,battery,esp32_bms,10.432,7.0,0.07,0.728,98.55,19.31,2310001,"{""uptime_ms"":2310001,""bus_V"":10.432,""shunt_mV"":7.000,""current_A"":0.070,""power_W"":0.728,""soc_percent"":98.55,""soh_percent"":19.31}"
1771486082825,2026-02-19T13:28:02,battery/data,battery,esp32_bms,10.432,7.0,0.07,0.728,98.55,19.31,2310001,"{""uptime_ms"":2310001,""bus_V"":10.432,""shunt_mV"":7.000,""current_A"":0.070,""power_W"":0.728,""soc_percent"":98.55,""soh_percent"":19.31}"
1771486087724,2026-02-19T13:28:07,battery/data,battery,esp32_bms,10.436,7.0,0.07,0.728,98.55,19.31,2315002,"{""uptime_ms"":2315002,""bus_V"":10.436,""shunt_mV"":7.000,""current_A"":0.070,""power_W"":0.728,""soc_percent"":98.55,""soh_percent"":19.31}"
1771486087739,2026-02-19T13:28:07,battery/data,battery,esp32_bms,10.436,7.0,0.07,0.728,98.55,19.31,2315002,"{""uptime_ms"":2315002,""bus_V"":10.436,""shunt_mV"":7.000,""current_A"":0.070,""power_W"":0.728,""soc_percent"":98.55,""soh_percent"":19.31}"
1771486092745,2026-02-19T13:28:12,battery/data,battery,esp32_bms,10.44,6.96,0.07,0.728,98.55,19.31,2320003,"{""uptime_ms"":2320003,""bus_V"":10.440,""shunt_mV"":6.960,""current_A"":0.070,""power_W"":0.728,""soc_percent"":98.55,""soh_percent"":19.31}"
1771486092785,2026-02-19T13:28:12,battery/data,battery,esp32_bms,10.44,6.96,0.07,0.728,98.55,19.31,2320003,"{""uptime_ms"":2320003,""bus_V"":10.440,""shunt_mV"":6.960,""current_A"":0.070,""power_W"":0.728,""soc_percent"":98.55,""soh_percent"":19.31}"
1771486097729,2026-02-19T13:28:17,battery/data,battery,esp32_bms,10.444,6.97,0.07,0.724,98.54,19.31,2325004,"{""uptime_ms"":2325004,""bus_V"":10.444,""shunt_mV"":6.970,""current_A"":0.070,""power_W"":0.724,""soc_percent"":98.54,""soh_percent"":19.31}"
1771486102738,2026-02-19T13:28:22,battery/data,battery,esp32_bms,10.448,6.95,0.069,0.724,98.54,19.31,2330005,"{""uptime_ms"":2330005,""bus_V"":10.448,""shunt_mV"":6.950,""current_A"":0.069,""power_W"":0.724,""soc_percent"":98.54,""soh_percent"":19.31}"
1771486102738,2026-02-19T13:28:22,battery/data,battery,esp32_bms,10.448,6.95,0.069,0.724,98.54,19.31,2330005,"{""uptime_ms"":2330005,""bus_V"":10.448,""shunt_mV"":6.950,""current_A"":0.069,""power_W"":0.724,""soc_percent"":98.54,""soh_percent"":19.31}"
1771486107785,2026-02-19T13:28:27,battery/data,battery,esp32_bms,10.452,6.93,0.069,0.72,98.54,19.31,2335006,"{""uptime_ms"":2335006,""bus_V"":10.452,""shunt_mV"":6.930,""current_A"":0.069,""power_W"":0.720,""soc_percent"":98.54,""soh_percent"":19.31}"
1771486107785,2026-02-19T13:28:27,battery/data,battery,esp32_bms,10.452,6.93,0.069,0.72,98.54,19.31,2335006,"{""uptime_ms"":2335006,""bus_V"":10.452,""shunt_mV"":6.930,""current_A"":0.069,""power_W"":0.720,""soc_percent"":98.54,""soh_percent"":19.31}"
1771486112811,2026-02-19T13:28:32,battery/data,battery,esp32_bms,10.456,6.94,0.069,0.724,98.54,19.31,2340007,"{""uptime_ms"":2340007,""bus_V"":10.456,""shunt_mV"":6.940,""current_A"":0.069,""power_W"":0.724,""soc_percent"":98.54,""soh_percent"":19.31}"
1771486112822,2026-02-19T13:28:32,battery/data,battery,esp32_bms,10.456,6.94,0.069,0.724,98.54,19.31,2340007,"{""uptime_ms"":2340007,""bus_V"":10.456,""shunt_mV"":6.940,""current_A"":0.069,""power_W"":0.724,""soc_percent"":98.54,""soh_percent"":19.31}"
1771486117794,2026-02-19T13:28:37,battery/data,battery,esp32_bms,10.46,6.91,0.069,0.72,98.54,19.31,2345008,"{""uptime_ms"":2345008,""bus_V"":10.460,""shunt_mV"":6.910,""current_A"":0.069,""power_W"":0.720,""soc_percent"":98.54,""soh_percent"":19.31}"
1771486118247,2026-02-19T13:28:38,battery/data,battery,esp32_bms,10.46,6.91,0.069,0.72,98.54,19.31,2345008,"{""uptime_ms"":2345008,""bus_V"":10.460,""shunt_mV"":6.910,""current_A"":0.069,""power_W"":0.720,""soc_percent"":98.54,""soh_percent"":19.31}"
1771486122795,2026-02-19T13:28:42,battery/data,battery,esp32_bms,10.464,6.88,0.069,0.72,98.53,19.31,2350009,"{""uptime_ms"":2350009,""bus_V"":10.464,""shunt_mV"":6.880,""current_A"":0.069,""power_W"":0.720,""soc_percent"":98.53,""soh_percent"":19.31}"
1771486122795,2026-02-19T13:28:42,battery/data,battery,esp32_bms,10.464,6.88,0.069,0.72,98.53,19.31,2350009,"{""uptime_ms"":2350009,""bus_V"":10.464,""shunt_mV"":6.880,""current_A"":0.069,""power_W"":0.720,""soc_percent"":98.53,""soh_percent"":19.31}"
1771486127791,2026-02-19T13:28:47,battery/data,battery,esp32_bms,10.468,6.88,0.068,0.718,98.53,19.31,2355010,"{""uptime_ms"":2355010,""bus_V"":10.468,""shunt_mV"":6.880,""current_A"":0.068,""power_W"":0.718,""soc_percent"":98.53,""soh_percent"":19.31}"
1771486127791,2026-02-19T13:28:47,battery/data,battery,esp32_bms,10.468,6.88,0.068,0.718,98.53,19.31,2355010,"{""uptime_ms"":2355010,""bus_V"":10.468,""shunt_mV"":6.880,""current_A"":0.068,""power_W"":0.718,""soc_percent"":98.53,""soh_percent"":19.31}"
1771486132749,2026-02-19T13:28:52,battery/data,battery,esp32_bms,10.472,6.85,0.068,0.718,98.53,19.31,2360011,"{""uptime_ms"":2360011,""bus_V"":10.472,""shunt_mV"":6.850,""current_A"":0.068,""power_W"":0.718,""soc_percent"":98.53,""soh_percent"":19.31}"
1771486132754,2026-02-19T13:28:52,battery/data,battery,esp32_bms,10.472,6.85,0.068,0.718,98.53,19.31,2360011,"{""uptime_ms"":2360011,""bus_V"":10.472,""shunt_mV"":6.850,""current_A"":0.068,""power_W"":0.718,""soc_percent"":98.53,""soh_percent"":19.31}"
1771486137759,2026-02-19T13:28:57,battery/data,battery,esp32_bms,10.476,6.86,0.068,0.714,98.53,19.31,2365012,"{""uptime_ms"":2365012,""bus_V"":10.476,""shunt_mV"":6.860,""current_A"":0.068,""power_W"":0.714,""soc_percent"":98.53,""soh_percent"":19.31}"
1771486142785,2026-02-19T13:29:02,battery/data,battery,esp32_bms,10.48,6.84,0.068,0.718,98.52,19.31,2370013,"{""uptime_ms"":2370013,""bus_V"":10.480,""shunt_mV"":6.840,""current_A"":0.068,""power_W"":0.718,""soc_percent"":98.52,""soh_percent"":19.31}"
1771486142785,2026-02-19T13:29:02,battery/data,battery,esp32_bms,10.48,6.84,0.068,0.718,98.52,19.31,2370013,"{""uptime_ms"":2370013,""bus_V"":10.480,""shunt_mV"":6.840,""current_A"":0.068,""power_W"":0.718,""soc_percent"":98.52,""soh_percent"":19.31}"
1771486147849,2026-02-19T13:29:07,battery/data,battery,esp32_bms,10.484,6.82,0.068,0.714,98.52,19.31,2375014,"{""uptime_ms"":2375014,""bus_V"":10.484,""shunt_mV"":6.820,""current_A"":0.068,""power_W"":0.714,""soc_percent"":98.52,""soh_percent"":19.31}"
1771486152757,2026-02-19T13:29:12,battery/data,battery,esp32_bms,10.492,6.79,0.068,0.714,98.52,19.31,2380015,"{""uptime_ms"":2380015,""bus_V"":10.492,""shunt_mV"":6.790,""current_A"":0.068,""power_W"":0.714,""soc_percent"":98.52,""soh_percent"":19.31}"
1771486152770,2026-02-19T13:29:12,battery/data,battery,esp32_bms,10.492,6.79,0.068,0.714,98.52,19.31,2380015,"{""uptime_ms"":2380015,""bus_V"":10.492,""shunt_mV"":6.790,""current_A"":0.068,""power_W"":0.714,""soc_percent"":98.52,""soh_percent"":19.31}"
1771486157746,2026-02-19T13:29:17,battery/data,battery,esp32_bms,10.492,6.78,0.068,0.712,98.52,19.31,2385016,"{""uptime_ms"":2385016,""bus_V"":10.492,""shunt_mV"":6.780,""current_A"":0.068,""power_W"":0.712,""soc_percent"":98.52,""soh_percent"":19.31}"
1771486157746,2026-02-19T13:29:17,battery/data,battery,esp32_bms,10.492,6.78,0.068,0.712,98.52,19.31,2385016,"{""uptime_ms"":2385016,""bus_V"":10.492,""shunt_mV"":6.780,""current_A"":0.068,""power_W"":0.712,""soc_percent"":98.52,""soh_percent"":19.31}"
1771486170051,2026-02-19T13:29:30,battery/data,battery,esp32_bms,10.496,6.79,0.068,0.712,98.51,19.31,2390017,"{""uptime_ms"":2390017,""bus_V"":10.496,""shunt_mV"":6.790,""current_A"":0.068,""power_W"":0.712,""soc_percent"":98.51,""soh_percent"":19.31}"
1771486170051,2026-02-19T13:29:30,battery/data,battery,esp32_bms,10.5,6.79,0.067,0.708,98.51,19.31,2395018,"{""uptime_ms"":2395018,""bus_V"":10.500,""shunt_mV"":6.790,""current_A"":0.067,""power_W"":0.708,""soc_percent"":98.51,""soh_percent"":19.31}"
1771486170051,2026-02-19T13:29:30,battery/data,battery,esp32_bms,10.5,6.79,0.067,0.708,98.51,19.31,2395018,"{""uptime_ms"":2395018,""bus_V"":10.500,""shunt_mV"":6.790,""current_A"":0.067,""power_W"":0.708,""soc_percent"":98.51,""soh_percent"":19.31}"
1771486172797,2026-02-19T13:29:32,battery/data,battery,esp32_bms,10.504,6.74,0.068,0.708,98.51,19.31,2400019,"{""uptime_ms"":2400019,""bus_V"":10.504,""shunt_mV"":6.740,""current_A"":0.068,""power_W"":0.708,""soc_percent"":98.51,""soh_percent"":19.31}"
1771486172797,2026-02-19T13:29:32,battery/data,battery,esp32_bms,10.504,6.74,0.068,0.708,98.51,19.31,2400019,"{""uptime_ms"":2400019,""bus_V"":10.504,""shunt_mV"":6.740,""current_A"":0.068,""power_W"":0.708,""soc_percent"":98.51,""soh_percent"":19.31}"
1771486177782,2026-02-19T13:29:37,battery/data,battery,esp32_bms,10.512,6.72,0.067,0.708,98.51,19.31,2405020,"{""uptime_ms"":2405020,""bus_V"":10.512,""shunt_mV"":6.720,""current_A"":0.067,""power_W"":0.708,""soc_percent"":98.51,""soh_percent"":19.31}"
1771486183003,2026-02-19T13:29:43,battery/data,battery,esp32_bms,10.512,6.69,0.067,0.708,98.51,19.31,2410021,"{""uptime_ms"":2410021,""bus_V"":10.512,""shunt_mV"":6.690,""current_A"":0.067,""power_W"":0.708,""soc_percent"":98.51,""soh_percent"":19.31}"
1771486187753,2026-02-19T13:29:47,battery/data,battery,esp32_bms,10.516,6.71,0.067,0.704,98.5,19.31,2415022,"{""uptime_ms"":2415022,""bus_V"":10.516,""shunt_mV"":6.710,""current_A"":0.067,""power_W"":0.704,""soc_percent"":98.50,""soh_percent"":19.31}"
1771486187769,2026-02-19T13:29:47,battery/data,battery,esp32_bms,10.516,6.71,0.067,0.704,98.5,19.31,2415022,"{""uptime_ms"":2415022,""bus_V"":10.516,""shunt_mV"":6.710,""current_A"":0.067,""power_W"":0.704,""soc_percent"":98.50,""soh_percent"":19.31}"
1771486192791,2026-02-19T13:29:52,battery/data,battery,esp32_bms,10.52,6.7,0.067,0.704,98.5,19.31,2420023,"{""uptime_ms"":2420023,""bus_V"":10.520,""shunt_mV"":6.700,""current_A"":0.067,""power_W"":0.704,""soc_percent"":98.50,""soh_percent"":19.31}"
1771486192802,2026-02-19T13:29:52,battery/data,battery,esp32_bms,10.52,6.7,0.067,0.704,98.5,19.31,2420023,"{""uptime_ms"":2420023,""bus_V"":10.520,""shunt_mV"":6.700,""current_A"":0.067,""power_W"":0.704,""soc_percent"":98.50,""soh_percent"":19.31}"
1771486197778,2026-02-19T13:29:57,battery/data,battery,esp32_bms,10.524,6.69,0.067,0.704,98.5,19.31,2425024,"{""uptime_ms"":2425024,""bus_V"":10.524,""shunt_mV"":6.690,""current_A"":0.067,""power_W"":0.704,""soc_percent"":98.50,""soh_percent"":19.31}"
1771486197778,2026-02-19T13:29:57,battery/data,battery,esp32_bms,10.524,6.69,0.067,0.704,98.5,19.31,2425024,"{""uptime_ms"":2425024,""bus_V"":10.524,""shunt_mV"":6.690,""current_A"":0.067,""power_W"":0.704,""soc_percent"":98.50,""soh_percent"":19.31}"
1771486202754,2026-02-19T13:30:02,battery/data,battery,esp32_bms,10.528,6.66,0.067,0.704,98.5,19.31,2430025,"{""uptime_ms"":2430025,""bus_V"":10.528,""shunt_mV"":6.660,""current_A"":0.067,""power_W"":0.704,""soc_percent"":98.50,""soh_percent"":19.31}"
1771486202754,2026-02-19T13:30:02,battery/data,battery,esp32_bms,10.528,6.66,0.067,0.704,98.5,19.31,2430025,"{""uptime_ms"":2430025,""bus_V"":10.528,""shunt_mV"":6.660,""current_A"":0.067,""power_W"":0.704,""soc_percent"":98.50,""soh_percent"":19.31}"
1771486207824,2026-02-19T13:30:07,battery/data,battery,esp32_bms,10.536,6.67,0.067,0.702,98.49,19.31,2435026,"{""uptime_ms"":2435026,""bus_V"":10.536,""shunt_mV"":6.670,""current_A"":0.067,""power_W"":0.702,""soc_percent"":98.49,""soh_percent"":19.31}"
1771486207843,2026-02-19T13:30:07,battery/data,battery,esp32_bms,10.536,6.67,0.067,0.702,98.49,19.31,2435026,"{""uptime_ms"":2435026,""bus_V"":10.536,""shunt_mV"":6.670,""current_A"":0.067,""power_W"":0.702,""soc_percent"":98.49,""soh_percent"":19.31}"
1771486212766,2026-02-19T13:30:12,battery/data,battery,esp32_bms,10.54,6.65,0.066,0.698,98.49,19.31,2440027,"{""uptime_ms"":2440027,""bus_V"":10.540,""shunt_mV"":6.650,""current_A"":0.066,""power_W"":0.698,""soc_percent"":98.49,""soh_percent"":19.31}"
1771486217771,2026-02-19T13:30:17,battery/data,battery,esp32_bms,10.54,6.65,0.067,0.702,98.49,19.31,2445028,"{""uptime_ms"":2445028,""bus_V"":10.540,""shunt_mV"":6.650,""current_A"":0.067,""power_W"":0.702,""soc_percent"":98.49,""soh_percent"":19.31}"
1771486217783,2026-02-19T13:30:17,battery/data,battery,esp32_bms,10.54,6.65,0.067,0.702,98.49,19.31,2445028,"{""uptime_ms"":2445028,""bus_V"":10.540,""shunt_mV"":6.650,""current_A"":0.067,""power_W"":0.702,""soc_percent"":98.49,""soh_percent"":19.31}"
1771486222789,2026-02-19T13:30:22,battery/data,battery,esp32_bms,10.544,6.62,0.066,0.698,98.49,19.31,2450029,"{""uptime_ms"":2450029,""bus_V"":10.544,""shunt_mV"":6.620,""current_A"":0.066,""power_W"":0.698,""soc_percent"":98.49,""soh_percent"":19.31}"
1771486222789,2026-02-19T13:30:22,battery/data,battery,esp32_bms,10.544,6.62,0.066,0.698,98.49,19.31,2450029,"{""uptime_ms"":2450029,""bus_V"":10.544,""shunt_mV"":6.620,""current_A"":0.066,""power_W"":0.698,""soc_percent"":98.49,""soh_percent"":19.31}"
1771486227819,2026-02-19T13:30:27,battery/data,battery,esp32_bms,10.548,6.62,0.066,0.698,98.49,19.31,2455030,"{""uptime_ms"":2455030,""bus_V"":10.548,""shunt_mV"":6.620,""current_A"":0.066,""power_W"":0.698,""soc_percent"":98.49,""soh_percent"":19.31}"
1771486232846,2026-02-19T13:30:32,battery/data,battery,esp32_bms,10.556,6.57,0.066,0.694,98.48,19.31,2460031,"{""uptime_ms"":2460031,""bus_V"":10.556,""shunt_mV"":6.570,""current_A"":0.066,""power_W"":0.694,""soc_percent"":98.48,""soh_percent"":19.31}"
1771486237833,2026-02-19T13:30:37,battery/data,battery,esp32_bms,10.556,6.59,0.066,0.694,98.48,19.31,2465032,"{""uptime_ms"":2465032,""bus_V"":10.556,""shunt_mV"":6.590,""current_A"":0.066,""power_W"":0.694,""soc_percent"":98.48,""soh_percent"":19.31}"
1771486237836,2026-02-19T13:30:37,battery/data,battery,esp32_bms,10.556,6.59,0.066,0.694,98.48,19.31,2465032,"{""uptime_ms"":2465032,""bus_V"":10.556,""shunt_mV"":6.590,""current_A"":0.066,""power_W"":0.694,""soc_percent"":98.48,""soh_percent"":19.31}"
1771486242777,2026-02-19T13:30:42,battery/data,battery,esp32_bms,10.56,6.58,0.065,0.698,98.48,19.31,2470033,"{""uptime_ms"":2470033,""bus_V"":10.560,""shunt_mV"":6.580,""current_A"":0.065,""power_W"":0.698,""soc_percent"":98.48,""soh_percent"":19.31}"
1771486242783,2026-02-19T13:30:42,battery/data,battery,esp32_bms,10.56,6.58,0.065,0.698,98.48,19.31,2470033,"{""uptime_ms"":2470033,""bus_V"":10.560,""shunt_mV"":6.580,""current_A"":0.065,""power_W"":0.698,""soc_percent"":98.48,""soh_percent"":19.31}"
1771486247773,2026-02-19T13:30:47,battery/data,battery,esp32_bms,10.564,6.56,0.066,0.694,98.48,19.31,2475034,"{""uptime_ms"":2475034,""bus_V"":10.564,""shunt_mV"":6.560,""current_A"":0.066,""power_W"":0.694,""soc_percent"":98.48,""soh_percent"":19.31}"
1771486247773,2026-02-19T13:30:47,battery/data,battery,esp32_bms,10.564,6.56,0.066,0.694,98.48,19.31,2475034,"{""uptime_ms"":2475034,""bus_V"":10.564,""shunt_mV"":6.560,""current_A"":0.066,""power_W"":0.694,""soc_percent"":98.48,""soh_percent"":19.31}"
1771486252780,2026-02-19T13:30:52,battery/data,battery,esp32_bms,10.568,6.53,0.065,0.688,98.48,19.31,2480035,"{""uptime_ms"":2480035,""bus_V"":10.568,""shunt_mV"":6.530,""current_A"":0.065,""power_W"":0.688,""soc_percent"":98.48,""soh_percent"":19.31}"
1771486252788,2026-02-19T13:30:52,battery/data,battery,esp32_bms,10.568,6.53,0.065,0.688,98.48,19.31,2480035,"{""uptime_ms"":2480035,""bus_V"":10.568,""shunt_mV"":6.530,""current_A"":0.065,""power_W"":0.688,""soc_percent"":98.48,""soh_percent"":19.31}"
1771486257805,2026-02-19T13:30:57,battery/data,battery,esp32_bms,10.572,6.56,0.065,0.692,98.47,19.31,2485036,"{""uptime_ms"":2485036,""bus_V"":10.572,""shunt_mV"":6.560,""current_A"":0.065,""power_W"":0.692,""soc_percent"":98.47,""soh_percent"":19.31}"
1771486262763,2026-02-19T13:31:02,battery/data,battery,esp32_bms,10.58,6.52,0.065,0.684,98.47,19.31,2490037,"{""uptime_ms"":2490037,""bus_V"":10.580,""shunt_mV"":6.520,""current_A"":0.065,""power_W"":0.684,""soc_percent"":98.47,""soh_percent"":19.31}"
1771486262774,2026-02-19T13:31:02,battery/data,battery,esp32_bms,10.58,6.52,0.065,0.684,98.47,19.31,2490037,"{""uptime_ms"":2490037,""bus_V"":10.580,""shunt_mV"":6.520,""current_A"":0.065,""power_W"":0.684,""soc_percent"":98.47,""soh_percent"":19.31}"
1771486267829,2026-02-19T13:31:07,battery/data,battery,esp32_bms,10.58,6.5,0.065,0.692,98.47,19.31,2495038,"{""uptime_ms"":2495038,""bus_V"":10.580,""shunt_mV"":6.500,""current_A"":0.065,""power_W"":0.692,""soc_percent"":98.47,""soh_percent"":19.31}"
1771486267829,2026-02-19T13:31:07,battery/data,battery,esp32_bms,10.58,6.5,0.065,0.692,98.47,19.31,2495038,"{""uptime_ms"":2495038,""bus_V"":10.580,""shunt_mV"":6.500,""current_A"":0.065,""power_W"":0.692,""soc_percent"":98.47,""soh_percent"":19.31}"
1771486272845,2026-02-19T13:31:12,battery/data,battery,esp32_bms,10.584,6.5,0.065,0.684,98.47,19.31,2500039,"{""uptime_ms"":2500039,""bus_V"":10.584,""shunt_mV"":6.500,""current_A"":0.065,""power_W"":0.684,""soc_percent"":98.47,""soh_percent"":19.31}"
1771486272845,2026-02-19T13:31:12,battery/data,battery,esp32_bms,10.584,6.5,0.065,0.684,98.47,19.31,2500039,"{""uptime_ms"":2500039,""bus_V"":10.584,""shunt_mV"":6.500,""current_A"":0.065,""power_W"":0.684,""soc_percent"":98.47,""soh_percent"":19.31}"
1771486277769,2026-02-19T13:31:17,battery/data,battery,esp32_bms,10.588,6.45,0.065,0.684,98.46,19.31,2505040,"{""uptime_ms"":2505040,""bus_V"":10.588,""shunt_mV"":6.450,""current_A"":0.065,""power_W"":0.684,""soc_percent"":98.46,""soh_percent"":19.31}"
1771486277773,2026-02-19T13:31:17,battery/data,battery,esp32_bms,10.588,6.45,0.065,0.684,98.46,19.31,2505040,"{""uptime_ms"":2505040,""bus_V"":10.588,""shunt_mV"":6.450,""current_A"":0.065,""power_W"":0.684,""soc_percent"":98.46,""soh_percent"":19.31}"
1771486282771,2026-02-19T13:31:22,battery/data,battery,esp32_bms,10.592,6.47,0.065,0.684,98.46,19.31,2510041,"{""uptime_ms"":2510041,""bus_V"":10.592,""shunt_mV"":6.470,""current_A"":0.065,""power_W"":0.684,""soc_percent"":98.46,""soh_percent"":19.31}"
1771486282786,2026-02-19T13:31:22,battery/data,battery,esp32_bms,10.592,6.47,0.065,0.684,98.46,19.31,2510041,"{""uptime_ms"":2510041,""bus_V"":10.592,""shunt_mV"":6.470,""current_A"":0.065,""power_W"":0.684,""soc_percent"":98.46,""soh_percent"":19.31}"
1771486288018,2026-02-19T13:31:28,battery/data,battery,esp32_bms,10.596,6.43,0.064,0.682,98.46,19.31,2515042,"{""uptime_ms"":2515042,""bus_V"":10.596,""shunt_mV"":6.430,""current_A"":0.064,""power_W"":0.682,""soc_percent"":98.46,""soh_percent"":19.31}"
1771486288020,2026-02-19T13:31:28,battery/data,battery,esp32_bms,10.596,6.43,0.064,0.682,98.46,19.31,2515042,"{""uptime_ms"":2515042,""bus_V"":10.596,""shunt_mV"":6.430,""current_A"":0.064,""power_W"":0.682,""soc_percent"":98.46,""soh_percent"":19.31}"
1771486292835,2026-02-19T13:31:32,battery/data,battery,esp32_bms,10.6,6.44,0.064,0.682,98.46,19.31,2520043,"{""uptime_ms"":2520043,""bus_V"":10.600,""shunt_mV"":6.440,""current_A"":0.064,""power_W"":0.682,""soc_percent"":98.46,""soh_percent"":19.31}"
1771486292845,2026-02-19T13:31:32,battery/data,battery,esp32_bms,10.6,6.44,0.064,0.682,98.46,19.31,2520043,"{""uptime_ms"":2520043,""bus_V"":10.600,""shunt_mV"":6.440,""current_A"":0.064,""power_W"":0.682,""soc_percent"":98.46,""soh_percent"":19.31}"
1771486297815,2026-02-19T13:31:37,battery/data,battery,esp32_bms,10.604,6.41,0.064,0.678,98.46,19.31,2525044,"{""uptime_ms"":2525044,""bus_V"":10.604,""shunt_mV"":6.410,""current_A"":0.064,""power_W"":0.678,""soc_percent"":98.46,""soh_percent"":19.31}"
1771486297822,2026-02-19T13:31:37,battery/data,battery,esp32_bms,10.604,6.41,0.064,0.678,98.46,19.31,2525044,"{""uptime_ms"":2525044,""bus_V"":10.604,""shunt_mV"":6.410,""current_A"":0.064,""power_W"":0.678,""soc_percent"":98.46,""soh_percent"":19.31}"
1771486302842,2026-02-19T13:31:42,battery/data,battery,esp32_bms,10.608,6.42,0.064,0.682,98.45,19.31,2530045,"{""uptime_ms"":2530045,""bus_V"":10.608,""shunt_mV"":6.420,""current_A"":0.064,""power_W"":0.682,""soc_percent"":98.45,""soh_percent"":19.31}"
1771486302842,2026-02-19T13:31:42,battery/data,battery,esp32_bms,10.608,6.42,0.064,0.682,98.45,19.31,2530045,"{""uptime_ms"":2530045,""bus_V"":10.608,""shunt_mV"":6.420,""current_A"":0.064,""power_W"":0.682,""soc_percent"":98.45,""soh_percent"":19.31}"
1771486307779,2026-02-19T13:31:47,battery/data,battery,esp32_bms,10.616,6.42,0.064,0.682,98.45,19.31,2535046,"{""uptime_ms"":2535046,""bus_V"":10.616,""shunt_mV"":6.420,""current_A"":0.064,""power_W"":0.682,""soc_percent"":98.45,""soh_percent"":19.31}"
1771486307779,2026-02-19T13:31:47,battery/data,battery,esp32_bms,10.616,6.42,0.064,0.682,98.45,19.31,2535046,"{""uptime_ms"":2535046,""bus_V"":10.616,""shunt_mV"":6.420,""current_A"":0.064,""power_W"":0.682,""soc_percent"":98.45,""soh_percent"":19.31}"
                                                                                                                                                                                                                                                                                                                                                                                                                                                                                                                          1771490853997,2026-02-19T14:47:33,battery/data,battery,esp32_bms,11.908,2.22,0.022,0.266,97.35,19.31,7080955,"{""uptime_ms"":7080955,""bus_V"":11.908,""shunt_mV"":2.220,""current_A"":0.022,""power_W"":0.266,""soc_percent"":97.35,""soh_percent"":19.31}"
1771490858982,2026-02-19T14:47:38,battery/data,battery,esp32_bms,11.912,2.27,0.022,0.266,97.35,19.31,7085956,"{""uptime_ms"":7085956,""bus_V"":11.912,""shunt_mV"":2.270,""current_A"":0.022,""power_W"":0.266,""soc_percent"":97.35,""soh_percent"":19.31}"
1771490863953,2026-02-19T14:47:43,battery/data,battery,esp32_bms,11.912,2.23,0.023,0.266,97.35,19.31,7090957,"{""uptime_ms"":7090957,""bus_V"":11.912,""shunt_mV"":2.230,""current_A"":0.023,""power_W"":0.266,""soc_percent"":97.35,""soh_percent"":19.31}"
1771490868961,2026-02-19T14:47:48,battery/data,battery,esp32_bms,11.908,2.23,0.023,0.268,97.35,19.31,7095958,"{""uptime_ms"":7095958,""bus_V"":11.908,""shunt_mV"":2.230,""current_A"":0.023,""power_W"":0.268,""soc_percent"":97.35,""soh_percent"":19.31}"
1771490874002,2026-02-19T14:47:54,battery/data,battery,esp32_bms,11.912,2.24,0.022,0.262,97.34,19.31,7100959,"{""uptime_ms"":7100959,""bus_V"":11.912,""shunt_mV"":2.240,""current_A"":0.022,""power_W"":0.262,""soc_percent"":97.34,""soh_percent"":19.31}"
1771490879423,2026-02-19T14:47:59,battery/data,battery,esp32_bms,11.912,2.23,0.022,0.266,97.34,19.31,7105960,"{""uptime_ms"":7105960,""bus_V"":11.912,""shunt_mV"":2.230,""current_A"":0.022,""power_W"":0.266,""soc_percent"":97.34,""soh_percent"":19.31}"
1771490884004,2026-02-19T14:48:04,battery/data,battery,esp32_bms,11.912,2.23,0.022,0.268,97.34,19.31,7110961,"{""uptime_ms"":7110961,""bus_V"":11.912,""shunt_mV"":2.230,""current_A"":0.022,""power_W"":0.268,""soc_percent"":97.34,""soh_percent"":19.31}"
1771490888983,2026-02-19T14:48:08,battery/data,battery,esp32_bms,11.912,2.24,0.022,0.266,97.34,19.31,7115962,"{""uptime_ms"":7115962,""bus_V"":11.912,""shunt_mV"":2.240,""current_A"":0.022,""power_W"":0.266,""soc_percent"":97.34,""soh_percent"":19.31}"
1771490893977,2026-02-19T14:48:13,battery/data,battery,esp32_bms,11.916,2.22,0.023,0.268,97.34,19.31,7120963,"{""uptime_ms"":7120963,""bus_V"":11.916,""shunt_mV"":2.220,""current_A"":0.023,""power_W"":0.268,""soc_percent"":97.34,""soh_percent"":19.31}"
1771490898972,2026-02-19T14:48:18,battery/data,battery,esp32_bms,11.916,2.23,0.023,0.268,97.34,19.31,7125964,"{""uptime_ms"":7125964,""bus_V"":11.916,""shunt_mV"":2.230,""current_A"":0.023,""power_W"":0.268,""soc_percent"":97.34,""soh_percent"":19.31}"
1771490904011,2026-02-19T14:48:24,battery/data,battery,esp32_bms,11.916,2.22,0.022,0.266,97.34,19.31,7130965,"{""uptime_ms"":7130965,""bus_V"":11.916,""shunt_mV"":2.220,""current_A"":0.022,""power_W"":0.266,""soc_percent"":97.34,""soh_percent"":19.31}"
1771490909022,2026-02-19T14:48:29,battery/data,battery,esp32_bms,11.916,2.21,0.022,0.262,97.34,19.31,7135966,"{""uptime_ms"":7135966,""bus_V"":11.916,""shunt_mV"":2.210,""current_A"":0.022,""power_W"":0.262,""soc_percent"":97.34,""soh_percent"":19.31}"
1771490914005,2026-02-19T14:48:34,battery/data,battery,esp32_bms,11.916,2.2,0.022,0.262,97.34,19.31,7140967,"{""uptime_ms"":7140967,""bus_V"":11.916,""shunt_mV"":2.200,""current_A"":0.022,""power_W"":0.262,""soc_percent"":97.34,""soh_percent"":19.31}"
1771490919043,2026-02-19T14:48:39,battery/data,battery,esp32_bms,11.916,2.22,0.022,0.266,97.34,19.31,7145968,"{""uptime_ms"":7145968,""bus_V"":11.916,""shunt_mV"":2.220,""current_A"":0.022,""power_W"":0.266,""soc_percent"":97.34,""soh_percent"":19.31}"
1771490924018,2026-02-19T14:48:44,battery/data,battery,esp32_bms,11.916,2.22,0.023,0.266,97.34,19.31,7150969,"{""uptime_ms"":7150969,""bus_V"":11.916,""shunt_mV"":2.220,""current_A"":0.023,""power_W"":0.266,""soc_percent"":97.34,""soh_percent"":19.31}"
1771490928988,2026-02-19T14:48:48,battery/data,battery,esp32_bms,11.92,2.23,0.022,0.266,97.34,19.31,7155970,"{""uptime_ms"":7155970,""bus_V"":11.920,""shunt_mV"":2.230,""current_A"":0.022,""power_W"":0.266,""soc_percent"":97.34,""soh_percent"":19.31}"
1771490934005,2026-02-19T14:48:54,battery/data,battery,esp32_bms,11.92,2.21,0.022,0.262,97.34,19.31,7160971,"{""uptime_ms"":7160971,""bus_V"":11.920,""shunt_mV"":2.210,""current_A"":0.022,""power_W"":0.262,""soc_percent"":97.34,""soh_percent"":19.31}"
1771490939496,2026-02-19T14:48:59,battery/data,battery,esp32_bms,11.92,2.19,0.022,0.262,97.34,19.31,7165972,"{""uptime_ms"":7165972,""bus_V"":11.920,""shunt_mV"":2.190,""current_A"":0.022,""power_W"":0.262,""soc_percent"":97.34,""soh_percent"":19.31}"
1771490944039,2026-02-19T14:49:04,battery/data,battery,esp32_bms,11.92,2.21,0.022,0.262,97.33,19.31,7170973,"{""uptime_ms"":7170973,""bus_V"":11.920,""shunt_mV"":2.210,""current_A"":0.022,""power_W"":0.262,""soc_percent"":97.33,""soh_percent"":19.31}"
1771490948995,2026-02-19T14:49:08,battery/data,battery,esp32_bms,11.92,2.21,0.022,0.266,97.33,19.31,7175974,"{""uptime_ms"":7175974,""bus_V"":11.920,""shunt_mV"":2.210,""current_A"":0.022,""power_W"":0.266,""soc_percent"":97.33,""soh_percent"":19.31}"
1771490953986,2026-02-19T14:49:13,battery/data,battery,esp32_bms,11.92,2.25,0.022,0.262,97.33,19.31,7180975,"{""uptime_ms"":7180975,""bus_V"":11.920,""shunt_mV"":2.250,""current_A"":0.022,""power_W"":0.262,""soc_percent"":97.33,""soh_percent"":19.31}"
1771490958979,2026-02-19T14:49:18,battery/data,battery,esp32_bms,11.924,2.21,0.022,0.262,97.33,19.31,7185976,"{""uptime_ms"":7185976,""bus_V"":11.924,""shunt_mV"":2.210,""current_A"":0.022,""power_W"":0.262,""soc_percent"":97.33,""soh_percent"":19.31}"
1771490964016,2026-02-19T14:49:24,battery/data,battery,esp32_bms,11.924,2.21,0.022,0.266,97.33,19.31,7190977,"{""uptime_ms"":7190977,""bus_V"":11.924,""shunt_mV"":2.210,""current_A"":0.022,""power_W"":0.266,""soc_percent"":97.33,""soh_percent"":19.31}"
1771490969003,2026-02-19T14:49:29,battery/data,battery,esp32_bms,11.924,2.19,0.022,0.262,97.33,19.31,7195978,"{""uptime_ms"":7195978,""bus_V"":11.924,""shunt_mV"":2.190,""current_A"":0.022,""power_W"":0.262,""soc_percent"":97.33,""soh_percent"":19.31}"
1771490974008,2026-02-19T14:49:34,battery/data,battery,esp32_bms,11.924,2.19,0.022,0.266,97.33,19.31,7200979,"{""uptime_ms"":7200979,""bus_V"":11.924,""shunt_mV"":2.190,""current_A"":0.022,""power_W"":0.266,""soc_percent"":97.33,""soh_percent"":19.31}"
1771490979010,2026-02-19T14:49:39,battery/data,battery,esp32_bms,11.924,2.18,0.022,0.262,97.33,19.31,7205980,"{""uptime_ms"":7205980,""bus_V"":11.924,""shunt_mV"":2.180,""current_A"":0.022,""power_W"":0.262,""soc_percent"":97.33,""soh_percent"":19.31}"
1771490984040,2026-02-19T14:49:44,battery/data,battery,esp32_bms,11.924,2.21,0.022,0.262,97.33,19.31,7210981,"{""uptime_ms"":7210981,""bus_V"":11.924,""shunt_mV"":2.210,""current_A"":0.022,""power_W"":0.262,""soc_percent"":97.33,""soh_percent"":19.31}"
1771490989000,2026-02-19T14:49:49,battery/data,battery,esp32_bms,11.924,2.19,0.022,0.262,97.33,19.31,7215982,"{""uptime_ms"":7215982,""bus_V"":11.924,""shunt_mV"":2.190,""current_A"":0.022,""power_W"":0.262,""soc_percent"":97.33,""soh_percent"":19.31}"
1771490994013,2026-02-19T14:49:54,battery/data,battery,esp32_bms,11.924,2.2,0.022,0.262,97.33,19.31,7220983,"{""uptime_ms"":7220983,""bus_V"":11.924,""shunt_mV"":2.200,""current_A"":0.022,""power_W"":0.262,""soc_percent"":97.33,""soh_percent"":19.31}"
1771490998981,2026-02-19T14:49:58,battery/data,battery,esp32_bms,11.924,2.2,0.022,0.262,97.33,19.31,7225984,"{""uptime_ms"":7225984,""bus_V"":11.924,""shunt_mV"":2.200,""current_A"":0.022,""power_W"":0.262,""soc_percent"":97.33,""soh_percent"":19.31}"
1771491004072,2026-02-19T14:50:04,battery/data,battery,esp32_bms,11.924,2.18,0.022,0.258,97.33,19.31,7230985,"{""uptime_ms"":7230985,""bus_V"":11.924,""shunt_mV"":2.180,""current_A"":0.022,""power_W"":0.258,""soc_percent"":97.33,""soh_percent"":19.31}"
1771491008988,2026-02-19T14:50:08,battery/data,battery,esp32_bms,11.928,2.19,0.022,0.262,97.33,19.31,7235986,"{""uptime_ms"":7235986,""bus_V"":11.928,""shunt_mV"":2.190,""current_A"":0.022,""power_W"":0.262,""soc_percent"":97.33,""soh_percent"":19.31}"
1771491014021,2026-02-19T14:50:14,battery/data,battery,esp32_bms,11.928,2.18,0.022,0.262,97.32,19.31,7240987,"{""uptime_ms"":7240987,""bus_V"":11.928,""shunt_mV"":2.180,""current_A"":0.022,""power_W"":0.262,""soc_percent"":97.32,""soh_percent"":19.31}"
1771491019038,2026-02-19T14:50:19,battery/data,battery,esp32_bms,11.928,2.19,0.022,0.258,97.32,19.31,7245988,"{""uptime_ms"":7245988,""bus_V"":11.928,""shunt_mV"":2.190,""current_A"":0.022,""power_W"":0.258,""soc_percent"":97.32,""soh_percent"":19.31}"
1771491024922,2026-02-19T14:50:24,battery/data,battery,esp32_bms,11.928,2.18,0.022,0.262,97.32,19.31,7250989,"{""uptime_ms"":7250989,""bus_V"":11.928,""shunt_mV"":2.180,""current_A"":0.022,""power_W"":0.262,""soc_percent"":97.32,""soh_percent"":19.31}"
1771491029003,2026-02-19T14:50:29,battery/data,battery,esp32_bms,11.932,2.17,0.022,0.262,97.32,19.31,7255990,"{""uptime_ms"":7255990,""bus_V"":11.932,""shunt_mV"":2.170,""current_A"":0.022,""power_W"":0.262,""soc_percent"":97.32,""soh_percent"":19.31}"
1771491034140,2026-02-19T14:50:34,battery/data,battery,esp32_bms,11.932,2.19,0.022,0.258,97.32,19.31,7260991,"{""uptime_ms"":7260991,""bus_V"":11.932,""shunt_mV"":2.190,""current_A"":0.022,""power_W"":0.258,""soc_percent"":97.32,""soh_percent"":19.31}"
1771491038998,2026-02-19T14:50:38,battery/data,battery,esp32_bms,11.932,2.17,0.022,0.256,97.32,19.31,7265992,"{""uptime_ms"":7265992,""bus_V"":11.932,""shunt_mV"":2.170,""current_A"":0.022,""power_W"":0.256,""soc_percent"":97.32,""soh_percent"":19.31}"
1771491043993,2026-02-19T14:50:43,battery/data,battery,esp32_bms,11.928,2.21,0.022,0.258,97.32,19.31,7270993,"{""uptime_ms"":7270993,""bus_V"":11.928,""shunt_mV"":2.210,""current_A"":0.022,""power_W"":0.258,""soc_percent"":97.32,""soh_percent"":19.31}"
1771491049003,2026-02-19T14:50:49,battery/data,battery,esp32_bms,11.932,2.17,0.022,0.262,97.32,19.31,7275994,"{""uptime_ms"":7275994,""bus_V"":11.932,""shunt_mV"":2.170,""current_A"":0.022,""power_W"":0.262,""soc_percent"":97.32,""soh_percent"":19.31}"
1771491054001,2026-02-19T14:50:54,battery/data,battery,esp32_bms,11.928,2.16,0.022,0.258,97.32,19.31,7280995,"{""uptime_ms"":7280995,""bus_V"":11.928,""shunt_mV"":2.160,""current_A"":0.022,""power_W"":0.258,""soc_percent"":97.32,""soh_percent"":19.31}"
1771491059077,2026-02-19T14:50:59,battery/data,battery,esp32_bms,11.932,2.17,0.022,0.262,97.32,19.31,7285996,"{""uptime_ms"":7285996,""bus_V"":11.932,""shunt_mV"":2.170,""current_A"":0.022,""power_W"":0.262,""soc_percent"":97.32,""soh_percent"":19.31}"
1771491064044,2026-02-19T14:51:04,battery/data,battery,esp32_bms,11.932,2.19,0.022,0.258,97.32,19.31,7290997,"{""uptime_ms"":7290997,""bus_V"":11.932,""shunt_mV"":2.190,""current_A"":0.022,""power_W"":0.258,""soc_percent"":97.32,""soh_percent"":19.31}"
1771491069018,2026-02-19T14:51:09,battery/data,battery,esp32_bms,11.932,2.17,0.022,0.258,97.32,19.31,7295998,"{""uptime_ms"":7295998,""bus_V"":11.932,""shunt_mV"":2.170,""current_A"":0.022,""power_W"":0.258,""soc_percent"":97.32,""soh_percent"":19.31}"
1771491074079,2026-02-19T14:51:14,battery/data,battery,esp32_bms,11.936,2.21,0.022,0.262,97.32,19.31,7300999,"{""uptime_ms"":7300999,""bus_V"":11.936,""shunt_mV"":2.210,""current_A"":0.022,""power_W"":0.262,""soc_percent"":97.32,""soh_percent"":19.31}"
1771491079007,2026-02-19T14:51:19,battery/data,battery,esp32_bms,11.936,2.15,0.022,0.258,97.32,19.31,7306000,"{""uptime_ms"":7306000,""bus_V"":11.936,""shunt_mV"":2.150,""current_A"":0.022,""power_W"":0.258,""soc_percent"":97.32,""soh_percent"":19.31}"
1771491084043,2026-02-19T14:51:24,battery/data,battery,esp32_bms,11.936,2.15,0.022,0.262,97.31,19.31,7311001,"{""uptime_ms"":7311001,""bus_V"":11.936,""shunt_mV"":2.150,""current_A"":0.022,""power_W"":0.262,""soc_percent"":97.31,""soh_percent"":19.31}"
1771491089017,2026-02-19T14:51:29,battery/data,battery,esp32_bms,11.936,2.16,0.022,0.258,97.31,19.31,7316002,"{""uptime_ms"":7316002,""bus_V"":11.936,""shunt_mV"":2.160,""current_A"":0.022,""power_W"":0.258,""soc_percent"":97.31,""soh_percent"":19.31}"
1771491094047,2026-02-19T14:51:34,battery/data,battery,esp32_bms,11.932,2.14,0.022,0.256,97.31,19.31,7321003,"{""uptime_ms"":7321003,""bus_V"":11.932,""shunt_mV"":2.140,""current_A"":0.022,""power_W"":0.256,""soc_percent"":97.31,""soh_percent"":19.31}"
1771491099055,2026-02-19T14:51:39,battery/data,battery,esp32_bms,11.936,2.17,0.022,0.262,97.31,19.31,7326004,"{""uptime_ms"":7326004,""bus_V"":11.936,""shunt_mV"":2.170,""current_A"":0.022,""power_W"":0.262,""soc_percent"":97.31,""soh_percent"":19.31}"
1771491104021,2026-02-19T14:51:44,battery/data,battery,esp32_bms,11.936,2.17,0.022,0.258,97.31,19.31,7331005,"{""uptime_ms"":7331005,""bus_V"":11.936,""shunt_mV"":2.170,""current_A"":0.022,""power_W"":0.258,""soc_percent"":97.31,""soh_percent"":19.31}"
1771491109003,2026-02-19T14:51:49,battery/data,battery,esp32_bms,11.936,2.16,0.021,0.258,97.31,19.31,7336006,"{""uptime_ms"":7336006,""bus_V"":11.936,""shunt_mV"":2.160,""current_A"":0.021,""power_W"":0.258,""soc_percent"":97.31,""soh_percent"":19.31}"
1771491114022,2026-02-19T14:51:54,battery/data,battery,esp32_bms,11.936,2.15,0.022,0.258,97.31,19.31,7341007,"{""uptime_ms"":7341007,""bus_V"":11.936,""shunt_mV"":2.150,""current_A"":0.022,""power_W"":0.258,""soc_percent"":97.31,""soh_percent"":19.31}"
1771491119478,2026-02-19T14:51:59,battery/data,battery,esp32_bms,11.94,2.15,0.022,0.258,97.31,19.31,7346008,"{""uptime_ms"":7346008,""bus_V"":11.940,""shunt_mV"":2.150,""current_A"":0.022,""power_W"":0.258,""soc_percent"":97.31,""soh_percent"":19.31}"
1771491124025,2026-02-19T14:52:04,battery/data,battery,esp32_bms,11.936,2.15,0.021,0.258,97.31,19.31,7351009,"{""uptime_ms"":7351009,""bus_V"":11.936,""shunt_mV"":2.150,""current_A"":0.021,""power_W"":0.258,""soc_percent"":97.31,""soh_percent"":19.31}"
1771491129034,2026-02-19T14:52:09,battery/data,battery,esp32_bms,11.936,2.15,0.021,0.256,97.31,19.31,7356010,"{""uptime_ms"":7356010,""bus_V"":11.936,""shunt_mV"":2.150,""current_A"":0.021,""power_W"":0.256,""soc_percent"":97.31,""soh_percent"":19.31}"
1771491134074,2026-02-19T14:52:14,battery/data,battery,esp32_bms,11.94,2.16,0.022,0.258,97.31,19.31,7361011,"{""uptime_ms"":7361011,""bus_V"":11.940,""shunt_mV"":2.160,""current_A"":0.022,""power_W"":0.258,""soc_percent"":97.31,""soh_percent"":19.31}"
1771491139014,2026-02-19T14:52:19,battery/data,battery,esp32_bms,11.94,2.15,0.021,0.256,97.31,19.31,7366012,"{""uptime_ms"":7366012,""bus_V"":11.940,""shunt_mV"":2.150,""current_A"":0.021,""power_W"":0.256,""soc_percent"":97.31,""soh_percent"":19.31}"
1771491144540,2026-02-19T14:52:24,battery/data,battery,esp32_bms,11.94,2.17,0.021,0.256,97.31,19.31,7371013,"{""uptime_ms"":7371013,""bus_V"":11.940,""shunt_mV"":2.170,""current_A"":0.021,""power_W"":0.256,""soc_percent"":97.31,""soh_percent"":19.31}"
1771491149073,2026-02-19T14:52:29,battery/data,battery,esp32_bms,11.94,2.14,0.021,0.256,97.31,19.31,7376014,"{""uptime_ms"":7376014,""bus_V"":11.940,""shunt_mV"":2.140,""current_A"":0.021,""power_W"":0.256,""soc_percent"":97.31,""soh_percent"":19.31}"
1771491154061,2026-02-19T14:52:34,battery/data,battery,esp32_bms,11.94,2.14,0.021,0.256,97.3,19.31,7381015,"{""uptime_ms"":7381015,""bus_V"":11.940,""shunt_mV"":2.140,""current_A"":0.021,""power_W"":0.256,""soc_percent"":97.30,""soh_percent"":19.31}"
1771491159055,2026-02-19T14:52:39,battery/data,battery,esp32_bms,11.94,2.13,0.022,0.258,97.3,19.31,7386016,"{""uptime_ms"":7386016,""bus_V"":11.940,""shunt_mV"":2.130,""current_A"":0.022,""power_W"":0.258,""soc_percent"":97.30,""soh_percent"":19.31}"
1771491164027,2026-02-19T14:52:44,battery/data,battery,esp32_bms,11.944,2.15,0.021,0.256,97.3,19.31,7391017,"{""uptime_ms"":7391017,""bus_V"":11.944,""shunt_mV"":2.150,""current_A"":0.021,""power_W"":0.256,""soc_percent"":97.30,""soh_percent"":19.31}"
1771491169008,2026-02-19T14:52:49,battery/data,battery,esp32_bms,11.94,2.12,0.021,0.256,97.3,19.31,7396018,"{""uptime_ms"":7396018,""bus_V"":11.940,""shunt_mV"":2.120,""current_A"":0.021,""power_W"":0.256,""soc_percent"":97.30,""soh_percent"":19.31}"
1771491174090,2026-02-19T14:52:54,battery/data,battery,esp32_bms,11.94,2.14,0.021,0.258,97.3,19.31,7401019,"{""uptime_ms"":7401019,""bus_V"":11.940,""shunt_mV"":2.140,""current_A"":0.021,""power_W"":0.258,""soc_percent"":97.30,""soh_percent"":19.31}"
1771491179083,2026-02-19T14:52:59,battery/data,battery,esp32_bms,11.94,2.16,0.021,0.256,97.3,19.31,7406020,"{""uptime_ms"":7406020,""bus_V"":11.940,""shunt_mV"":2.160,""current_A"":0.021,""power_W"":0.256,""soc_percent"":97.30,""soh_percent"":19.31}"
1771491184028,2026-02-19T14:53:04,battery/data,battery,esp32_bms,11.944,2.14,0.021,0.256,97.3,19.31,7411021,"{""uptime_ms"":7411021,""bus_V"":11.944,""shunt_mV"":2.140,""current_A"":0.021,""power_W"":0.256,""soc_percent"":97.30,""soh_percent"":19.31}"
1771491189099,2026-02-19T14:53:09,battery/data,battery,esp32_bms,11.944,2.14,0.021,0.256,97.3,19.31,7416022,"{""uptime_ms"":7416022,""bus_V"":11.944,""shunt_mV"":2.140,""current_A"":0.021,""power_W"":0.256,""soc_percent"":97.30,""soh_percent"":19.31}"
1771491194261,2026-02-19T14:53:14,battery/data,battery,esp32_bms,11.948,2.14,0.021,0.256,97.3,19.31,7421023,"{""uptime_ms"":7421023,""bus_V"":11.948,""shunt_mV"":2.140,""current_A"":0.021,""power_W"":0.256,""soc_percent"":97.30,""soh_percent"":19.31}"
1771491199030,2026-02-19T14:53:19,battery/data,battery,esp32_bms,11.948,2.1,0.021,0.252,97.3,19.31,7426024,"{""uptime_ms"":7426024,""bus_V"":11.948,""shunt_mV"":2.100,""current_A"":0.021,""power_W"":0.252,""soc_percent"":97.30,""soh_percent"":19.31}"
1771491204020,2026-02-19T14:53:24,battery/data,battery,esp32_bms,11.944,2.14,0.021,0.256,97.3,19.31,7431025,"{""uptime_ms"":7431025,""bus_V"":11.944,""shunt_mV"":2.140,""current_A"":0.021,""power_W"":0.256,""soc_percent"":97.30,""soh_percent"":19.31}"
1771491209030,2026-02-19T14:53:29,battery/data,battery,esp32_bms,11.948,2.12,0.021,0.256,97.3,19.31,7436026,"{""uptime_ms"":7436026,""bus_V"":11.948,""shunt_mV"":2.120,""current_A"":0.021,""power_W"":0.256,""soc_percent"":97.30,""soh_percent"":19.31}"
1771491214099,2026-02-19T14:53:34,battery/data,battery,esp32_bms,11.948,2.12,0.021,0.252,97.3,19.31,7441027,"{""uptime_ms"":7441027,""bus_V"":11.948,""shunt_mV"":2.120,""current_A"":0.021,""power_W"":0.252,""soc_percent"":97.30,""soh_percent"":19.31}"
1771491219052,2026-02-19T14:53:39,battery/data,battery,esp32_bms,11.948,2.12,0.021,0.252,97.3,19.31,7446028,"{""uptime_ms"":7446028,""bus_V"":11.948,""shunt_mV"":2.120,""current_A"":0.021,""power_W"":0.252,""soc_percent"":97.30,""soh_percent"":19.31}"
1771491224038,2026-02-19T14:53:44,battery/data,battery,esp32_bms,11.948,2.13,0.021,0.252,97.29,19.31,7451029,"{""uptime_ms"":7451029,""bus_V"":11.948,""shunt_mV"":2.130,""current_A"":0.021,""power_W"":0.252,""soc_percent"":97.29,""soh_percent"":19.31}"
1771491229548,2026-02-19T14:53:49,battery/data,battery,esp32_bms,11.948,2.12,0.021,0.252,97.29,19.31,7456030,"{""uptime_ms"":7456030,""bus_V"":11.948,""shunt_mV"":2.120,""current_A"":0.021,""power_W"":0.252,""soc_percent"":97.29,""soh_percent"":19.31}"
1771491234110,2026-02-19T14:53:54,battery/data,battery,esp32_bms,11.952,2.12,0.021,0.252,97.29,19.31,7461031,"{""uptime_ms"":7461031,""bus_V"":11.952,""shunt_mV"":2.120,""current_A"":0.021,""power_W"":0.252,""soc_percent"":97.29,""soh_percent"":19.31}"
1771491239031,2026-02-19T14:53:59,battery/data,battery,esp32_bms,11.948,2.1,0.022,0.256,97.29,19.31,7466032,"{""uptime_ms"":7466032,""bus_V"":11.948,""shunt_mV"":2.100,""current_A"":0.022,""power_W"":0.256,""soc_percent"":97.29,""soh_percent"":19.31}"
1771491244040,2026-02-19T14:54:04,battery/data,battery,esp32_bms,11.948,2.11,0.021,0.252,97.29,19.31,7471033,"{""uptime_ms"":7471033,""bus_V"":11.948,""shunt_mV"":2.110,""current_A"":0.021,""power_W"":0.252,""soc_percent"":97.29,""soh_percent"":19.31}"
1771491249048,2026-02-19T14:54:09,battery/data,battery,esp32_bms,11.952,2.11,0.021,0.252,97.29,19.31,7476034,"{""uptime_ms"":7476034,""bus_V"":11.952,""shunt_mV"":2.110,""current_A"":0.021,""power_W"":0.252,""soc_percent"":97.29,""soh_percent"":19.31}"
1771491261173,2026-02-19T14:54:21,battery/data,battery,esp32_bms,11.948,2.11,0.021,0.256,97.29,19.31,7481035,"{""uptime_ms"":7481035,""bus_V"":11.948,""shunt_mV"":2.110,""current_A"":0.021,""power_W"":0.256,""soc_percent"":97.29,""soh_percent"":19.31}"
1771491262105,2026-02-19T14:54:22,battery/data,battery,esp32_bms,11.952,2.11,0.021,0.252,97.29,19.31,7486036,"{""uptime_ms"":7486036,""bus_V"":11.952,""shunt_mV"":2.110,""current_A"":0.021,""power_W"":0.252,""soc_percent"":97.29,""soh_percent"":19.31}"
1771491264035,2026-02-19T14:54:24,battery/data,battery,esp32_bms,11.948,2.1,0.021,0.252,97.29,19.31,7491037,"{""uptime_ms"":7491037,""bus_V"":11.948,""shunt_mV"":2.100,""current_A"":0.021,""power_W"":0.252,""soc_percent"":97.29,""soh_percent"":19.31}"
1771491272270,2026-02-19T14:54:32,battery/data,battery,esp32_bms,11.952,2.1,0.021,0.252,97.29,19.31,7496038,"{""uptime_ms"":7496038,""bus_V"":11.952,""shunt_mV"":2.100,""current_A"":0.021,""power_W"":0.252,""soc_percent"":97.29,""soh_percent"":19.31}"
1771491274047,2026-02-19T14:54:34,battery/data,battery,esp32_bms,11.952,2.1,0.021,0.252,97.29,19.31,7501039,"{""uptime_ms"":7501039,""bus_V"":11.952,""shunt_mV"":2.100,""current_A"":0.021,""power_W"":0.252,""soc_percent"":97.29,""soh_percent"":19.31}"
1771491279153,2026-02-19T14:54:39,battery/data,battery,esp32_bms,11.952,2.09,0.021,0.252,97.29,19.31,7506040,"{""uptime_ms"":7506040,""bus_V"":11.952,""shunt_mV"":2.090,""current_A"":0.021,""power_W"":0.252,""soc_percent"":97.29,""soh_percent"":19.31}"
1771491284142,2026-02-19T14:54:44,battery/data,battery,esp32_bms,11.956,2.09,0.021,0.252,97.29,19.31,7511041,"{""uptime_ms"":7511041,""bus_V"":11.956,""shunt_mV"":2.090,""current_A"":0.021,""power_W"":0.252,""soc_percent"":97.29,""soh_percent"":19.31}"
1771491289090,2026-02-19T14:54:49,battery/data,battery,esp32_bms,11.952,2.1,0.021,0.256,97.29,19.31,7516042,"{""uptime_ms"":7516042,""bus_V"":11.952,""shunt_mV"":2.100,""current_A"":0.021,""power_W"":0.256,""soc_percent"":97.29,""soh_percent"":19.31}"
1771491294482,2026-02-19T14:54:54,battery/data,battery,esp32_bms,11.956,2.08,0.021,0.252,97.28,19.31,7521043,"{""uptime_ms"":7521043,""bus_V"":11.956,""shunt_mV"":2.080,""current_A"":0.021,""power_W"":0.252,""soc_percent"":97.28,""soh_percent"":19.31}"
1771491299041,2026-02-19T14:54:59,battery/data,battery,esp32_bms,11.956,2.1,0.021,0.25,97.28,19.31,7526044,"{""uptime_ms"":7526044,""bus_V"":11.956,""shunt_mV"":2.100,""current_A"":0.021,""power_W"":0.250,""soc_percent"":97.28,""soh_percent"":19.31}"
1771491304052,2026-02-19T14:55:04,battery/data,battery,esp32_bms,11.952,2.09,0.021,0.252,97.28,19.31,7531045,"{""uptime_ms"":7531045,""bus_V"":11.952,""shunt_mV"":2.090,""current_A"":0.021,""power_W"":0.252,""soc_percent"":97.28,""soh_percent"":19.31}"
1771491309082,2026-02-19T14:55:09,battery/data,battery,esp32_bms,11.952,2.09,0.021,0.252,97.28,19.31,7536046,"{""uptime_ms"":7536046,""bus_V"":11.952,""shunt_mV"":2.090,""current_A"":0.021,""power_W"":0.252,""soc_percent"":97.28,""soh_percent"":19.31}"
1771491314174,2026-02-19T14:55:14,battery/data,battery,esp32_bms,11.96,2.09,0.021,0.25,97.28,19.31,7541047,"{""uptime_ms"":7541047,""bus_V"":11.960,""shunt_mV"":2.090,""current_A"":0.021,""power_W"":0.250,""soc_percent"":97.28,""soh_percent"":19.31}"
1771491319057,2026-02-19T14:55:19,battery/data,battery,esp32_bms,11.956,2.11,0.021,0.252,97.28,19.31,7546048,"{""uptime_ms"":7546048,""bus_V"":11.956,""shunt_mV"":2.110,""current_A"":0.021,""power_W"":0.252,""soc_percent"":97.28,""soh_percent"":19.31}"
1771491324054,2026-02-19T14:55:24,battery/data,battery,esp32_bms,11.96,2.1,0.021,0.252,97.28,19.31,7551049,"{""uptime_ms"":7551049,""bus_V"":11.960,""shunt_mV"":2.100,""current_A"":0.021,""power_W"":0.252,""soc_percent"":97.28,""soh_percent"":19.31}"
1771491329063,2026-02-19T14:55:29,battery/data,battery,esp32_bms,11.956,2.09,0.021,0.252,97.28,19.31,7556050,"{""uptime_ms"":7556050,""bus_V"":11.956,""shunt_mV"":2.090,""current_A"":0.021,""power_W"":0.252,""soc_percent"":97.28,""soh_percent"":19.31}"
1771491334078,2026-02-19T14:55:34,battery/data,battery,esp32_bms,11.96,2.07,0.021,0.25,97.28,19.31,7561051,"{""uptime_ms"":7561051,""bus_V"":11.960,""shunt_mV"":2.070,""current_A"":0.021,""power_W"":0.250,""soc_percent"":97.28,""soh_percent"":19.31}"
1771491339091,2026-02-19T14:55:39,battery/data,battery,esp32_bms,11.96,2.07,0.021,0.25,97.28,19.31,7566052,"{""uptime_ms"":7566052,""bus_V"":11.960,""shunt_mV"":2.070,""current_A"":0.021,""power_W"":0.250,""soc_percent"":97.28,""soh_percent"":19.31}"
1771491344083,2026-02-19T14:55:44,battery/data,battery,esp32_bms,11.96,2.09,0.021,0.25,97.28,19.31,7571053,"{""uptime_ms"":7571053,""bus_V"":11.960,""shunt_mV"":2.090,""current_A"":0.021,""power_W"":0.250,""soc_percent"":97.28,""soh_percent"":19.31}"
1771491349060,2026-02-19T14:55:49,battery/data,battery,esp32_bms,11.96,2.08,0.021,0.25,97.28,19.31,7576054,"{""uptime_ms"":7576054,""bus_V"":11.960,""shunt_mV"":2.080,""current_A"":0.021,""power_W"":0.250,""soc_percent"":97.28,""soh_percent"":19.31}"
1771491354056,2026-02-19T14:55:54,battery/data,battery,esp32_bms,11.96,2.09,0.021,0.25,97.28,19.31,7581055,"{""uptime_ms"":7581055,""bus_V"":11.960,""shunt_mV"":2.090,""current_A"":0.021,""power_W"":0.250,""soc_percent"":97.28,""soh_percent"":19.31}"
1771491359063,2026-02-19T14:55:59,battery/data,battery,esp32_bms,11.96,2.1,0.021,0.25,97.28,19.31,7586056,"{""uptime_ms"":7586056,""bus_V"":11.960,""shunt_mV"":2.100,""current_A"":0.021,""power_W"":0.250,""soc_percent"":97.28,""soh_percent"":19.31}"
1771491364082,2026-02-19T14:56:04,battery/data,battery,esp32_bms,11.96,2.08,0.021,0.25,97.28,19.31,7591057,"{""uptime_ms"":7591057,""bus_V"":11.960,""shunt_mV"":2.080,""current_A"":0.021,""power_W"":0.250,""soc_percent"":97.28,""soh_percent"":19.31}"
1771491369087,2026-02-19T14:56:09,battery/data,battery,esp32_bms,11.96,2.05,0.021,0.25,97.27,19.31,7596058,"{""uptime_ms"":7596058,""bus_V"":11.960,""shunt_mV"":2.050,""current_A"":0.021,""power_W"":0.250,""soc_percent"":97.27,""soh_percent"":19.31}"
1771491374330,2026-02-19T14:56:14,battery/data,battery,esp32_bms,11.964,2.09,0.021,0.25,97.27,19.31,7601059,"{""uptime_ms"":7601059,""bus_V"":11.964,""shunt_mV"":2.090,""current_A"":0.021,""power_W"":0.250,""soc_percent"":97.27,""soh_percent"":19.31}"
1771491379208,2026-02-19T14:56:19,battery/data,battery,esp32_bms,11.964,2.06,0.021,0.25,97.27,19.31,7606060,"{""uptime_ms"":7606060,""bus_V"":11.964,""shunt_mV"":2.060,""current_A"":0.021,""power_W"":0.250,""soc_percent"":97.27,""soh_percent"":19.31}"
1771491384056,2026-02-19T14:56:24,battery/data,battery,esp32_bms,11.964,2.09,0.021,0.25,97.27,19.31,7611061,"{""uptime_ms"":7611061,""bus_V"":11.964,""shunt_mV"":2.090,""current_A"":0.021,""power_W"":0.250,""soc_percent"":97.27,""soh_percent"":19.31}"
1771491389060,2026-02-19T14:56:29,battery/data,battery,esp32_bms,11.964,2.06,0.021,0.246,97.27,19.31,7616062,"{""uptime_ms"":7616062,""bus_V"":11.964,""shunt_mV"":2.060,""current_A"":0.021,""power_W"":0.246,""soc_percent"":97.27,""soh_percent"":19.31}"
1771491394096,2026-02-19T14:56:34,battery/data,battery,esp32_bms,11.964,2.07,0.021,0.252,97.27,19.31,7621063,"{""uptime_ms"":7621063,""bus_V"":11.964,""shunt_mV"":2.070,""current_A"":0.021,""power_W"":0.252,""soc_percent"":97.27,""soh_percent"":19.31}"
1771491399068,2026-02-19T14:56:39,battery/data,battery,esp32_bms,11.968,2.07,0.021,0.246,97.27,19.31,7626064,"{""uptime_ms"":7626064,""bus_V"":11.968,""shunt_mV"":2.070,""current_A"":0.021,""power_W"":0.246,""soc_percent"":97.27,""soh_percent"":19.31}"
1771491404112,2026-02-19T14:56:44,battery/data,battery,esp32_bms,11.968,2.05,0.021,0.25,97.27,19.31,7631065,"{""uptime_ms"":7631065,""bus_V"":11.968,""shunt_mV"":2.050,""current_A"":0.021,""power_W"":0.250,""soc_percent"":97.27,""soh_percent"":19.31}"
1771491409072,2026-02-19T14:56:49,battery/data,battery,esp32_bms,11.964,2.06,0.021,0.25,97.27,19.31,7636066,"{""uptime_ms"":7636066,""bus_V"":11.964,""shunt_mV"":2.060,""current_A"":0.021,""power_W"":0.250,""soc_percent"":97.27,""soh_percent"":19.31}"
1771491414074,2026-02-19T14:56:54,battery/data,battery,esp32_bms,11.964,2.08,0.021,0.246,97.27,19.31,7641067,"{""uptime_ms"":7641067,""bus_V"":11.964,""shunt_mV"":2.080,""current_A"":0.021,""power_W"":0.246,""soc_percent"":97.27,""soh_percent"":19.31}"
1771491419070,2026-02-19T14:56:59,battery/data,battery,esp32_bms,11.968,2.06,0.021,0.246,97.27,19.31,7646068,"{""uptime_ms"":7646068,""bus_V"":11.968,""shunt_mV"":2.060,""current_A"":0.021,""power_W"":0.246,""soc_percent"":97.27,""soh_percent"":19.31}"
1771491424066,2026-02-19T14:57:04,battery/data,battery,esp32_bms,11.968,2.06,0.021,0.25,97.27,19.31,7651069,"{""uptime_ms"":7651069,""bus_V"":11.968,""shunt_mV"":2.060,""current_A"":0.021,""power_W"":0.250,""soc_percent"":97.27,""soh_percent"":19.31}"
1771491429117,2026-02-19T14:57:09,battery/data,battery,esp32_bms,11.968,2.06,0.021,0.246,97.27,19.31,7656070,"{""uptime_ms"":7656070,""bus_V"":11.968,""shunt_mV"":2.060,""current_A"":0.021,""power_W"":0.246,""soc_percent"":97.27,""soh_percent"":19.31}"
1771491434086,2026-02-19T14:57:14,battery/data,battery,esp32_bms,11.968,2.06,0.021,0.25,97.27,19.31,7661071,"{""uptime_ms"":7661071,""bus_V"":11.968,""shunt_mV"":2.060,""current_A"":0.021,""power_W"":0.250,""soc_percent"":97.27,""soh_percent"":19.31}"
1771491439139,2026-02-19T14:57:19,battery/data,battery,esp32_bms,11.968,2.04,0.021,0.246,97.26,19.31,7666072,"{""uptime_ms"":7666072,""bus_V"":11.968,""shunt_mV"":2.040,""current_A"":0.021,""power_W"":0.246,""soc_percent"":97.26,""soh_percent"":19.31}"
1771491444073,2026-02-19T14:57:24,battery/data,battery,esp32_bms,11.972,2.06,0.021,0.246,97.26,19.31,7671073,"{""uptime_ms"":7671073,""bus_V"":11.972,""shunt_mV"":2.060,""current_A"":0.021,""power_W"":0.246,""soc_percent"":97.26,""soh_percent"":19.31}"
1771491449084,2026-02-19T14:57:29,battery/data,battery,esp32_bms,11.972,2.02,0.021,0.246,97.26,19.31,7676074,"{""uptime_ms"":7676074,""bus_V"":11.972,""shunt_mV"":2.020,""current_A"":0.021,""power_W"":0.246,""soc_percent"":97.26,""soh_percent"":19.31}"
1771491454078,2026-02-19T14:57:34,battery/data,battery,esp32_bms,11.972,2.05,0.021,0.246,97.26,19.31,7681075,"{""uptime_ms"":7681075,""bus_V"":11.972,""shunt_mV"":2.050,""current_A"":0.021,""power_W"":0.246,""soc_percent"":97.26,""soh_percent"":19.31}"
1771491459081,2026-02-19T14:57:39,battery/data,battery,esp32_bms,11.972,2.05,0.021,0.246,97.26,19.31,7686076,"{""uptime_ms"":7686076,""bus_V"":11.972,""shunt_mV"":2.050,""current_A"":0.021,""power_W"":0.246,""soc_percent"":97.26,""soh_percent"":19.31}"
1771491464088,2026-02-19T14:57:44,battery/data,battery,esp32_bms,11.968,2.05,0.02,0.246,97.26,19.31,7691077,"{""uptime_ms"":7691077,""bus_V"":11.968,""shunt_mV"":2.050,""current_A"":0.020,""power_W"":0.246,""soc_percent"":97.26,""soh_percent"":19.31}"
1771491469120,2026-02-19T14:57:49,battery/data,battery,esp32_bms,11.972,2.07,0.021,0.246,97.26,19.31,7696078,"{""uptime_ms"":7696078,""bus_V"":11.972,""shunt_mV"":2.070,""current_A"":0.021,""power_W"":0.246,""soc_percent"":97.26,""soh_percent"":19.31}"
1771491474081,2026-02-19T14:57:54,battery/data,battery,esp32_bms,11.972,2.04,0.021,0.246,97.26,19.31,7701079,"{""uptime_ms"":7701079,""bus_V"":11.972,""shunt_mV"":2.040,""current_A"":0.021,""power_W"":0.246,""soc_percent"":97.26,""soh_percent"":19.31}"
1771491479078,2026-02-19T14:57:59,battery/data,battery,esp32_bms,11.972,2.05,0.02,0.242,97.26,19.31,7706080,"{""uptime_ms"":7706080,""bus_V"":11.972,""shunt_mV"":2.050,""current_A"":0.020,""power_W"":0.242,""soc_percent"":97.26,""soh_percent"":19.31}"
1771491484119,2026-02-19T14:58:04,battery/data,battery,esp32_bms,11.972,2.06,0.02,0.246,97.26,19.31,7711081,"{""uptime_ms"":7711081,""bus_V"":11.972,""shunt_mV"":2.060,""current_A"":0.020,""power_W"":0.246,""soc_percent"":97.26,""soh_percent"":19.31}"
1771491489116,2026-02-19T14:58:09,battery/data,battery,esp32_bms,11.976,2.04,0.021,0.246,97.26,19.31,7716082,"{""uptime_ms"":7716082,""bus_V"":11.976,""shunt_mV"":2.040,""current_A"":0.021,""power_W"":0.246,""soc_percent"":97.26,""soh_percent"":19.31}"
1771491494092,2026-02-19T14:58:14,battery/data,battery,esp32_bms,11.976,2.04,0.02,0.246,97.26,19.31,7721083,"{""uptime_ms"":7721083,""bus_V"":11.976,""shunt_mV"":2.040,""current_A"":0.020,""power_W"":0.246,""soc_percent"":97.26,""soh_percent"":19.31}"
1771491499102,2026-02-19T14:58:19,battery/data,battery,esp32_bms,11.972,2.04,0.021,0.246,97.26,19.31,7726084,"{""uptime_ms"":7726084,""bus_V"":11.972,""shunt_mV"":2.040,""current_A"":0.021,""power_W"":0.246,""soc_percent"":97.26,""soh_percent"":19.31}"
1771491504526,2026-02-19T14:58:24,battery/data,battery,esp32_bms,11.976,2.03,0.02,0.246,97.26,19.31,7731085,"{""uptime_ms"":7731085,""bus_V"":11.976,""shunt_mV"":2.030,""current_A"":0.020,""power_W"":0.246,""soc_percent"":97.26,""soh_percent"":19.31}"
1771491509088,2026-02-19T14:58:29,battery/data,battery,esp32_bms,11.976,2.03,0.021,0.246,97.26,19.31,7736086,"{""uptime_ms"":7736086,""bus_V"":11.976,""shunt_mV"":2.030,""current_A"":0.021,""power_W"":0.246,""soc_percent"":97.26,""soh_percent"":19.31}"
1771491514188,2026-02-19T14:58:34,battery/data,battery,esp32_bms,11.976,2.03,0.02,0.242,97.25,19.31,7741087,"{""uptime_ms"":7741087,""bus_V"":11.976,""shunt_mV"":2.030,""current_A"":0.020,""power_W"":0.242,""soc_percent"":97.25,""soh_percent"":19.31}"
1771491519080,2026-02-19T14:58:39,battery/data,battery,esp32_bms,11.976,2.06,0.02,0.246,97.25,19.31,7746088,"{""uptime_ms"":7746088,""bus_V"":11.976,""shunt_mV"":2.060,""current_A"":0.020,""power_W"":0.246,""soc_percent"":97.25,""soh_percent"":19.31}"
1771491524134,2026-02-19T14:58:44,battery/data,battery,esp32_bms,11.976,2.04,0.021,0.246,97.25,19.31,7751089,"{""uptime_ms"":7751089,""bus_V"":11.976,""shunt_mV"":2.040,""current_A"":0.021,""power_W"":0.246,""soc_percent"":97.25,""soh_percent"":19.31}"
1771491529133,2026-02-19T14:58:49,battery/data,battery,esp32_bms,11.98,2.03,0.021,0.246,97.25,19.31,7756090,"{""uptime_ms"":7756090,""bus_V"":11.980,""shunt_mV"":2.030,""current_A"":0.021,""power_W"":0.246,""soc_percent"":97.25,""soh_percent"":19.31}"
1771491534092,2026-02-19T14:58:54,battery/data,battery,esp32_bms,11.976,2.03,0.02,0.242,97.25,19.31,7761091,"{""uptime_ms"":7761091,""bus_V"":11.976,""shunt_mV"":2.030,""current_A"":0.020,""power_W"":0.242,""soc_percent"":97.25,""soh_percent"":19.31}"
1771491539098,2026-02-19T14:58:59,battery/data,battery,esp32_bms,11.98,2.04,0.021,0.246,97.25,19.31,7766092,"{""uptime_ms"":7766092,""bus_V"":11.980,""shunt_mV"":2.040,""current_A"":0.021,""power_W"":0.246,""soc_percent"":97.25,""soh_percent"":19.31}"
1771491544102,2026-02-19T14:59:04,battery/data,battery,esp32_bms,11.976,2.06,0.02,0.242,97.25,19.31,7771093,"{""uptime_ms"":7771093,""bus_V"":11.976,""shunt_mV"":2.060,""current_A"":0.020,""power_W"":0.242,""soc_percent"":97.25,""soh_percent"":19.31}"
1771491549107,2026-02-19T14:59:09,battery/data,battery,esp32_bms,11.976,2.04,0.02,0.242,97.25,19.31,7776094,"{""uptime_ms"":7776094,""bus_V"":11.976,""shunt_mV"":2.040,""current_A"":0.020,""power_W"":0.242,""soc_percent"":97.25,""soh_percent"":19.31}"
1771491554122,2026-02-19T14:59:14,battery/data,battery,esp32_bms,11.976,2.01,0.02,0.246,97.25,19.31,7781095,"{""uptime_ms"":7781095,""bus_V"":11.976,""shunt_mV"":2.010,""current_A"":0.020,""power_W"":0.246,""soc_percent"":97.25,""soh_percent"":19.31}"
1771491559133,2026-02-19T14:59:19,battery/data,battery,esp32_bms,11.98,2.02,0.02,0.242,97.25,19.31,7786096,"{""uptime_ms"":7786096,""bus_V"":11.980,""shunt_mV"":2.020,""current_A"":0.020,""power_W"":0.242,""soc_percent"":97.25,""soh_percent"":19.31}"
1771491564085,2026-02-19T14:59:24,battery/data,battery,esp32_bms,11.98,2.03,0.02,0.246,97.25,19.31,7791097,"{""uptime_ms"":7791097,""bus_V"":11.980,""shunt_mV"":2.030,""current_A"":0.020,""power_W"":0.246,""soc_percent"":97.25,""soh_percent"":19.31}"
1771491569209,2026-02-19T14:59:29,battery/data,battery,esp32_bms,11.98,2.04,0.02,0.242,97.25,19.31,7796098,"{""uptime_ms"":7796098,""bus_V"":11.980,""shunt_mV"":2.040,""current_A"":0.020,""power_W"":0.242,""soc_percent"":97.25,""soh_percent"":19.31}"
1771491574104,2026-02-19T14:59:34,battery/data,battery,esp32_bms,11.984,2.01,0.02,0.242,97.25,19.31,7801099,"{""uptime_ms"":7801099,""bus_V"":11.984,""shunt_mV"":2.010,""current_A"":0.020,""power_W"":0.242,""soc_percent"":97.25,""soh_percent"":19.31}"
1771491579226,2026-02-19T14:59:39,battery/data,battery,esp32_bms,11.984,2.03,0.02,0.24,97.25,19.31,7806100,"{""uptime_ms"":7806100,""bus_V"":11.984,""shunt_mV"":2.030,""current_A"":0.020,""power_W"":0.240,""soc_percent"":97.25,""soh_percent"":19.31}"
1771491584130,2026-02-19T14:59:44,battery/data,battery,esp32_bms,11.984,2.01,0.02,0.242,97.25,19.31,7811101,"{""uptime_ms"":7811101,""bus_V"":11.984,""shunt_mV"":2.010,""current_A"":0.020,""power_W"":0.242,""soc_percent"":97.25,""soh_percent"":19.31}"
1771491589159,2026-02-19T14:59:49,battery/data,battery,esp32_bms,11.984,2.03,0.02,0.242,97.24,19.31,7816102,"{""uptime_ms"":7816102,""bus_V"":11.984,""shunt_mV"":2.030,""current_A"":0.020,""power_W"":0.242,""soc_percent"":97.24,""soh_percent"":19.31}"
1771491594166,2026-02-19T14:59:54,battery/data,battery,esp32_bms,11.984,2.01,0.02,0.242,97.24,19.31,7821103,"{""uptime_ms"":7821103,""bus_V"":11.984,""shunt_mV"":2.010,""current_A"":0.020,""power_W"":0.242,""soc_percent"":97.24,""soh_percent"":19.31}"
1771491599118,2026-02-19T14:59:59,battery/data,battery,esp32_bms,11.984,2.03,0.02,0.242,97.24,19.31,7826104,"{""uptime_ms"":7826104,""bus_V"":11.984,""shunt_mV"":2.030,""current_A"":0.020,""power_W"":0.242,""soc_percent"":97.24,""soh_percent"":19.31}"
1771491604107,2026-02-19T15:00:04,battery/data,battery,esp32_bms,11.984,2.02,0.02,0.242,97.24,19.31,7831105,"{""uptime_ms"":7831105,""bus_V"":11.984,""shunt_mV"":2.020,""current_A"":0.020,""power_W"":0.242,""soc_percent"":97.24,""soh_percent"":19.31}"
1771491609111,2026-02-19T15:00:09,battery/data,battery,esp32_bms,11.984,2.01,0.02,0.24,97.24,19.31,7836106,"{""uptime_ms"":7836106,""bus_V"":11.984,""shunt_mV"":2.010,""current_A"":0.020,""power_W"":0.240,""soc_percent"":97.24,""soh_percent"":19.31}"
1771491614115,2026-02-19T15:00:14,battery/data,battery,esp32_bms,11.984,2.01,0.02,0.242,97.24,19.31,7841107,"{""uptime_ms"":7841107,""bus_V"":11.984,""shunt_mV"":2.010,""current_A"":0.020,""power_W"":0.242,""soc_percent"":97.24,""soh_percent"":19.31}"
1771491619115,2026-02-19T15:00:19,battery/data,battery,esp32_bms,11.988,2.01,0.02,0.242,97.24,19.31,7846108,"{""uptime_ms"":7846108,""bus_V"":11.988,""shunt_mV"":2.010,""current_A"":0.020,""power_W"":0.242,""soc_percent"":97.24,""soh_percent"":19.31}"
1771491624149,2026-02-19T15:00:24,battery/data,battery,esp32_bms,11.988,2.02,0.02,0.24,97.24,19.31,7851109,"{""uptime_ms"":7851109,""bus_V"":11.988,""shunt_mV"":2.020,""current_A"":0.020,""power_W"":0.240,""soc_percent"":97.24,""soh_percent"":19.31}"
1771491629097,2026-02-19T15:00:29,battery/data,battery,esp32_bms,11.988,2.02,0.02,0.24,97.24,19.31,7856110,"{""uptime_ms"":7856110,""bus_V"":11.988,""shunt_mV"":2.020,""current_A"":0.020,""power_W"":0.240,""soc_percent"":97.24,""soh_percent"":19.31}"
1771491634114,2026-02-19T15:00:34,battery/data,battery,esp32_bms,11.988,2.02,0.02,0.236,97.24,19.31,7861111,"{""uptime_ms"":7861111,""bus_V"":11.988,""shunt_mV"":2.020,""current_A"":0.020,""power_W"":0.236,""soc_percent"":97.24,""soh_percent"":19.31}"
1771491639126,2026-02-19T15:00:39,battery/data,battery,esp32_bms,11.988,2.0,0.02,0.24,97.24,19.31,7866112,"{""uptime_ms"":7866112,""bus_V"":11.988,""shunt_mV"":2.000,""current_A"":0.020,""power_W"":0.240,""soc_percent"":97.24,""soh_percent"":19.31}"
1771491644142,2026-02-19T15:00:44,battery/data,battery,esp32_bms,11.988,2.0,0.02,0.242,97.24,19.31,7871113,"{""uptime_ms"":7871113,""bus_V"":11.988,""shunt_mV"":2.000,""current_A"":0.020,""power_W"":0.242,""soc_percent"":97.24,""soh_percent"":19.31}"
1771491649149,2026-02-19T15:00:49,battery/data,battery,esp32_bms,11.988,1.99,0.02,0.24,97.24,19.31,7876114,"{""uptime_ms"":7876114,""bus_V"":11.988,""shunt_mV"":1.990,""current_A"":0.020,""power_W"":0.240,""soc_percent"":97.24,""soh_percent"":19.31}"
1771491654146,2026-02-19T15:00:54,battery/data,battery,esp32_bms,11.988,1.99,0.02,0.242,97.24,19.31,7881115,"{""uptime_ms"":7881115,""bus_V"":11.988,""shunt_mV"":1.990,""current_A"":0.020,""power_W"":0.242,""soc_percent"":97.24,""soh_percent"":19.31}"
1771491659164,2026-02-19T15:00:59,battery/data,battery,esp32_bms,11.988,2.02,0.02,0.24,97.24,19.31,7886116,"{""uptime_ms"":7886116,""bus_V"":11.988,""shunt_mV"":2.020,""current_A"":0.020,""power_W"":0.240,""soc_percent"":97.24,""soh_percent"":19.31}"
1771491664120,2026-02-19T15:01:04,battery/data,battery,esp32_bms,11.988,2.02,0.02,0.236,97.23,19.31,7891117,"{""uptime_ms"":7891117,""bus_V"":11.988,""shunt_mV"":2.020,""current_A"":0.020,""power_W"":0.236,""soc_percent"":97.23,""soh_percent"":19.31}"
1771491669125,2026-02-19T15:01:09,battery/data,battery,esp32_bms,11.988,1.99,0.02,0.24,97.23,19.31,7896118,"{""uptime_ms"":7896118,""bus_V"":11.988,""shunt_mV"":1.990,""current_A"":0.020,""power_W"":0.240,""soc_percent"":97.23,""soh_percent"":19.31}"
1771491674132,2026-02-19T15:01:14,battery/data,battery,esp32_bms,11.992,1.99,0.02,0.242,97.23,19.31,7901119,"{""uptime_ms"":7901119,""bus_V"":11.992,""shunt_mV"":1.990,""current_A"":0.020,""power_W"":0.242,""soc_percent"":97.23,""soh_percent"":19.31}"
1771491679129,2026-02-19T15:01:19,battery/data,battery,esp32_bms,11.992,2.01,0.02,0.242,97.23,19.31,7906120,"{""uptime_ms"":7906120,""bus_V"":11.992,""shunt_mV"":2.010,""current_A"":0.020,""power_W"":0.242,""soc_percent"":97.23,""soh_percent"":19.31}"
1771491684159,2026-02-19T15:01:24,battery/data,battery,esp32_bms,11.992,2.0,0.02,0.24,97.23,19.31,7911121,"{""uptime_ms"":7911121,""bus_V"":11.992,""shunt_mV"":2.000,""current_A"":0.020,""power_W"":0.240,""soc_percent"":97.23,""soh_percent"":19.31}"
1771491689128,2026-02-19T15:01:29,battery/data,battery,esp32_bms,11.992,1.98,0.02,0.24,97.23,19.31,7916122,"{""uptime_ms"":7916122,""bus_V"":11.992,""shunt_mV"":1.980,""current_A"":0.020,""power_W"":0.240,""soc_percent"":97.23,""soh_percent"":19.31}"
1771491694147,2026-02-19T15:01:34,battery/data,battery,esp32_bms,11.992,1.99,0.02,0.24,97.23,19.31,7921123,"{""uptime_ms"":7921123,""bus_V"":11.992,""shunt_mV"":1.990,""current_A"":0.020,""power_W"":0.240,""soc_percent"":97.23,""soh_percent"":19.31}"
1771491699126,2026-02-19T15:01:39,battery/data,battery,esp32_bms,11.992,2.0,0.02,0.24,97.23,19.31,7926124,"{""uptime_ms"":7926124,""bus_V"":11.992,""shunt_mV"":2.000,""current_A"":0.020,""power_W"":0.240,""soc_percent"":97.23,""soh_percent"":19.31}"
1771491704600,2026-02-19T15:01:44,battery/data,battery,esp32_bms,11.992,1.98,0.02,0.236,97.23,19.31,7931125,"{""uptime_ms"":7931125,""bus_V"":11.992,""shunt_mV"":1.980,""current_A"":0.020,""power_W"":0.236,""soc_percent"":97.23,""soh_percent"":19.31}"
1771491709137,2026-02-19T15:01:49,battery/data,battery,esp32_bms,11.992,1.99,0.02,0.24,97.23,19.31,7936126,"{""uptime_ms"":7936126,""bus_V"":11.992,""shunt_mV"":1.990,""current_A"":0.020,""power_W"":0.240,""soc_percent"":97.23,""soh_percent"":19.31}"
1771491714222,2026-02-19T15:01:54,battery/data,battery,esp32_bms,11.996,1.99,0.02,0.236,97.23,19.31,7941127,"{""uptime_ms"":7941127,""bus_V"":11.996,""shunt_mV"":1.990,""current_A"":0.020,""power_W"":0.236,""soc_percent"":97.23,""soh_percent"":19.31}"
1771491719117,2026-02-19T15:01:59,battery/data,battery,esp32_bms,11.992,1.98,0.02,0.236,97.23,19.31,7946128,"{""uptime_ms"":7946128,""bus_V"":11.992,""shunt_mV"":1.980,""current_A"":0.020,""power_W"":0.236,""soc_percent"":97.23,""soh_percent"":19.31}"
1771491724121,2026-02-19T15:02:04,battery/data,battery,esp32_bms,11.996,2.0,0.02,0.236,97.23,19.31,7951129,"{""uptime_ms"":7951129,""bus_V"":11.996,""shunt_mV"":2.000,""current_A"":0.020,""power_W"":0.236,""soc_percent"":97.23,""soh_percent"":19.31}"
1771491729201,2026-02-19T15:02:09,battery/data,battery,esp32_bms,11.996,1.97,0.02,0.24,97.23,19.31,7956130,"{""uptime_ms"":7956130,""bus_V"":11.996,""shunt_mV"":1.970,""current_A"":0.020,""power_W"":0.240,""soc_percent"":97.23,""soh_percent"":19.31}"
1771491734128,2026-02-19T15:02:14,battery/data,battery,esp32_bms,11.996,1.97,0.02,0.24,97.23,19.31,7961131,"{""uptime_ms"":7961131,""bus_V"":11.996,""shunt_mV"":1.970,""current_A"":0.020,""power_W"":0.240,""soc_percent"":97.23,""soh_percent"":19.31}"
1771491739165,2026-02-19T15:02:19,battery/data,battery,esp32_bms,11.996,1.95,0.02,0.236,97.22,19.31,7966132,"{""uptime_ms"":7966132,""bus_V"":11.996,""shunt_mV"":1.950,""current_A"":0.020,""power_W"":0.236,""soc_percent"":97.22,""soh_percent"":19.31}"
1771491744164,2026-02-19T15:02:24,battery/data,battery,esp32_bms,11.996,1.97,0.02,0.236,97.22,19.31,7971133,"{""uptime_ms"":7971133,""bus_V"":11.996,""shunt_mV"":1.970,""current_A"":0.020,""power_W"":0.236,""soc_percent"":97.22,""soh_percent"":19.31}"
1771491749131,2026-02-19T15:02:29,battery/data,battery,esp32_bms,11.996,2.0,0.02,0.24,97.22,19.31,7976134,"{""uptime_ms"":7976134,""bus_V"":11.996,""shunt_mV"":2.000,""current_A"":0.020,""power_W"":0.240,""soc_percent"":97.22,""soh_percent"":19.31}"
1771491754130,2026-02-19T15:02:34,battery/data,battery,esp32_bms,12.0,1.98,0.02,0.24,97.22,19.31,7981135,"{""uptime_ms"":7981135,""bus_V"":12.000,""shunt_mV"":1.980,""current_A"":0.020,""power_W"":0.240,""soc_percent"":97.22,""soh_percent"":19.31}"
1771491759135,2026-02-19T15:02:39,battery/data,battery,esp32_bms,11.996,1.99,0.02,0.236,97.22,19.31,7986136,"{""uptime_ms"":7986136,""bus_V"":11.996,""shunt_mV"":1.990,""current_A"":0.020,""power_W"":0.236,""soc_percent"":97.22,""soh_percent"":19.31}"
1771491764588,2026-02-19T15:02:44,battery/data,battery,esp32_bms,12.0,1.97,0.02,0.24,97.22,19.31,7991137,"{""uptime_ms"":7991137,""bus_V"":12.000,""shunt_mV"":1.970,""current_A"":0.020,""power_W"":0.240,""soc_percent"":97.22,""soh_percent"":19.31}"
1771491769126,2026-02-19T15:02:49,battery/data,battery,esp32_bms,12.004,1.97,0.02,0.236,97.22,19.31,7996138,"{""uptime_ms"":7996138,""bus_V"":12.004,""shunt_mV"":1.970,""current_A"":0.020,""power_W"":0.236,""soc_percent"":97.22,""soh_percent"":19.31}"
1771491774187,2026-02-19T15:02:54,battery/data,battery,esp32_bms,12.0,1.98,0.02,0.236,97.22,19.31,8001139,"{""uptime_ms"":8001139,""bus_V"":12.000,""shunt_mV"":1.980,""current_A"":0.020,""power_W"":0.236,""soc_percent"":97.22,""soh_percent"":19.31}"
1771491779173,2026-02-19T15:02:59,battery/data,battery,esp32_bms,12.0,1.94,0.02,0.24,97.22,19.31,8006140,"{""uptime_ms"":8006140,""bus_V"":12.000,""shunt_mV"":1.940,""current_A"":0.020,""power_W"":0.240,""soc_percent"":97.22,""soh_percent"":19.31}"
1771491784136,2026-02-19T15:03:04,battery/data,battery,esp32_bms,12.004,1.95,0.019,0.232,97.22,19.31,8011141,"{""uptime_ms"":8011141,""bus_V"":12.004,""shunt_mV"":1.950,""current_A"":0.019,""power_W"":0.232,""soc_percent"":97.22,""soh_percent"":19.31}"
1771491789141,2026-02-19T15:03:09,battery/data,battery,esp32_bms,12.0,1.96,0.02,0.232,97.22,19.31,8016142,"{""uptime_ms"":8016142,""bus_V"":12.000,""shunt_mV"":1.960,""current_A"":0.020,""power_W"":0.232,""soc_percent"":97.22,""soh_percent"":19.31}"
1771491794123,2026-02-19T15:03:14,battery/data,battery,esp32_bms,12.004,1.95,0.02,0.236,97.22,19.31,8021143,"{""uptime_ms"":8021143,""bus_V"":12.004,""shunt_mV"":1.950,""current_A"":0.020,""power_W"":0.236,""soc_percent"":97.22,""soh_percent"":19.31}"
1771491799131,2026-02-19T15:03:19,battery/data,battery,esp32_bms,12.0,1.98,0.02,0.232,97.22,19.31,8026144,"{""uptime_ms"":8026144,""bus_V"":12.000,""shunt_mV"":1.980,""current_A"":0.020,""power_W"":0.232,""soc_percent"":97.22,""soh_percent"":19.31}"
1771491804230,2026-02-19T15:03:24,battery/data,battery,esp32_bms,12.0,1.96,0.019,0.232,97.22,19.31,8031145,"{""uptime_ms"":8031145,""bus_V"":12.000,""shunt_mV"":1.960,""current_A"":0.019,""power_W"":0.232,""soc_percent"":97.22,""soh_percent"":19.31}"
1771491809184,2026-02-19T15:03:29,battery/data,battery,esp32_bms,12.0,1.96,0.019,0.232,97.22,19.31,8036146,"{""uptime_ms"":8036146,""bus_V"":12.000,""shunt_mV"":1.960,""current_A"":0.019,""power_W"":0.232,""soc_percent"":97.22,""soh_percent"":19.31}"
1771491814187,2026-02-19T15:03:34,battery/data,battery,esp32_bms,12.0,1.97,0.02,0.236,97.22,19.31,8041147,"{""uptime_ms"":8041147,""bus_V"":12.000,""shunt_mV"":1.970,""current_A"":0.020,""power_W"":0.236,""soc_percent"":97.22,""soh_percent"":19.31}"
1771491819236,2026-02-19T15:03:39,battery/data,battery,esp32_bms,12.0,1.95,0.02,0.236,97.21,19.31,8046148,"{""uptime_ms"":8046148,""bus_V"":12.000,""shunt_mV"":1.950,""current_A"":0.020,""power_W"":0.236,""soc_percent"":97.21,""soh_percent"":19.31}"
1771491824172,2026-02-19T15:03:44,battery/data,battery,esp32_bms,12.004,1.96,0.02,0.236,97.21,19.31,8051149,"{""uptime_ms"":8051149,""bus_V"":12.004,""shunt_mV"":1.960,""current_A"":0.020,""power_W"":0.236,""soc_percent"":97.21,""soh_percent"":19.31}"
1771491829151,2026-02-19T15:03:49,battery/data,battery,esp32_bms,12.004,1.96,0.019,0.23,97.21,19.31,8056150,"{""uptime_ms"":8056150,""bus_V"":12.004,""shunt_mV"":1.960,""current_A"":0.019,""power_W"":0.230,""soc_percent"":97.21,""soh_percent"":19.31}"
1771491834182,2026-02-19T15:03:54,battery/data,battery,esp32_bms,12.004,1.93,0.02,0.232,97.21,19.31,8061151,"{""uptime_ms"":8061151,""bus_V"":12.004,""shunt_mV"":1.930,""current_A"":0.020,""power_W"":0.232,""soc_percent"":97.21,""soh_percent"":19.31}"
1771491839187,2026-02-19T15:03:59,battery/data,battery,esp32_bms,12.008,1.95,0.02,0.232,97.21,19.31,8066152,"{""uptime_ms"":8066152,""bus_V"":12.008,""shunt_mV"":1.950,""current_A"":0.020,""power_W"":0.232,""soc_percent"":97.21,""soh_percent"":19.31}"
1771491844153,2026-02-19T15:04:04,battery/data,battery,esp32_bms,12.004,1.95,0.019,0.232,97.21,19.31,8071153,"{""uptime_ms"":8071153,""bus_V"":12.004,""shunt_mV"":1.950,""current_A"":0.019,""power_W"":0.232,""soc_percent"":97.21,""soh_percent"":19.31}"
1771491849145,2026-02-19T15:04:09,battery/data,battery,esp32_bms,12.004,1.95,0.019,0.232,97.21,19.31,8076154,"{""uptime_ms"":8076154,""bus_V"":12.004,""shunt_mV"":1.950,""current_A"":0.019,""power_W"":0.232,""soc_percent"":97.21,""soh_percent"":19.31}"
1771491854173,2026-02-19T15:04:14,battery/data,battery,esp32_bms,12.008,1.94,0.02,0.232,97.21,19.31,8081155,"{""uptime_ms"":8081155,""bus_V"":12.008,""shunt_mV"":1.940,""current_A"":0.020,""power_W"":0.232,""soc_percent"":97.21,""soh_percent"":19.31}"
1771491859170,2026-02-19T15:04:19,battery/data,battery,esp32_bms,12.008,1.95,0.02,0.232,97.21,19.31,8086156,"{""uptime_ms"":8086156,""bus_V"":12.008,""shunt_mV"":1.950,""current_A"":0.020,""power_W"":0.232,""soc_percent"":97.21,""soh_percent"":19.31}"
1771491864181,2026-02-19T15:04:24,battery/data,battery,esp32_bms,12.008,1.94,0.019,0.232,97.21,19.31,8091157,"{""uptime_ms"":8091157,""bus_V"":12.008,""shunt_mV"":1.940,""current_A"":0.019,""power_W"":0.232,""soc_percent"":97.21,""soh_percent"":19.31}"
1771491869172,2026-02-19T15:04:29,battery/data,battery,esp32_bms,12.008,1.94,0.019,0.232,97.21,19.31,8096158,"{""uptime_ms"":8096158,""bus_V"":12.008,""shunt_mV"":1.940,""current_A"":0.019,""power_W"":0.232,""soc_percent"":97.21,""soh_percent"":19.31}"
1771491874170,2026-02-19T15:04:34,battery/data,battery,esp32_bms,12.008,1.95,0.02,0.232,97.21,19.31,8101159,"{""uptime_ms"":8101159,""bus_V"":12.008,""shunt_mV"":1.950,""current_A"":0.020,""power_W"":0.232,""soc_percent"":97.21,""soh_percent"":19.31}"
1771491879156,2026-02-19T15:04:39,battery/data,battery,esp32_bms,12.008,1.94,0.019,0.232,97.21,19.31,8106160,"{""uptime_ms"":8106160,""bus_V"":12.008,""shunt_mV"":1.940,""current_A"":0.019,""power_W"":0.232,""soc_percent"":97.21,""soh_percent"":19.31}"
1771491884165,2026-02-19T15:04:44,battery/data,battery,esp32_bms,12.008,1.93,0.02,0.232,97.21,19.31,8111161,"{""uptime_ms"":8111161,""bus_V"":12.008,""shunt_mV"":1.930,""current_A"":0.020,""power_W"":0.232,""soc_percent"":97.21,""soh_percent"":19.31}"
1771491889158,2026-02-19T15:04:49,battery/data,battery,esp32_bms,12.008,1.93,0.019,0.23,97.21,19.31,8116162,"{""uptime_ms"":8116162,""bus_V"":12.008,""shunt_mV"":1.930,""current_A"":0.019,""power_W"":0.230,""soc_percent"":97.21,""soh_percent"":19.31}"
1771491894206,2026-02-19T15:04:54,battery/data,battery,esp32_bms,12.008,1.93,0.02,0.236,97.2,19.31,8121163,"{""uptime_ms"":8121163,""bus_V"":12.008,""shunt_mV"":1.930,""current_A"":0.020,""power_W"":0.236,""soc_percent"":97.20,""soh_percent"":19.31}"
1771491899663,2026-02-19T15:04:59,battery/data,battery,esp32_bms,12.008,1.94,0.019,0.236,97.2,19.31,8126164,"{""uptime_ms"":8126164,""bus_V"":12.008,""shunt_mV"":1.940,""current_A"":0.019,""power_W"":0.236,""soc_percent"":97.20,""soh_percent"":19.31}"
1771491904166,2026-02-19T15:05:04,battery/data,battery,esp32_bms,12.012,1.93,0.02,0.236,97.2,19.31,8131165,"{""uptime_ms"":8131165,""bus_V"":12.012,""shunt_mV"":1.930,""current_A"":0.020,""power_W"":0.236,""soc_percent"":97.20,""soh_percent"":19.31}"
1771491909167,2026-02-19T15:05:09,battery/data,battery,esp32_bms,12.012,1.93,0.019,0.232,97.2,19.31,8136166,"{""uptime_ms"":8136166,""bus_V"":12.012,""shunt_mV"":1.930,""current_A"":0.019,""power_W"":0.232,""soc_percent"":97.20,""soh_percent"":19.31}"
1771491914177,2026-02-19T15:05:14,battery/data,battery,esp32_bms,12.012,1.93,0.019,0.232,97.2,19.31,8141167,"{""uptime_ms"":8141167,""bus_V"":12.012,""shunt_mV"":1.930,""current_A"":0.019,""power_W"":0.232,""soc_percent"":97.20,""soh_percent"":19.31}"
1771491919168,2026-02-19T15:05:19,battery/data,battery,esp32_bms,12.016,1.92,0.019,0.23,97.2,19.31,8146168,"{""uptime_ms"":8146168,""bus_V"":12.016,""shunt_mV"":1.920,""current_A"":0.019,""power_W"":0.230,""soc_percent"":97.20,""soh_percent"":19.31}"
1771491924177,2026-02-19T15:05:24,battery/data,battery,esp32_bms,12.012,1.93,0.02,0.23,97.2,19.31,8151169,"{""uptime_ms"":8151169,""bus_V"":12.012,""shunt_mV"":1.930,""current_A"":0.020,""power_W"":0.230,""soc_percent"":97.20,""soh_percent"":19.31}"
1771491929189,2026-02-19T15:05:29,battery/data,battery,esp32_bms,12.012,1.95,0.019,0.232,97.2,19.31,8156170,"{""uptime_ms"":8156170,""bus_V"":12.012,""shunt_mV"":1.950,""current_A"":0.019,""power_W"":0.232,""soc_percent"":97.20,""soh_percent"":19.31}"
1771491934194,2026-02-19T15:05:34,battery/data,battery,esp32_bms,12.012,1.93,0.019,0.23,97.2,19.31,8161171,"{""uptime_ms"":8161171,""bus_V"":12.012,""shunt_mV"":1.930,""current_A"":0.019,""power_W"":0.230,""soc_percent"":97.20,""soh_percent"":19.31}"
1771491940605,2026-02-19T15:05:40,battery/data,battery,esp32_bms,12.012,1.97,0.019,0.23,97.2,19.31,8166172,"{""uptime_ms"":8166172,""bus_V"":12.012,""shunt_mV"":1.970,""current_A"":0.019,""power_W"":0.230,""soc_percent"":97.20,""soh_percent"":19.31}"
1771491944176,2026-02-19T15:05:44,battery/data,battery,esp32_bms,12.012,1.91,0.019,0.232,97.2,19.31,8171173,"{""uptime_ms"":8171173,""bus_V"":12.012,""shunt_mV"":1.910,""current_A"":0.019,""power_W"":0.232,""soc_percent"":97.20,""soh_percent"":19.31}"
1771491949193,2026-02-19T15:05:49,battery/data,battery,esp32_bms,12.016,1.92,0.019,0.23,97.2,19.31,8176174,"{""uptime_ms"":8176174,""bus_V"":12.016,""shunt_mV"":1.920,""current_A"":0.019,""power_W"":0.230,""soc_percent"":97.20,""soh_percent"":19.31}"
1771491954173,2026-02-19T15:05:54,battery/data,battery,esp32_bms,12.016,1.92,0.019,0.23,97.2,19.31,8181175,"{""uptime_ms"":8181175,""bus_V"":12.016,""shunt_mV"":1.920,""current_A"":0.019,""power_W"":0.230,""soc_percent"":97.20,""soh_percent"":19.31}"
1771491959173,2026-02-19T15:05:59,battery/data,battery,esp32_bms,12.016,1.91,0.019,0.23,97.2,19.31,8186176,"{""uptime_ms"":8186176,""bus_V"":12.016,""shunt_mV"":1.910,""current_A"":0.019,""power_W"":0.230,""soc_percent"":97.20,""soh_percent"":19.31}"
1771491964231,2026-02-19T15:06:04,battery/data,battery,esp32_bms,12.016,1.9,0.019,0.232,97.2,19.31,8191177,"{""uptime_ms"":8191177,""bus_V"":12.016,""shunt_mV"":1.900,""current_A"":0.019,""power_W"":0.232,""soc_percent"":97.20,""soh_percent"":19.31}"
1771491969208,2026-02-19T15:06:09,battery/data,battery,esp32_bms,12.016,1.94,0.019,0.232,97.2,19.31,8196178,"{""uptime_ms"":8196178,""bus_V"":12.016,""shunt_mV"":1.940,""current_A"":0.019,""power_W"":0.232,""soc_percent"":97.20,""soh_percent"":19.31}"
1771491974243,2026-02-19T15:06:14,battery/data,battery,esp32_bms,12.016,1.89,0.019,0.23,97.19,19.31,8201179,"{""uptime_ms"":8201179,""bus_V"":12.016,""shunt_mV"":1.890,""current_A"":0.019,""power_W"":0.230,""soc_percent"":97.19,""soh_percent"":19.31}"
1771491979174,2026-02-19T15:06:19,battery/data,battery,esp32_bms,12.016,1.9,0.019,0.232,97.19,19.31,8206180,"{""uptime_ms"":8206180,""bus_V"":12.016,""shunt_mV"":1.900,""current_A"":0.019,""power_W"":0.232,""soc_percent"":97.19,""soh_percent"":19.31}"
1771491984217,2026-02-19T15:06:24,battery/data,battery,esp32_bms,12.016,1.92,0.019,0.23,97.19,19.31,8211181,"{""uptime_ms"":8211181,""bus_V"":12.016,""shunt_mV"":1.920,""current_A"":0.019,""power_W"":0.230,""soc_percent"":97.19,""soh_percent"":19.31}"
1771491989205,2026-02-19T15:06:29,battery/data,battery,esp32_bms,12.016,1.92,0.019,0.23,97.19,19.31,8216182,"{""uptime_ms"":8216182,""bus_V"":12.016,""shunt_mV"":1.920,""current_A"":0.019,""power_W"":0.230,""soc_percent"":97.19,""soh_percent"":19.31}"
1771491994665,2026-02-19T15:06:34,battery/data,battery,esp32_bms,12.016,1.93,0.019,0.232,97.19,19.31,8221183,"{""uptime_ms"":8221183,""bus_V"":12.016,""shunt_mV"":1.930,""current_A"":0.019,""power_W"":0.232,""soc_percent"":97.19,""soh_percent"":19.31}"
1771491999194,2026-02-19T15:06:39,battery/data,battery,esp32_bms,12.016,1.9,0.019,0.226,97.19,19.31,8226184,"{""uptime_ms"":8226184,""bus_V"":12.016,""shunt_mV"":1.900,""current_A"":0.019,""power_W"":0.226,""soc_percent"":97.19,""soh_percent"":19.31}"
1771492004192,2026-02-19T15:06:44,battery/data,battery,esp32_bms,12.024,1.92,0.019,0.23,97.19,19.31,8231185,"{""uptime_ms"":8231185,""bus_V"":12.024,""shunt_mV"":1.920,""current_A"":0.019,""power_W"":0.230,""soc_percent"":97.19,""soh_percent"":19.31}"
1771492009216,2026-02-19T15:06:49,battery/data,battery,esp32_bms,12.024,1.88,0.019,0.226,97.19,19.31,8236186,"{""uptime_ms"":8236186,""bus_V"":12.024,""shunt_mV"":1.880,""current_A"":0.019,""power_W"":0.226,""soc_percent"":97.19,""soh_percent"":19.31}"
1771492014179,2026-02-19T15:06:54,battery/data,battery,esp32_bms,12.02,1.92,0.019,0.226,97.19,19.31,8241187,"{""uptime_ms"":8241187,""bus_V"":12.020,""shunt_mV"":1.920,""current_A"":0.019,""power_W"":0.226,""soc_percent"":97.19,""soh_percent"":19.31}"
1771492019196,2026-02-19T15:06:59,battery/data,battery,esp32_bms,12.02,1.89,0.019,0.226,97.19,19.31,8246188,"{""uptime_ms"":8246188,""bus_V"":12.020,""shunt_mV"":1.890,""current_A"":0.019,""power_W"":0.226,""soc_percent"":97.19,""soh_percent"":19.31}"
1771492024687,2026-02-19T15:07:04,battery/data,battery,esp32_bms,12.02,1.91,0.019,0.23,97.19,19.31,8251189,"{""uptime_ms"":8251189,""bus_V"":12.020,""shunt_mV"":1.910,""current_A"":0.019,""power_W"":0.230,""soc_percent"":97.19,""soh_percent"":19.31}"
1771492029187,2026-02-19T15:07:09,battery/data,battery,esp32_bms,12.02,1.89,0.019,0.23,97.19,19.31,8256190,"{""uptime_ms"":8256190,""bus_V"":12.020,""shunt_mV"":1.890,""current_A"":0.019,""power_W"":0.230,""soc_percent"":97.19,""soh_percent"":19.31}"
1771492034201,2026-02-19T15:07:14,battery/data,battery,esp32_bms,12.02,1.89,0.019,0.222,97.19,19.31,8261191,"{""uptime_ms"":8261191,""bus_V"":12.020,""shunt_mV"":1.890,""current_A"":0.019,""power_W"":0.222,""soc_percent"":97.19,""soh_percent"":19.31}"
1771492039206,2026-02-19T15:07:19,battery/data,battery,esp32_bms,12.02,1.91,0.019,0.226,97.19,19.31,8266192,"{""uptime_ms"":8266192,""bus_V"":12.020,""shunt_mV"":1.910,""current_A"":0.019,""power_W"":0.226,""soc_percent"":97.19,""soh_percent"":19.31}"
1771492044194,2026-02-19T15:07:24,battery/data,battery,esp32_bms,12.024,1.89,0.019,0.23,97.19,19.31,8271193,"{""uptime_ms"":8271193,""bus_V"":12.024,""shunt_mV"":1.890,""current_A"":0.019,""power_W"":0.230,""soc_percent"":97.19,""soh_percent"":19.31}"
1771492049227,2026-02-19T15:07:29,battery/data,battery,esp32_bms,12.024,1.9,0.019,0.23,97.19,19.31,8276194,"{""uptime_ms"":8276194,""bus_V"":12.024,""shunt_mV"":1.900,""current_A"":0.019,""power_W"":0.230,""soc_percent"":97.19,""soh_percent"":19.31}"
1771492054728,2026-02-19T15:07:34,battery/data,battery,esp32_bms,12.024,1.92,0.019,0.226,97.18,19.31,8281195,"{""uptime_ms"":8281195,""bus_V"":12.024,""shunt_mV"":1.920,""current_A"":0.019,""power_W"":0.226,""soc_percent"":97.18,""soh_percent"":19.31}"
1771492059662,2026-02-19T15:07:39,battery/data,battery,esp32_bms,12.024,1.91,0.018,0.226,97.18,19.31,8286196,"{""uptime_ms"":8286196,""bus_V"":12.024,""shunt_mV"":1.910,""current_A"":0.018,""power_W"":0.226,""soc_percent"":97.18,""soh_percent"":19.31}"
1771492064245,2026-02-19T15:07:44,battery/data,battery,esp32_bms,12.024,1.88,0.019,0.23,97.18,19.31,8291197,"{""uptime_ms"":8291197,""bus_V"":12.024,""shunt_mV"":1.880,""current_A"":0.019,""power_W"":0.230,""soc_percent"":97.18,""soh_percent"":19.31}"
1771492069209,2026-02-19T15:07:49,battery/data,battery,esp32_bms,12.024,1.9,0.019,0.23,97.18,19.31,8296198,"{""uptime_ms"":8296198,""bus_V"":12.024,""shunt_mV"":1.900,""current_A"":0.019,""power_W"":0.230,""soc_percent"":97.18,""soh_percent"":19.31}"
1771492074234,2026-02-19T15:07:54,battery/data,battery,esp32_bms,12.024,1.87,0.019,0.226,97.18,19.31,8301199,"{""uptime_ms"":8301199,""bus_V"":12.024,""shunt_mV"":1.870,""current_A"":0.019,""power_W"":0.226,""soc_percent"":97.18,""soh_percent"":19.31}"
1771492079661,2026-02-19T15:07:59,battery/data,battery,esp32_bms,12.024,1.87,0.019,0.23,97.18,19.31,8306200,"{""uptime_ms"":8306200,""bus_V"":12.024,""shunt_mV"":1.870,""current_A"":0.019,""power_W"":0.230,""soc_percent"":97.18,""soh_percent"":19.31}"
1771492084693,2026-02-19T15:08:04,battery/data,battery,esp32_bms,12.02,1.89,0.019,0.23,97.18,19.31,8311201,"{""uptime_ms"":8311201,""bus_V"":12.020,""shunt_mV"":1.890,""current_A"":0.019,""power_W"":0.230,""soc_percent"":97.18,""soh_percent"":19.31}"
1771492089930,2026-02-19T15:08:09,battery/data,battery,esp32_bms,12.024,1.91,0.019,0.226,97.18,19.31,8316202,"{""uptime_ms"":8316202,""bus_V"":12.024,""shunt_mV"":1.910,""current_A"":0.019,""power_W"":0.226,""soc_percent"":97.18,""soh_percent"":19.31}"
1771492094204,2026-02-19T15:08:14,battery/data,battery,esp32_bms,12.024,1.86,0.019,0.226,97.18,19.31,8321203,"{""uptime_ms"":8321203,""bus_V"":12.024,""shunt_mV"":1.860,""current_A"":0.019,""power_W"":0.226,""soc_percent"":97.18,""soh_percent"":19.31}"
1771492099330,2026-02-19T15:08:19,battery/data,battery,esp32_bms,12.024,1.86,0.019,0.226,97.18,19.31,8326204,"{""uptime_ms"":8326204,""bus_V"":12.024,""shunt_mV"":1.860,""current_A"":0.019,""power_W"":0.226,""soc_percent"":97.18,""soh_percent"":19.31}"
1771492104220,2026-02-19T15:08:24,battery/data,battery,esp32_bms,12.028,1.87,0.019,0.226,97.18,19.31,8331205,"{""uptime_ms"":8331205,""bus_V"":12.028,""shunt_mV"":1.870,""current_A"":0.019,""power_W"":0.226,""soc_percent"":97.18,""soh_percent"":19.31}"
1771492109245,2026-02-19T15:08:29,battery/data,battery,esp32_bms,12.028,1.87,0.019,0.226,97.18,19.31,8336206,"{""uptime_ms"":8336206,""bus_V"":12.028,""shunt_mV"":1.870,""current_A"":0.019,""power_W"":0.226,""soc_percent"":97.18,""soh_percent"":19.31}"
1771492114249,2026-02-19T15:08:34,battery/data,battery,esp32_bms,12.024,1.88,0.019,0.222,97.18,19.31,8341207,"{""uptime_ms"":8341207,""bus_V"":12.024,""shunt_mV"":1.880,""current_A"":0.019,""power_W"":0.222,""soc_percent"":97.18,""soh_percent"":19.31}"
1771492119283,2026-02-19T15:08:39,battery/data,battery,esp32_bms,12.028,1.86,0.019,0.222,97.18,19.31,8346208,"{""uptime_ms"":8346208,""bus_V"":12.028,""shunt_mV"":1.860,""current_A"":0.019,""power_W"":0.222,""soc_percent"":97.18,""soh_percent"":19.31}"
1771492124233,2026-02-19T15:08:44,battery/data,battery,esp32_bms,12.028,1.87,0.019,0.226,97.18,19.31,8351209,"{""uptime_ms"":8351209,""bus_V"":12.028,""shunt_mV"":1.870,""current_A"":0.019,""power_W"":0.226,""soc_percent"":97.18,""soh_percent"":19.31}"
1771492129206,2026-02-19T15:08:49,battery/data,battery,esp32_bms,12.028,1.87,0.019,0.226,97.18,19.31,8356210,"{""uptime_ms"":8356210,""bus_V"":12.028,""shunt_mV"":1.870,""current_A"":0.019,""power_W"":0.226,""soc_percent"":97.18,""soh_percent"":19.31}"
1771492134234,2026-02-19T15:08:54,battery/data,battery,esp32_bms,12.028,1.87,0.019,0.226,97.17,19.31,8361211,"{""uptime_ms"":8361211,""bus_V"":12.028,""shunt_mV"":1.870,""current_A"":0.019,""power_W"":0.226,""soc_percent"":97.17,""soh_percent"":19.31}"
1771492139224,2026-02-19T15:08:59,battery/data,battery,esp32_bms,12.028,1.89,0.019,0.222,97.17,19.31,8366212,"{""uptime_ms"":8366212,""bus_V"":12.028,""shunt_mV"":1.890,""current_A"":0.019,""power_W"":0.222,""soc_percent"":97.17,""soh_percent"":19.31}"
1771492144234,2026-02-19T15:09:04,battery/data,battery,esp32_bms,12.032,1.87,0.019,0.222,97.17,19.31,8371213,"{""uptime_ms"":8371213,""bus_V"":12.032,""shunt_mV"":1.870,""current_A"":0.019,""power_W"":0.222,""soc_percent"":97.17,""soh_percent"":19.31}"
1771492149225,2026-02-19T15:09:09,battery/data,battery,esp32_bms,12.032,1.88,0.019,0.226,97.17,19.31,8376214,"{""uptime_ms"":8376214,""bus_V"":12.032,""shunt_mV"":1.880,""current_A"":0.019,""power_W"":0.226,""soc_percent"":97.17,""soh_percent"":19.31}"
1771492154209,2026-02-19T15:09:14,battery/data,battery,esp32_bms,12.028,1.87,0.019,0.222,97.17,19.31,8381215,"{""uptime_ms"":8381215,""bus_V"":12.028,""shunt_mV"":1.870,""current_A"":0.019,""power_W"":0.222,""soc_percent"":97.17,""soh_percent"":19.31}"
1771492159261,2026-02-19T15:09:19,battery/data,battery,esp32_bms,12.028,1.86,0.018,0.222,97.17,19.31,8386216,"{""uptime_ms"":8386216,""bus_V"":12.028,""shunt_mV"":1.860,""current_A"":0.018,""power_W"":0.222,""soc_percent"":97.17,""soh_percent"":19.31}"
1771492164208,2026-02-19T15:09:24,battery/data,battery,esp32_bms,12.032,1.86,0.019,0.222,97.17,19.31,8391217,"{""uptime_ms"":8391217,""bus_V"":12.032,""shunt_mV"":1.860,""current_A"":0.019,""power_W"":0.222,""soc_percent"":97.17,""soh_percent"":19.31}"
1771492169224,2026-02-19T15:09:29,battery/data,battery,esp32_bms,12.032,1.86,0.019,0.222,97.17,19.31,8396218,"{""uptime_ms"":8396218,""bus_V"":12.032,""shunt_mV"":1.860,""current_A"":0.019,""power_W"":0.222,""soc_percent"":97.17,""soh_percent"":19.31}"
1771492174229,2026-02-19T15:09:34,battery/data,battery,esp32_bms,12.032,1.87,0.019,0.226,97.17,19.31,8401219,"{""uptime_ms"":8401219,""bus_V"":12.032,""shunt_mV"":1.870,""current_A"":0.019,""power_W"":0.226,""soc_percent"":97.17,""soh_percent"":19.31}"
1771492179259,2026-02-19T15:09:39,battery/data,battery,esp32_bms,12.032,1.87,0.019,0.222,97.17,19.31,8406220,"{""uptime_ms"":8406220,""bus_V"":12.032,""shunt_mV"":1.870,""current_A"":0.019,""power_W"":0.222,""soc_percent"":97.17,""soh_percent"":19.31}"
1771492184280,2026-02-19T15:09:44,battery/data,battery,esp32_bms,12.032,1.86,0.018,0.222,97.17,19.31,8411221,"{""uptime_ms"":8411221,""bus_V"":12.032,""shunt_mV"":1.860,""current_A"":0.018,""power_W"":0.222,""soc_percent"":97.17,""soh_percent"":19.31}"
1771492189221,2026-02-19T15:09:49,battery/data,battery,esp32_bms,12.036,1.87,0.019,0.222,97.17,19.31,8416222,"{""uptime_ms"":8416222,""bus_V"":12.036,""shunt_mV"":1.870,""current_A"":0.019,""power_W"":0.222,""soc_percent"":97.17,""soh_percent"":19.31}"
1771492194222,2026-02-19T15:09:54,battery/data,battery,esp32_bms,12.036,1.87,0.018,0.22,97.17,19.31,8421223,"{""uptime_ms"":8421223,""bus_V"":12.036,""shunt_mV"":1.870,""current_A"":0.018,""power_W"":0.220,""soc_percent"":97.17,""soh_percent"":19.31}"
1771492199225,2026-02-19T15:09:59,battery/data,battery,esp32_bms,12.032,1.86,0.018,0.222,97.17,19.31,8426224,"{""uptime_ms"":8426224,""bus_V"":12.032,""shunt_mV"":1.860,""current_A"":0.018,""power_W"":0.222,""soc_percent"":97.17,""soh_percent"":19.31}"
1771492204248,2026-02-19T15:10:04,battery/data,battery,esp32_bms,12.032,1.85,0.019,0.222,97.17,19.31,8431225,"{""uptime_ms"":8431225,""bus_V"":12.032,""shunt_mV"":1.850,""current_A"":0.019,""power_W"":0.222,""soc_percent"":97.17,""soh_percent"":19.31}"
1771492209676,2026-02-19T15:10:09,battery/data,battery,esp32_bms,12.032,1.85,0.018,0.222,97.17,19.31,8436226,"{""uptime_ms"":8436226,""bus_V"":12.032,""shunt_mV"":1.850,""current_A"":0.018,""power_W"":0.222,""soc_percent"":97.17,""soh_percent"":19.31}"
1771492214228,2026-02-19T15:10:14,battery/data,battery,esp32_bms,12.036,1.83,0.019,0.226,97.16,19.31,8441227,"{""uptime_ms"":8441227,""bus_V"":12.036,""shunt_mV"":1.830,""current_A"":0.019,""power_W"":0.226,""soc_percent"":97.16,""soh_percent"":19.31}"
1771492219688,2026-02-19T15:10:19,battery/data,battery,esp32_bms,12.036,1.87,0.018,0.22,97.16,19.31,8446228,"{""uptime_ms"":8446228,""bus_V"":12.036,""shunt_mV"":1.870,""current_A"":0.018,""power_W"":0.220,""soc_percent"":97.16,""soh_percent"":19.31}"
1771492224236,2026-02-19T15:10:24,battery/data,battery,esp32_bms,12.036,1.84,0.018,0.22,97.16,19.31,8451229,"{""uptime_ms"":8451229,""bus_V"":12.036,""shunt_mV"":1.840,""current_A"":0.018,""power_W"":0.220,""soc_percent"":97.16,""soh_percent"":19.31}"
1771492229230,2026-02-19T15:10:29,battery/data,battery,esp32_bms,12.036,1.85,0.018,0.226,97.16,19.31,8456230,"{""uptime_ms"":8456230,""bus_V"":12.036,""shunt_mV"":1.850,""current_A"":0.018,""power_W"":0.226,""soc_percent"":97.16,""soh_percent"":19.31}"
1771492234256,2026-02-19T15:10:34,battery/data,battery,esp32_bms,12.036,1.86,0.019,0.22,97.16,19.31,8461231,"{""uptime_ms"":8461231,""bus_V"":12.036,""shunt_mV"":1.860,""current_A"":0.019,""power_W"":0.220,""soc_percent"":97.16,""soh_percent"":19.31}"
1771492239309,2026-02-19T15:10:39,battery/data,battery,esp32_bms,12.036,1.86,0.019,0.222,97.16,19.31,8466232,"{""uptime_ms"":8466232,""bus_V"":12.036,""shunt_mV"":1.860,""current_A"":0.019,""power_W"":0.222,""soc_percent"":97.16,""soh_percent"":19.31}"
1771492244241,2026-02-19T15:10:44,battery/data,battery,esp32_bms,12.036,1.85,0.019,0.222,97.16,19.31,8471233,"{""uptime_ms"":8471233,""bus_V"":12.036,""shunt_mV"":1.850,""current_A"":0.019,""power_W"":0.222,""soc_percent"":97.16,""soh_percent"":19.31}"
1771492249247,2026-02-19T15:10:49,battery/data,battery,esp32_bms,12.04,1.83,0.019,0.222,97.16,19.31,8476234,"{""uptime_ms"":8476234,""bus_V"":12.040,""shunt_mV"":1.830,""current_A"":0.019,""power_W"":0.222,""soc_percent"":97.16,""soh_percent"":19.31}"
1771492254239,2026-02-19T15:10:54,battery/data,battery,esp32_bms,12.036,1.85,0.018,0.22,97.16,19.31,8481235,"{""uptime_ms"":8481235,""bus_V"":12.036,""shunt_mV"":1.850,""current_A"":0.018,""power_W"":0.220,""soc_percent"":97.16,""soh_percent"":19.31}"
1771492259236,2026-02-19T15:10:59,battery/data,battery,esp32_bms,12.04,1.84,0.019,0.222,97.16,19.31,8486236,"{""uptime_ms"":8486236,""bus_V"":12.040,""shunt_mV"":1.840,""current_A"":0.019,""power_W"":0.222,""soc_percent"":97.16,""soh_percent"":19.31}"
1771492264246,2026-02-19T15:11:04,battery/data,battery,esp32_bms,12.04,1.81,0.018,0.22,97.16,19.31,8491237,"{""uptime_ms"":8491237,""bus_V"":12.040,""shunt_mV"":1.810,""current_A"":0.018,""power_W"":0.220,""soc_percent"":97.16,""soh_percent"":19.31}"
1771492269252,2026-02-19T15:11:09,battery/data,battery,esp32_bms,12.04,1.83,0.019,0.222,97.16,19.31,8496238,"{""uptime_ms"":8496238,""bus_V"":12.040,""shunt_mV"":1.830,""current_A"":0.019,""power_W"":0.222,""soc_percent"":97.16,""soh_percent"":19.31}"
1771492274245,2026-02-19T15:11:14,battery/data,battery,esp32_bms,12.04,1.86,0.018,0.22,97.16,19.31,8501239,"{""uptime_ms"":8501239,""bus_V"":12.040,""shunt_mV"":1.860,""current_A"":0.018,""power_W"":0.220,""soc_percent"":97.16,""soh_percent"":19.31}"
1771492279261,2026-02-19T15:11:19,battery/data,battery,esp32_bms,12.04,1.83,0.018,0.22,97.16,19.31,8506240,"{""uptime_ms"":8506240,""bus_V"":12.040,""shunt_mV"":1.830,""current_A"":0.018,""power_W"":0.220,""soc_percent"":97.16,""soh_percent"":19.31}"
1771492284244,2026-02-19T15:11:24,battery/data,battery,esp32_bms,12.04,1.83,0.018,0.22,97.16,19.31,8511241,"{""uptime_ms"":8511241,""bus_V"":12.040,""shunt_mV"":1.830,""current_A"":0.018,""power_W"":0.220,""soc_percent"":97.16,""soh_percent"":19.31}"
1771492289244,2026-02-19T15:11:29,battery/data,battery,esp32_bms,12.04,1.85,0.018,0.222,97.16,19.31,8516242,"{""uptime_ms"":8516242,""bus_V"":12.040,""shunt_mV"":1.850,""current_A"":0.018,""power_W"":0.222,""soc_percent"":97.16,""soh_percent"":19.31}"
1771492294302,2026-02-19T15:11:34,battery/data,battery,esp32_bms,12.04,1.84,0.019,0.22,97.15,19.31,8521243,"{""uptime_ms"":8521243,""bus_V"":12.040,""shunt_mV"":1.840,""current_A"":0.019,""power_W"":0.220,""soc_percent"":97.15,""soh_percent"":19.31}"
1771492299292,2026-02-19T15:11:39,battery/data,battery,esp32_bms,12.04,1.83,0.018,0.222,97.15,19.31,8526244,"{""uptime_ms"":8526244,""bus_V"":12.040,""shunt_mV"":1.830,""current_A"":0.018,""power_W"":0.222,""soc_percent"":97.15,""soh_percent"":19.31}"
1771492304289,2026-02-19T15:11:44,battery/data,battery,esp32_bms,12.04,1.84,0.019,0.222,97.15,19.31,8531245,"{""uptime_ms"":8531245,""bus_V"":12.040,""shunt_mV"":1.840,""current_A"":0.019,""power_W"":0.222,""soc_percent"":97.15,""soh_percent"":19.31}"
1771492309249,2026-02-19T15:11:49,battery/data,battery,esp32_bms,12.048,1.84,0.018,0.22,97.15,19.31,8536246,"{""uptime_ms"":8536246,""bus_V"":12.048,""shunt_mV"":1.840,""current_A"":0.018,""power_W"":0.220,""soc_percent"":97.15,""soh_percent"":19.31}"
1771492314248,2026-02-19T15:11:54,battery/data,battery,esp32_bms,12.044,1.84,0.018,0.222,97.15,19.31,8541247,"{""uptime_ms"":8541247,""bus_V"":12.044,""shunt_mV"":1.840,""current_A"":0.018,""power_W"":0.222,""soc_percent"":97.15,""soh_percent"":19.31}"
1771492319438,2026-02-19T15:11:59,battery/data,battery,esp32_bms,12.044,1.83,0.018,0.22,97.15,19.31,8546248,"{""uptime_ms"":8546248,""bus_V"":12.044,""shunt_mV"":1.830,""current_A"":0.018,""power_W"":0.220,""soc_percent"":97.15,""soh_percent"":19.31}"
1771492324265,2026-02-19T15:12:04,battery/data,battery,esp32_bms,12.04,1.81,0.018,0.22,97.15,19.31,8551249,"{""uptime_ms"":8551249,""bus_V"":12.040,""shunt_mV"":1.810,""current_A"":0.018,""power_W"":0.220,""soc_percent"":97.15,""soh_percent"":19.31}"
1771492329284,2026-02-19T15:12:09,battery/data,battery,esp32_bms,12.044,1.81,0.018,0.22,97.15,19.31,8556250,"{""uptime_ms"":8556250,""bus_V"":12.044,""shunt_mV"":1.810,""current_A"":0.018,""power_W"":0.220,""soc_percent"":97.15,""soh_percent"":19.31}"
1771492334763,2026-02-19T15:12:14,battery/data,battery,esp32_bms,12.044,1.81,0.018,0.22,97.15,19.31,8561251,"{""uptime_ms"":8561251,""bus_V"":12.044,""shunt_mV"":1.810,""current_A"":0.018,""power_W"":0.220,""soc_percent"":97.15,""soh_percent"":19.31}"
1771492339266,2026-02-19T15:12:19,battery/data,battery,esp32_bms,12.044,1.81,0.018,0.22,97.15,19.31,8566252,"{""uptime_ms"":8566252,""bus_V"":12.044,""shunt_mV"":1.810,""current_A"":0.018,""power_W"":0.220,""soc_percent"":97.15,""soh_percent"":19.31}"
1771492344255,2026-02-19T15:12:24,battery/data,battery,esp32_bms,12.044,1.83,0.018,0.22,97.15,19.31,8571253,"{""uptime_ms"":8571253,""bus_V"":12.044,""shunt_mV"":1.830,""current_A"":0.018,""power_W"":0.220,""soc_percent"":97.15,""soh_percent"":19.31}"
1771492349264,2026-02-19T15:12:29,battery/data,battery,esp32_bms,12.044,1.84,0.019,0.22,97.15,19.31,8576254,"{""uptime_ms"":8576254,""bus_V"":12.044,""shunt_mV"":1.840,""current_A"":0.019,""power_W"":0.220,""soc_percent"":97.15,""soh_percent"":19.31}"
1771492354282,2026-02-19T15:12:34,battery/data,battery,esp32_bms,12.044,1.8,0.018,0.22,97.15,19.31,8581255,"{""uptime_ms"":8581255,""bus_V"":12.044,""shunt_mV"":1.800,""current_A"":0.018,""power_W"":0.220,""soc_percent"":97.15,""soh_percent"":19.31}"
1771492359303,2026-02-19T15:12:39,battery/data,battery,esp32_bms,12.048,1.8,0.018,0.22,97.15,19.31,8586256,"{""uptime_ms"":8586256,""bus_V"":12.048,""shunt_mV"":1.800,""current_A"":0.018,""power_W"":0.220,""soc_percent"":97.15,""soh_percent"":19.31}"
1771492364326,2026-02-19T15:12:44,battery/data,battery,esp32_bms,12.048,1.81,0.018,0.22,97.15,19.31,8591257,"{""uptime_ms"":8591257,""bus_V"":12.048,""shunt_mV"":1.810,""current_A"":0.018,""power_W"":0.220,""soc_percent"":97.15,""soh_percent"":19.31}"
1771492369260,2026-02-19T15:12:49,battery/data,battery,esp32_bms,12.048,1.81,0.018,0.22,97.15,19.31,8596258,"{""uptime_ms"":8596258,""bus_V"":12.048,""shunt_mV"":1.810,""current_A"":0.018,""power_W"":0.220,""soc_percent"":97.15,""soh_percent"":19.31}"
1771492374281,2026-02-19T15:12:54,battery/data,battery,esp32_bms,12.048,1.81,0.018,0.216,97.15,19.31,8601259,"{""uptime_ms"":8601259,""bus_V"":12.048,""shunt_mV"":1.810,""current_A"":0.018,""power_W"":0.216,""soc_percent"":97.15,""soh_percent"":19.31}"
1771492379870,2026-02-19T15:12:59,battery/data,battery,esp32_bms,12.048,1.82,0.018,0.22,97.14,19.31,8606260,"{""uptime_ms"":8606260,""bus_V"":12.048,""shunt_mV"":1.820,""current_A"":0.018,""power_W"":0.220,""soc_percent"":97.14,""soh_percent"":19.31}"
1771492384298,2026-02-19T15:13:04,battery/data,battery,esp32_bms,12.044,1.81,0.018,0.22,97.14,19.31,8611261,"{""uptime_ms"":8611261,""bus_V"":12.044,""shunt_mV"":1.810,""current_A"":0.018,""power_W"":0.220,""soc_percent"":97.14,""soh_percent"":19.31}"
1771492389301,2026-02-19T15:13:09,battery/data,battery,esp32_bms,12.044,1.79,0.018,0.22,97.14,19.31,8616262,"{""uptime_ms"":8616262,""bus_V"":12.044,""shunt_mV"":1.790,""current_A"":0.018,""power_W"":0.220,""soc_percent"":97.14,""soh_percent"":19.31}"
1771492394333,2026-02-19T15:13:14,battery/data,battery,esp32_bms,12.052,1.81,0.018,0.22,97.14,19.31,8621263,"{""uptime_ms"":8621263,""bus_V"":12.052,""shunt_mV"":1.810,""current_A"":0.018,""power_W"":0.220,""soc_percent"":97.14,""soh_percent"":19.31}"
1771492399264,2026-02-19T15:13:19,battery/data,battery,esp32_bms,12.048,1.79,0.018,0.22,97.14,19.31,8626264,"{""uptime_ms"":8626264,""bus_V"":12.048,""shunt_mV"":1.790,""current_A"":0.018,""power_W"":0.220,""soc_percent"":97.14,""soh_percent"":19.31}"
1771492404257,2026-02-19T15:13:24,battery/data,battery,esp32_bms,12.048,1.8,0.018,0.22,97.14,19.31,8631265,"{""uptime_ms"":8631265,""bus_V"":12.048,""shunt_mV"":1.800,""current_A"":0.018,""power_W"":0.220,""soc_percent"":97.14,""soh_percent"":19.31}"
1771492409410,2026-02-19T15:13:29,battery/data,battery,esp32_bms,12.048,1.83,0.018,0.22,97.14,19.31,8636266,"{""uptime_ms"":8636266,""bus_V"":12.048,""shunt_mV"":1.830,""current_A"":0.018,""power_W"":0.220,""soc_percent"":97.14,""soh_percent"":19.31}"
1771492414290,2026-02-19T15:13:34,battery/data,battery,esp32_bms,12.052,1.8,0.018,0.216,97.14,19.31,8641267,"{""uptime_ms"":8641267,""bus_V"":12.052,""shunt_mV"":1.800,""current_A"":0.018,""power_W"":0.216,""soc_percent"":97.14,""soh_percent"":19.31}"
1771492419311,2026-02-19T15:13:39,battery/data,battery,esp32_bms,12.048,1.77,0.018,0.216,97.14,19.31,8646268,"{""uptime_ms"":8646268,""bus_V"":12.048,""shunt_mV"":1.770,""current_A"":0.018,""power_W"":0.216,""soc_percent"":97.14,""soh_percent"":19.31}"
1771492424436,2026-02-19T15:13:44,battery/data,battery,esp32_bms,12.052,1.82,0.018,0.22,97.14,19.31,8651269,"{""uptime_ms"":8651269,""bus_V"":12.052,""shunt_mV"":1.820,""current_A"":0.018,""power_W"":0.220,""soc_percent"":97.14,""soh_percent"":19.31}"
1771492429268,2026-02-19T15:13:49,battery/data,battery,esp32_bms,12.052,1.8,0.018,0.216,97.14,19.31,8656270,"{""uptime_ms"":8656270,""bus_V"":12.052,""shunt_mV"":1.800,""current_A"":0.018,""power_W"":0.216,""soc_percent"":97.14,""soh_percent"":19.31}"
1771492434264,2026-02-19T15:13:54,battery/data,battery,esp32_bms,12.052,1.8,0.018,0.216,97.14,19.31,8661271,"{""uptime_ms"":8661271,""bus_V"":12.052,""shunt_mV"":1.800,""current_A"":0.018,""power_W"":0.216,""soc_percent"":97.14,""soh_percent"":19.31}"
1771492439275,2026-02-19T15:13:59,battery/data,battery,esp32_bms,12.052,1.8,0.018,0.216,97.14,19.31,8666272,"{""uptime_ms"":8666272,""bus_V"":12.052,""shunt_mV"":1.800,""current_A"":0.018,""power_W"":0.216,""soc_percent"":97.14,""soh_percent"":19.31}"
1771492444271,2026-02-19T15:14:04,battery/data,battery,esp32_bms,12.052,1.81,0.018,0.22,97.14,19.31,8671273,"{""uptime_ms"":8671273,""bus_V"":12.052,""shunt_mV"":1.810,""current_A"":0.018,""power_W"":0.220,""soc_percent"":97.14,""soh_percent"":19.31}"
1771492449298,2026-02-19T15:14:09,battery/data,battery,esp32_bms,12.052,1.8,0.018,0.216,97.14,19.31,8676274,"{""uptime_ms"":8676274,""bus_V"":12.052,""shunt_mV"":1.800,""current_A"":0.018,""power_W"":0.216,""soc_percent"":97.14,""soh_percent"":19.31}"
1771492454307,2026-02-19T15:14:14,battery/data,battery,esp32_bms,12.052,1.78,0.018,0.216,97.14,19.31,8681275,"{""uptime_ms"":8681275,""bus_V"":12.052,""shunt_mV"":1.780,""current_A"":0.018,""power_W"":0.216,""soc_percent"":97.14,""soh_percent"":19.31}"
1771492459299,2026-02-19T15:14:19,battery/data,battery,esp32_bms,12.052,1.79,0.018,0.216,97.14,19.31,8686276,"{""uptime_ms"":8686276,""bus_V"":12.052,""shunt_mV"":1.790,""current_A"":0.018,""power_W"":0.216,""soc_percent"":97.14,""soh_percent"":19.31}"
1771492464289,2026-02-19T15:14:24,battery/data,battery,esp32_bms,12.056,1.77,0.018,0.22,97.13,19.31,8691277,"{""uptime_ms"":8691277,""bus_V"":12.056,""shunt_mV"":1.770,""current_A"":0.018,""power_W"":0.220,""soc_percent"":97.13,""soh_percent"":19.31}"
1771492469389,2026-02-19T15:14:29,battery/data,battery,esp32_bms,12.056,1.76,0.018,0.22,97.13,19.31,8696278,"{""uptime_ms"":8696278,""bus_V"":12.056,""shunt_mV"":1.760,""current_A"":0.018,""power_W"":0.220,""soc_percent"":97.13,""soh_percent"":19.31}"
1771492474393,2026-02-19T15:14:34,battery/data,battery,esp32_bms,12.052,1.81,0.018,0.212,97.13,19.31,8701279,"{""uptime_ms"":8701279,""bus_V"":12.052,""shunt_mV"":1.810,""current_A"":0.018,""power_W"":0.212,""soc_percent"":97.13,""soh_percent"":19.31}"
1771492479349,2026-02-19T15:14:39,battery/data,battery,esp32_bms,12.056,1.77,0.018,0.212,97.13,19.31,8706280,"{""uptime_ms"":8706280,""bus_V"":12.056,""shunt_mV"":1.770,""current_A"":0.018,""power_W"":0.212,""soc_percent"":97.13,""soh_percent"":19.31}"
1771492484311,2026-02-19T15:14:44,battery/data,battery,esp32_bms,12.056,1.78,0.018,0.212,97.13,19.31,8711281,"{""uptime_ms"":8711281,""bus_V"":12.056,""shunt_mV"":1.780,""current_A"":0.018,""power_W"":0.212,""soc_percent"":97.13,""soh_percent"":19.31}"
1771492489353,2026-02-19T15:14:49,battery/data,battery,esp32_bms,12.056,1.78,0.018,0.212,97.13,19.31,8716282,"{""uptime_ms"":8716282,""bus_V"":12.056,""shunt_mV"":1.780,""current_A"":0.018,""power_W"":0.212,""soc_percent"":97.13,""soh_percent"":19.31}"
1771492494325,2026-02-19T15:14:54,battery/data,battery,esp32_bms,12.056,1.79,0.018,0.212,97.13,19.31,8721283,"{""uptime_ms"":8721283,""bus_V"":12.056,""shunt_mV"":1.790,""current_A"":0.018,""power_W"":0.212,""soc_percent"":97.13,""soh_percent"":19.31}"
1771492499278,2026-02-19T15:14:59,battery/data,battery,esp32_bms,12.056,1.79,0.018,0.216,97.13,19.31,8726284,"{""uptime_ms"":8726284,""bus_V"":12.056,""shunt_mV"":1.790,""current_A"":0.018,""power_W"":0.216,""soc_percent"":97.13,""soh_percent"":19.31}"
1771492504519,2026-02-19T15:15:04,battery/data,battery,esp32_bms,12.056,1.77,0.018,0.212,97.13,19.31,8731285,"{""uptime_ms"":8731285,""bus_V"":12.056,""shunt_mV"":1.770,""current_A"":0.018,""power_W"":0.212,""soc_percent"":97.13,""soh_percent"":19.31}"
1771492509319,2026-02-19T15:15:09,battery/data,battery,esp32_bms,12.056,1.79,0.018,0.216,97.13,19.31,8736286,"{""uptime_ms"":8736286,""bus_V"":12.056,""shunt_mV"":1.790,""current_A"":0.018,""power_W"":0.216,""soc_percent"":97.13,""soh_percent"":19.31}"
1771492514317,2026-02-19T15:15:14,battery/data,battery,esp32_bms,12.06,1.78,0.018,0.212,97.13,19.31,8741287,"{""uptime_ms"":8741287,""bus_V"":12.060,""shunt_mV"":1.780,""current_A"":0.018,""power_W"":0.212,""soc_percent"":97.13,""soh_percent"":19.31}"
1771492519336,2026-02-19T15:15:19,battery/data,battery,esp32_bms,12.06,1.77,0.018,0.212,97.13,19.31,8746288,"{""uptime_ms"":8746288,""bus_V"":12.060,""shunt_mV"":1.770,""current_A"":0.018,""power_W"":0.212,""soc_percent"":97.13,""soh_percent"":19.31}"
1771492524284,2026-02-19T15:15:24,battery/data,battery,esp32_bms,12.056,1.77,0.018,0.216,97.13,19.31,8751289,"{""uptime_ms"":8751289,""bus_V"":12.056,""shunt_mV"":1.770,""current_A"":0.018,""power_W"":0.216,""soc_percent"":97.13,""soh_percent"":19.31}"
1771492529581,2026-02-19T15:15:29,battery/data,battery,esp32_bms,12.056,1.78,0.018,0.22,97.13,19.31,8756290,"{""uptime_ms"":8756290,""bus_V"":12.056,""shunt_mV"":1.780,""current_A"":0.018,""power_W"":0.220,""soc_percent"":97.13,""soh_percent"":19.31}"
1771492534324,2026-02-19T15:15:34,battery/data,battery,esp32_bms,12.06,1.76,0.018,0.216,97.13,19.31,8761291,"{""uptime_ms"":8761291,""bus_V"":12.060,""shunt_mV"":1.760,""current_A"":0.018,""power_W"":0.216,""soc_percent"":97.13,""soh_percent"":19.31}"
1771492539333,2026-02-19T15:15:39,battery/data,battery,esp32_bms,12.06,1.76,0.018,0.212,97.13,19.31,8766292,"{""uptime_ms"":8766292,""bus_V"":12.060,""shunt_mV"":1.760,""current_A"":0.018,""power_W"":0.212,""soc_percent"":97.13,""soh_percent"":19.31}"
1771492544347,2026-02-19T15:15:44,battery/data,battery,esp32_bms,12.06,1.76,0.018,0.212,97.13,19.31,8771293,"{""uptime_ms"":8771293,""bus_V"":12.060,""shunt_mV"":1.760,""current_A"":0.018,""power_W"":0.212,""soc_percent"":97.13,""soh_percent"":19.31}"
1771492549591,2026-02-19T15:15:49,battery/data,battery,esp32_bms,12.056,1.77,0.018,0.216,97.12,19.31,8776294,"{""uptime_ms"":8776294,""bus_V"":12.056,""shunt_mV"":1.770,""current_A"":0.018,""power_W"":0.216,""soc_percent"":97.12,""soh_percent"":19.31}"
1771492554376,2026-02-19T15:15:54,battery/data,battery,esp32_bms,12.06,1.79,0.018,0.212,97.12,19.31,8781295,"{""uptime_ms"":8781295,""bus_V"":12.060,""shunt_mV"":1.790,""current_A"":0.018,""power_W"":0.212,""soc_percent"":97.12,""soh_percent"":19.31}"
1771492559311,2026-02-19T15:15:59,battery/data,battery,esp32_bms,12.06,1.76,0.018,0.212,97.12,19.31,8786296,"{""uptime_ms"":8786296,""bus_V"":12.060,""shunt_mV"":1.760,""current_A"":0.018,""power_W"":0.212,""soc_percent"":97.12,""soh_percent"":19.31}"
1771492564313,2026-02-19T15:16:04,battery/data,battery,esp32_bms,12.06,1.77,0.017,0.21,97.12,19.31,8791297,"{""uptime_ms"":8791297,""bus_V"":12.060,""shunt_mV"":1.770,""current_A"":0.017,""power_W"":0.210,""soc_percent"":97.12,""soh_percent"":19.31}"
1771492569303,2026-02-19T15:16:09,battery/data,battery,esp32_bms,12.06,1.77,0.018,0.212,97.12,19.31,8796298,"{""uptime_ms"":8796298,""bus_V"":12.060,""shunt_mV"":1.770,""current_A"":0.018,""power_W"":0.212,""soc_percent"":97.12,""soh_percent"":19.31}"
1771492574307,2026-02-19T15:16:14,battery/data,battery,esp32_bms,12.06,1.76,0.018,0.216,97.12,19.31,8801299,"{""uptime_ms"":8801299,""bus_V"":12.060,""shunt_mV"":1.760,""current_A"":0.018,""power_W"":0.216,""soc_percent"":97.12,""soh_percent"":19.31}"
1771492579300,2026-02-19T15:16:19,battery/data,battery,esp32_bms,12.064,1.77,0.018,0.212,97.12,19.31,8806300,"{""uptime_ms"":8806300,""bus_V"":12.064,""shunt_mV"":1.770,""current_A"":0.018,""power_W"":0.212,""soc_percent"":97.12,""soh_percent"":19.31}"
1771492584301,2026-02-19T15:16:24,battery/data,battery,esp32_bms,12.06,1.78,0.018,0.216,97.12,19.31,8811301,"{""uptime_ms"":8811301,""bus_V"":12.060,""shunt_mV"":1.780,""current_A"":0.018,""power_W"":0.216,""soc_percent"":97.12,""soh_percent"":19.31}"
1771492589344,2026-02-19T15:16:29,battery/data,battery,esp32_bms,12.064,1.74,0.018,0.212,97.12,19.31,8816302,"{""uptime_ms"":8816302,""bus_V"":12.064,""shunt_mV"":1.740,""current_A"":0.018,""power_W"":0.212,""soc_percent"":97.12,""soh_percent"":19.31}"
1771492594311,2026-02-19T15:16:34,battery/data,battery,esp32_bms,12.064,1.75,0.018,0.212,97.12,19.31,8821303,"{""uptime_ms"":8821303,""bus_V"":12.064,""shunt_mV"":1.750,""current_A"":0.018,""power_W"":0.212,""soc_percent"":97.12,""soh_percent"":19.31}"
1771492599305,2026-02-19T15:16:39,battery/data,battery,esp32_bms,12.06,1.75,0.018,0.212,97.12,19.31,8826304,"{""uptime_ms"":8826304,""bus_V"":12.060,""shunt_mV"":1.750,""current_A"":0.018,""power_W"":0.212,""soc_percent"":97.12,""soh_percent"":19.31}"
1771492604338,2026-02-19T15:16:44,battery/data,battery,esp32_bms,12.064,1.75,0.018,0.21,97.12,19.31,8831305,"{""uptime_ms"":8831305,""bus_V"":12.064,""shunt_mV"":1.750,""current_A"":0.018,""power_W"":0.210,""soc_percent"":97.12,""soh_percent"":19.31}"
1771492609312,2026-02-19T15:16:49,battery/data,battery,esp32_bms,12.064,1.77,0.017,0.21,97.12,19.31,8836306,"{""uptime_ms"":8836306,""bus_V"":12.064,""shunt_mV"":1.770,""current_A"":0.017,""power_W"":0.210,""soc_percent"":97.12,""soh_percent"":19.31}"
1771492614380,2026-02-19T15:16:54,battery/data,battery,esp32_bms,12.064,1.73,0.018,0.21,97.12,19.31,8841307,"{""uptime_ms"":8841307,""bus_V"":12.064,""shunt_mV"":1.730,""current_A"":0.018,""power_W"":0.210,""soc_percent"":97.12,""soh_percent"":19.31}"
1771492619309,2026-02-19T15:16:59,battery/data,battery,esp32_bms,12.064,1.75,0.018,0.212,97.12,19.31,8846308,"{""uptime_ms"":8846308,""bus_V"":12.064,""shunt_mV"":1.750,""current_A"":0.018,""power_W"":0.212,""soc_percent"":97.12,""soh_percent"":19.31}"
1771492624310,2026-02-19T15:17:04,battery/data,battery,esp32_bms,12.064,1.74,0.018,0.21,97.12,19.31,8851309,"{""uptime_ms"":8851309,""bus_V"":12.064,""shunt_mV"":1.740,""current_A"":0.018,""power_W"":0.210,""soc_percent"":97.12,""soh_percent"":19.31}"
1771492629303,2026-02-19T15:17:09,battery/data,battery,esp32_bms,12.064,1.76,0.018,0.21,97.12,19.31,8856310,"{""uptime_ms"":8856310,""bus_V"":12.064,""shunt_mV"":1.760,""current_A"":0.018,""power_W"":0.210,""soc_percent"":97.12,""soh_percent"":19.31}"
1771492634345,2026-02-19T15:17:14,battery/data,battery,esp32_bms,12.068,1.75,0.017,0.21,97.11,19.31,8861311,"{""uptime_ms"":8861311,""bus_V"":12.068,""shunt_mV"":1.750,""current_A"":0.017,""power_W"":0.210,""soc_percent"":97.11,""soh_percent"":19.31}"
1771492639325,2026-02-19T15:17:19,battery/data,battery,esp32_bms,12.064,1.77,0.018,0.212,97.11,19.31,8866312,"{""uptime_ms"":8866312,""bus_V"":12.064,""shunt_mV"":1.770,""current_A"":0.018,""power_W"":0.212,""soc_percent"":97.11,""soh_percent"":19.31}"
1771492644361,2026-02-19T15:17:24,battery/data,battery,esp32_bms,12.064,1.77,0.018,0.212,97.11,19.31,8871313,"{""uptime_ms"":8871313,""bus_V"":12.064,""shunt_mV"":1.770,""current_A"":0.018,""power_W"":0.212,""soc_percent"":97.11,""soh_percent"":19.31}"
1771492649309,2026-02-19T15:17:29,battery/data,battery,esp32_bms,12.064,1.74,0.017,0.21,97.11,19.31,8876314,"{""uptime_ms"":8876314,""bus_V"":12.064,""shunt_mV"":1.740,""current_A"":0.017,""power_W"":0.210,""soc_percent"":97.11,""soh_percent"":19.31}"
1771492654316,2026-02-19T15:17:34,battery/data,battery,esp32_bms,12.068,1.78,0.018,0.212,97.11,19.31,8881315,"{""uptime_ms"":8881315,""bus_V"":12.068,""shunt_mV"":1.780,""current_A"":0.018,""power_W"":0.212,""soc_percent"":97.11,""soh_percent"":19.31}"
1771492659312,2026-02-19T15:17:39,battery/data,battery,esp32_bms,12.068,1.78,0.018,0.212,97.11,19.31,8886316,"{""uptime_ms"":8886316,""bus_V"":12.068,""shunt_mV"":1.780,""current_A"":0.018,""power_W"":0.212,""soc_percent"":97.11,""soh_percent"":19.31}"
1771492664307,2026-02-19T15:17:44,battery/data,battery,esp32_bms,12.068,1.77,0.018,0.21,97.11,19.31,8891317,"{""uptime_ms"":8891317,""bus_V"":12.068,""shunt_mV"":1.770,""current_A"":0.018,""power_W"":0.210,""soc_percent"":97.11,""soh_percent"":19.31}"
1771492669345,2026-02-19T15:17:49,battery/data,battery,esp32_bms,12.068,1.75,0.017,0.212,97.11,19.31,8896318,"{""uptime_ms"":8896318,""bus_V"":12.068,""shunt_mV"":1.750,""current_A"":0.017,""power_W"":0.212,""soc_percent"":97.11,""soh_percent"":19.31}"
1771492674338,2026-02-19T15:17:54,battery/data,battery,esp32_bms,12.068,1.73,0.018,0.21,97.11,19.31,8901319,"{""uptime_ms"":8901319,""bus_V"":12.068,""shunt_mV"":1.730,""current_A"":0.018,""power_W"":0.210,""soc_percent"":97.11,""soh_percent"":19.31}"
1771492679319,2026-02-19T15:17:59,battery/data,battery,esp32_bms,12.068,1.77,0.018,0.212,97.11,19.31,8906320,"{""uptime_ms"":8906320,""bus_V"":12.068,""shunt_mV"":1.770,""current_A"":0.018,""power_W"":0.212,""soc_percent"":97.11,""soh_percent"":19.31}"
1771492684316,2026-02-19T15:18:04,battery/data,battery,esp32_bms,12.064,1.73,0.017,0.21,97.11,19.31,8911321,"{""uptime_ms"":8911321,""bus_V"":12.064,""shunt_mV"":1.730,""current_A"":0.017,""power_W"":0.210,""soc_percent"":97.11,""soh_percent"":19.31}"
1771492689300,2026-02-19T15:18:09,battery/data,battery,esp32_bms,12.068,1.76,0.017,0.212,97.11,19.31,8916322,"{""uptime_ms"":8916322,""bus_V"":12.068,""shunt_mV"":1.760,""current_A"":0.017,""power_W"":0.212,""soc_percent"":97.11,""soh_percent"":19.31}"
1771492694355,2026-02-19T15:18:14,battery/data,battery,esp32_bms,12.068,1.74,0.018,0.212,97.11,19.31,8921323,"{""uptime_ms"":8921323,""bus_V"":12.068,""shunt_mV"":1.740,""current_A"":0.018,""power_W"":0.212,""soc_percent"":97.11,""soh_percent"":19.31}"
1771492699337,2026-02-19T15:18:19,battery/data,battery,esp32_bms,12.072,1.76,0.018,0.21,97.11,19.31,8926324,"{""uptime_ms"":8926324,""bus_V"":12.072,""shunt_mV"":1.760,""current_A"":0.018,""power_W"":0.210,""soc_percent"":97.11,""soh_percent"":19.31}"
1771492704372,2026-02-19T15:18:24,battery/data,battery,esp32_bms,12.068,1.74,0.017,0.21,97.11,19.31,8931325,"{""uptime_ms"":8931325,""bus_V"":12.068,""shunt_mV"":1.740,""current_A"":0.017,""power_W"":0.210,""soc_percent"":97.11,""soh_percent"":19.31}"
1771492709343,2026-02-19T15:18:29,battery/data,battery,esp32_bms,12.068,1.77,0.018,0.21,97.11,19.31,8936326,"{""uptime_ms"":8936326,""bus_V"":12.068,""shunt_mV"":1.770,""current_A"":0.018,""power_W"":0.210,""soc_percent"":97.11,""soh_percent"":19.31}"
1771492714327,2026-02-19T15:18:34,battery/data,battery,esp32_bms,12.072,1.75,0.017,0.206,97.11,19.31,8941327,"{""uptime_ms"":8941327,""bus_V"":12.072,""shunt_mV"":1.750,""current_A"":0.017,""power_W"":0.206,""soc_percent"":97.11,""soh_percent"":19.31}"
1771492719399,2026-02-19T15:18:39,battery/data,battery,esp32_bms,12.068,1.72,0.018,0.21,97.1,19.31,8946328,"{""uptime_ms"":8946328,""bus_V"":12.068,""shunt_mV"":1.720,""current_A"":0.018,""power_W"":0.210,""soc_percent"":97.10,""soh_percent"":19.31}"
1771492724343,2026-02-19T15:18:44,battery/data,battery,esp32_bms,12.068,1.72,0.017,0.206,97.1,19.31,8951329,"{""uptime_ms"":8951329,""bus_V"":12.068,""shunt_mV"":1.720,""current_A"":0.017,""power_W"":0.206,""soc_percent"":97.10,""soh_percent"":19.31}"
1771492729316,2026-02-19T15:18:49,battery/data,battery,esp32_bms,12.068,1.71,0.017,0.21,97.1,19.31,8956330,"{""uptime_ms"":8956330,""bus_V"":12.068,""shunt_mV"":1.710,""current_A"":0.017,""power_W"":0.210,""soc_percent"":97.10,""soh_percent"":19.31}"
1771492734377,2026-02-19T15:18:54,battery/data,battery,esp32_bms,12.072,1.74,0.017,0.206,97.1,19.31,8961331,"{""uptime_ms"":8961331,""bus_V"":12.072,""shunt_mV"":1.740,""current_A"":0.017,""power_W"":0.206,""soc_percent"":97.10,""soh_percent"":19.31}"
1771492739318,2026-02-19T15:18:59,battery/data,battery,esp32_bms,12.068,1.71,0.018,0.21,97.1,19.31,8966332,"{""uptime_ms"":8966332,""bus_V"":12.068,""shunt_mV"":1.710,""current_A"":0.018,""power_W"":0.210,""soc_percent"":97.10,""soh_percent"":19.31}"
1771492744322,2026-02-19T15:19:04,battery/data,battery,esp32_bms,12.072,1.72,0.018,0.212,97.1,19.31,8971333,"{""uptime_ms"":8971333,""bus_V"":12.072,""shunt_mV"":1.720,""current_A"":0.018,""power_W"":0.212,""soc_percent"":97.10,""soh_percent"":19.31}"
1771492749334,2026-02-19T15:19:09,battery/data,battery,esp32_bms,12.072,1.72,0.017,0.21,97.1,19.31,8976334,"{""uptime_ms"":8976334,""bus_V"":12.072,""shunt_mV"":1.720,""current_A"":0.017,""power_W"":0.210,""soc_percent"":97.10,""soh_percent"":19.31}"
1771492754433,2026-02-19T15:19:14,battery/data,battery,esp32_bms,12.072,1.71,0.018,0.21,97.1,19.31,8981335,"{""uptime_ms"":8981335,""bus_V"":12.072,""shunt_mV"":1.710,""current_A"":0.018,""power_W"":0.210,""soc_percent"":97.10,""soh_percent"":19.31}"
1771492759336,2026-02-19T15:19:19,battery/data,battery,esp32_bms,12.076,1.73,0.017,0.21,97.1,19.31,8986336,"{""uptime_ms"":8986336,""bus_V"":12.076,""shunt_mV"":1.730,""current_A"":0.017,""power_W"":0.210,""soc_percent"":97.10,""soh_percent"":19.31}"
1771492764380,2026-02-19T15:19:24,battery/data,battery,esp32_bms,12.076,1.7,0.017,0.206,97.1,19.31,8991337,"{""uptime_ms"":8991337,""bus_V"":12.076,""shunt_mV"":1.700,""current_A"":0.017,""power_W"":0.206,""soc_percent"":97.10,""soh_percent"":19.31}"
1771492769339,2026-02-19T15:19:29,battery/data,battery,esp32_bms,12.072,1.74,0.018,0.212,97.1,19.31,8996338,"{""uptime_ms"":8996338,""bus_V"":12.072,""shunt_mV"":1.740,""current_A"":0.018,""power_W"":0.212,""soc_percent"":97.10,""soh_percent"":19.31}"
1771492774793,2026-02-19T15:19:34,battery/data,battery,esp32_bms,12.076,1.72,0.017,0.206,97.1,19.31,9001339,"{""uptime_ms"":9001339,""bus_V"":12.076,""shunt_mV"":1.720,""current_A"":0.017,""power_W"":0.206,""soc_percent"":97.10,""soh_percent"":19.31}"
1771492779343,2026-02-19T15:19:39,battery/data,battery,esp32_bms,12.072,1.76,0.017,0.206,97.1,19.31,9006340,"{""uptime_ms"":9006340,""bus_V"":12.072,""shunt_mV"":1.760,""current_A"":0.017,""power_W"":0.206,""soc_percent"":97.10,""soh_percent"":19.31}"
1771492784350,2026-02-19T15:19:44,battery/data,battery,esp32_bms,12.076,1.72,0.017,0.21,97.1,19.31,9011341,"{""uptime_ms"":9011341,""bus_V"":12.076,""shunt_mV"":1.720,""current_A"":0.017,""power_W"":0.210,""soc_percent"":97.10,""soh_percent"":19.31}"
1771492789348,2026-02-19T15:19:49,battery/data,battery,esp32_bms,12.076,1.74,0.017,0.206,97.1,19.31,9016342,"{""uptime_ms"":9016342,""bus_V"":12.076,""shunt_mV"":1.740,""current_A"":0.017,""power_W"":0.206,""soc_percent"":97.10,""soh_percent"":19.31}"
1771492794363,2026-02-19T15:19:54,battery/data,battery,esp32_bms,12.076,1.7,0.017,0.21,97.1,19.31,9021343,"{""uptime_ms"":9021343,""bus_V"":12.076,""shunt_mV"":1.700,""current_A"":0.017,""power_W"":0.210,""soc_percent"":97.10,""soh_percent"":19.31}"
1771492799411,2026-02-19T15:19:59,battery/data,battery,esp32_bms,12.076,1.72,0.017,0.206,97.1,19.31,9026344,"{""uptime_ms"":9026344,""bus_V"":12.076,""shunt_mV"":1.720,""current_A"":0.017,""power_W"":0.206,""soc_percent"":97.10,""soh_percent"":19.31}"
1771492804803,2026-02-19T15:20:04,battery/data,battery,esp32_bms,12.076,1.72,0.017,0.206,97.1,19.31,9031345,"{""uptime_ms"":9031345,""bus_V"":12.076,""shunt_mV"":1.720,""current_A"":0.017,""power_W"":0.206,""soc_percent"":97.10,""soh_percent"":19.31}"
1771492809337,2026-02-19T15:20:09,battery/data,battery,esp32_bms,12.08,1.72,0.017,0.206,97.09,19.31,9036346,"{""uptime_ms"":9036346,""bus_V"":12.080,""shunt_mV"":1.720,""current_A"":0.017,""power_W"":0.206,""soc_percent"":97.09,""soh_percent"":19.31}"
1771492814369,2026-02-19T15:20:14,battery/data,battery,esp32_bms,12.08,1.74,0.017,0.21,97.09,19.31,9041347,"{""uptime_ms"":9041347,""bus_V"":12.080,""shunt_mV"":1.740,""current_A"":0.017,""power_W"":0.210,""soc_percent"":97.09,""soh_percent"":19.31}"
1771492819413,2026-02-19T15:20:19,battery/data,battery,esp32_bms,12.076,1.7,0.017,0.206,97.09,19.31,9046348,"{""uptime_ms"":9046348,""bus_V"":12.076,""shunt_mV"":1.700,""current_A"":0.017,""power_W"":0.206,""soc_percent"":97.09,""soh_percent"":19.31}"
1771492824402,2026-02-19T15:20:24,battery/data,battery,esp32_bms,12.08,1.69,0.017,0.206,97.09,19.31,9051349,"{""uptime_ms"":9051349,""bus_V"":12.080,""shunt_mV"":1.690,""current_A"":0.017,""power_W"":0.206,""soc_percent"":97.09,""soh_percent"":19.31}"
1771492829392,2026-02-19T15:20:29,battery/data,battery,esp32_bms,12.076,1.72,0.017,0.21,97.09,19.31,9056350,"{""uptime_ms"":9056350,""bus_V"":12.076,""shunt_mV"":1.720,""current_A"":0.017,""power_W"":0.210,""soc_percent"":97.09,""soh_percent"":19.31}"
1771492834360,2026-02-19T15:20:34,battery/data,battery,esp32_bms,12.08,1.7,0.017,0.206,97.09,19.31,9061351,"{""uptime_ms"":9061351,""bus_V"":12.080,""shunt_mV"":1.700,""current_A"":0.017,""power_W"":0.206,""soc_percent"":97.09,""soh_percent"":19.31}"
1771492839337,2026-02-19T15:20:39,battery/data,battery,esp32_bms,12.08,1.72,0.017,0.206,97.09,19.31,9066352,"{""uptime_ms"":9066352,""bus_V"":12.080,""shunt_mV"":1.720,""current_A"":0.017,""power_W"":0.206,""soc_percent"":97.09,""soh_percent"":19.31}"
1771492844343,2026-02-19T15:20:44,battery/data,battery,esp32_bms,12.08,1.73,0.017,0.206,97.09,19.31,9071353,"{""uptime_ms"":9071353,""bus_V"":12.080,""shunt_mV"":1.730,""current_A"":0.017,""power_W"":0.206,""soc_percent"":97.09,""soh_percent"":19.31}"
1771492849390,2026-02-19T15:20:49,battery/data,battery,esp32_bms,12.08,1.72,0.017,0.206,97.09,19.31,9076354,"{""uptime_ms"":9076354,""bus_V"":12.080,""shunt_mV"":1.720,""current_A"":0.017,""power_W"":0.206,""soc_percent"":97.09,""soh_percent"":19.31}"
1771492854374,2026-02-19T15:20:54,battery/data,battery,esp32_bms,12.08,1.71,0.017,0.206,97.09,19.31,9081355,"{""uptime_ms"":9081355,""bus_V"":12.080,""shunt_mV"":1.710,""current_A"":0.017,""power_W"":0.206,""soc_percent"":97.09,""soh_percent"":19.31}"
1771492859392,2026-02-19T15:20:59,battery/data,battery,esp32_bms,12.08,1.72,0.017,0.206,97.09,19.31,9086356,"{""uptime_ms"":9086356,""bus_V"":12.080,""shunt_mV"":1.720,""current_A"":0.017,""power_W"":0.206,""soc_percent"":97.09,""soh_percent"":19.31}"
1771492864350,2026-02-19T15:21:04,battery/data,battery,esp32_bms,12.08,1.68,0.017,0.206,97.09,19.31,9091357,"{""uptime_ms"":9091357,""bus_V"":12.080,""shunt_mV"":1.680,""current_A"":0.017,""power_W"":0.206,""soc_percent"":97.09,""soh_percent"":19.31}"
1771492869343,2026-02-19T15:21:09,battery/data,battery,esp32_bms,12.08,1.7,0.017,0.2,97.09,19.31,9096358,"{""uptime_ms"":9096358,""bus_V"":12.080,""shunt_mV"":1.700,""current_A"":0.017,""power_W"":0.200,""soc_percent"":97.09,""soh_percent"":19.31}"
1771492874367,2026-02-19T15:21:14,battery/data,battery,esp32_bms,12.084,1.7,0.017,0.204,97.09,19.31,9101359,"{""uptime_ms"":9101359,""bus_V"":12.084,""shunt_mV"":1.700,""current_A"":0.017,""power_W"":0.204,""soc_percent"":97.09,""soh_percent"":19.31}"
1771492879399,2026-02-19T15:21:19,battery/data,battery,esp32_bms,12.08,1.71,0.017,0.206,97.09,19.31,9106360,"{""uptime_ms"":9106360,""bus_V"":12.080,""shunt_mV"":1.710,""current_A"":0.017,""power_W"":0.206,""soc_percent"":97.09,""soh_percent"":19.31}"
1771492884388,2026-02-19T15:21:24,battery/data,battery,esp32_bms,12.084,1.68,0.017,0.204,97.09,19.31,9111361,"{""uptime_ms"":9111361,""bus_V"":12.084,""shunt_mV"":1.680,""current_A"":0.017,""power_W"":0.204,""soc_percent"":97.09,""soh_percent"":19.31}"
1771492889419,2026-02-19T15:21:29,battery/data,battery,esp32_bms,12.084,1.7,0.017,0.206,97.09,19.31,9116362,"{""uptime_ms"":9116362,""bus_V"":12.084,""shunt_mV"":1.700,""current_A"":0.017,""power_W"":0.206,""soc_percent"":97.09,""soh_percent"":19.31}"
1771492894358,2026-02-19T15:21:34,battery/data,battery,esp32_bms,12.084,1.69,0.017,0.206,97.08,19.31,9121363,"{""uptime_ms"":9121363,""bus_V"":12.084,""shunt_mV"":1.690,""current_A"":0.017,""power_W"":0.206,""soc_percent"":97.08,""soh_percent"":19.31}"
1771492899357,2026-02-19T15:21:39,battery/data,battery,esp32_bms,12.084,1.69,0.017,0.206,97.08,19.31,9126364,"{""uptime_ms"":9126364,""bus_V"":12.084,""shunt_mV"":1.690,""current_A"":0.017,""power_W"":0.206,""soc_percent"":97.08,""soh_percent"":19.31}"
1771492904374,2026-02-19T15:21:44,battery/data,battery,esp32_bms,12.084,1.71,0.017,0.21,97.08,19.31,9131365,"{""uptime_ms"":9131365,""bus_V"":12.084,""shunt_mV"":1.710,""current_A"":0.017,""power_W"":0.210,""soc_percent"":97.08,""soh_percent"":19.31}"
1771492909395,2026-02-19T15:21:49,battery/data,battery,esp32_bms,12.084,1.7,0.017,0.204,97.08,19.31,9136366,"{""uptime_ms"":9136366,""bus_V"":12.084,""shunt_mV"":1.700,""current_A"":0.017,""power_W"":0.204,""soc_percent"":97.08,""soh_percent"":19.31}"
1771492914389,2026-02-19T15:21:54,battery/data,battery,esp32_bms,12.084,1.68,0.017,0.204,97.08,19.31,9141367,"{""uptime_ms"":9141367,""bus_V"":12.084,""shunt_mV"":1.680,""current_A"":0.017,""power_W"":0.204,""soc_percent"":97.08,""soh_percent"":19.31}"
1771492919410,2026-02-19T15:21:59,battery/data,battery,esp32_bms,12.084,1.71,0.017,0.204,97.08,19.31,9146368,"{""uptime_ms"":9146368,""bus_V"":12.084,""shunt_mV"":1.710,""current_A"":0.017,""power_W"":0.204,""soc_percent"":97.08,""soh_percent"":19.31}"
1771492924427,2026-02-19T15:22:04,battery/data,battery,esp32_bms,12.084,1.69,0.017,0.206,97.08,19.31,9151369,"{""uptime_ms"":9151369,""bus_V"":12.084,""shunt_mV"":1.690,""current_A"":0.017,""power_W"":0.206,""soc_percent"":97.08,""soh_percent"":19.31}"
1771492929359,2026-02-19T15:22:09,battery/data,battery,esp32_bms,12.084,1.68,0.017,0.206,97.08,19.31,9156370,"{""uptime_ms"":9156370,""bus_V"":12.084,""shunt_mV"":1.680,""current_A"":0.017,""power_W"":0.206,""soc_percent"":97.08,""soh_percent"":19.31}"
1771492934368,2026-02-19T15:22:14,battery/data,battery,esp32_bms,12.084,1.68,0.017,0.204,97.08,19.31,9161371,"{""uptime_ms"":9161371,""bus_V"":12.084,""shunt_mV"":1.680,""current_A"":0.017,""power_W"":0.204,""soc_percent"":97.08,""soh_percent"":19.31}"
1771492939370,2026-02-19T15:22:19,battery/data,battery,esp32_bms,12.084,1.69,0.017,0.204,97.08,19.31,9166372,"{""uptime_ms"":9166372,""bus_V"":12.084,""shunt_mV"":1.690,""current_A"":0.017,""power_W"":0.204,""soc_percent"":97.08,""soh_percent"":19.31}"
1771492944414,2026-02-19T15:22:24,battery/data,battery,esp32_bms,12.084,1.68,0.017,0.204,97.08,19.31,9171373,"{""uptime_ms"":9171373,""bus_V"":12.084,""shunt_mV"":1.680,""current_A"":0.017,""power_W"":0.204,""soc_percent"":97.08,""soh_percent"":19.31}"
1771492949408,2026-02-19T15:22:29,battery/data,battery,esp32_bms,12.084,1.68,0.017,0.206,97.08,19.31,9176374,"{""uptime_ms"":9176374,""bus_V"":12.084,""shunt_mV"":1.680,""current_A"":0.017,""power_W"":0.206,""soc_percent"":97.08,""soh_percent"":19.31}"
1771492954566,2026-02-19T15:22:34,battery/data,battery,esp32_bms,12.084,1.72,0.017,0.204,97.08,19.31,9181375,"{""uptime_ms"":9181375,""bus_V"":12.084,""shunt_mV"":1.720,""current_A"":0.017,""power_W"":0.204,""soc_percent"":97.08,""soh_percent"":19.31}"
1771492959381,2026-02-19T15:22:39,battery/data,battery,esp32_bms,12.088,1.69,0.017,0.204,97.08,19.31,9186376,"{""uptime_ms"":9186376,""bus_V"":12.088,""shunt_mV"":1.690,""current_A"":0.017,""power_W"":0.204,""soc_percent"":97.08,""soh_percent"":19.31}"
1771492964372,2026-02-19T15:22:44,battery/data,battery,esp32_bms,12.088,1.68,0.017,0.206,97.08,19.31,9191377,"{""uptime_ms"":9191377,""bus_V"":12.088,""shunt_mV"":1.680,""current_A"":0.017,""power_W"":0.206,""soc_percent"":97.08,""soh_percent"":19.31}"
1771492969415,2026-02-19T15:22:49,battery/data,battery,esp32_bms,12.088,1.69,0.017,0.204,97.08,19.31,9196378,"{""uptime_ms"":9196378,""bus_V"":12.088,""shunt_mV"":1.690,""current_A"":0.017,""power_W"":0.204,""soc_percent"":97.08,""soh_percent"":19.31}"
1771492974402,2026-02-19T15:22:54,battery/data,battery,esp32_bms,12.088,1.64,0.017,0.204,97.08,19.31,9201379,"{""uptime_ms"":9201379,""bus_V"":12.088,""shunt_mV"":1.640,""current_A"":0.017,""power_W"":0.204,""soc_percent"":97.08,""soh_percent"":19.31}"
1771492979453,2026-02-19T15:22:59,battery/data,battery,esp32_bms,12.084,1.68,0.017,0.206,97.08,19.31,9206380,"{""uptime_ms"":9206380,""bus_V"":12.084,""shunt_mV"":1.680,""current_A"":0.017,""power_W"":0.206,""soc_percent"":97.08,""soh_percent"":19.31}"
1771492984436,2026-02-19T15:23:04,battery/data,battery,esp32_bms,12.088,1.69,0.017,0.206,97.07,19.31,9211381,"{""uptime_ms"":9211381,""bus_V"":12.088,""shunt_mV"":1.690,""current_A"":0.017,""power_W"":0.206,""soc_percent"":97.07,""soh_percent"":19.31}"
1771492989385,2026-02-19T15:23:09,battery/data,battery,esp32_bms,12.088,1.67,0.017,0.204,97.07,19.31,9216382,"{""uptime_ms"":9216382,""bus_V"":12.088,""shunt_mV"":1.670,""current_A"":0.017,""power_W"":0.204,""soc_percent"":97.07,""soh_percent"":19.31}"
1771492994399,2026-02-19T15:23:14,battery/data,battery,esp32_bms,12.088,1.69,0.017,0.2,97.07,19.31,9221383,"{""uptime_ms"":9221383,""bus_V"":12.088,""shunt_mV"":1.690,""current_A"":0.017,""power_W"":0.200,""soc_percent"":97.07,""soh_percent"":19.31}"
1771492999615,2026-02-19T15:23:19,battery/data,battery,esp32_bms,12.088,1.67,0.017,0.204,97.07,19.31,9226384,"{""uptime_ms"":9226384,""bus_V"":12.088,""shunt_mV"":1.670,""current_A"":0.017,""power_W"":0.204,""soc_percent"":97.07,""soh_percent"":19.31}"
1771493004416,2026-02-19T15:23:24,battery/data,battery,esp32_bms,12.088,1.67,0.017,0.204,97.07,19.31,9231385,"{""uptime_ms"":9231385,""bus_V"":12.088,""shunt_mV"":1.670,""current_A"":0.017,""power_W"":0.204,""soc_percent"":97.07,""soh_percent"":19.31}"
1771493009445,2026-02-19T15:23:29,battery/data,battery,esp32_bms,12.088,1.67,0.017,0.204,97.07,19.31,9236386,"{""uptime_ms"":9236386,""bus_V"":12.088,""shunt_mV"":1.670,""current_A"":0.017,""power_W"":0.204,""soc_percent"":97.07,""soh_percent"":19.31}"
1771493014449,2026-02-19T15:23:34,battery/data,battery,esp32_bms,12.088,1.66,0.017,0.204,97.07,19.31,9241387,"{""uptime_ms"":9241387,""bus_V"":12.088,""shunt_mV"":1.660,""current_A"":0.017,""power_W"":0.204,""soc_percent"":97.07,""soh_percent"":19.31}"
1771493019402,2026-02-19T15:23:39,battery/data,battery,esp32_bms,12.088,1.67,0.017,0.2,97.07,19.31,9246388,"{""uptime_ms"":9246388,""bus_V"":12.088,""shunt_mV"":1.670,""current_A"":0.017,""power_W"":0.200,""soc_percent"":97.07,""soh_percent"":19.31}"
1771493024388,2026-02-19T15:23:44,battery/data,battery,esp32_bms,12.092,1.68,0.017,0.2,97.07,19.31,9251389,"{""uptime_ms"":9251389,""bus_V"":12.092,""shunt_mV"":1.680,""current_A"":0.017,""power_W"":0.200,""soc_percent"":97.07,""soh_percent"":19.31}"
1771493029402,2026-02-19T15:23:49,battery/data,battery,esp32_bms,12.092,1.67,0.017,0.2,97.07,19.31,9256390,"{""uptime_ms"":9256390,""bus_V"":12.092,""shunt_mV"":1.670,""current_A"":0.017,""power_W"":0.200,""soc_percent"":97.07,""soh_percent"":19.31}"
1771493034397,2026-02-19T15:23:54,battery/data,battery,esp32_bms,12.092,1.68,0.017,0.204,97.07,19.31,9261391,"{""uptime_ms"":9261391,""bus_V"":12.092,""shunt_mV"":1.680,""current_A"":0.017,""power_W"":0.204,""soc_percent"":97.07,""soh_percent"":19.31}"
1771493039410,2026-02-19T15:23:59,battery/data,battery,esp32_bms,12.092,1.66,0.017,0.204,97.07,19.31,9266392,"{""uptime_ms"":9266392,""bus_V"":12.092,""shunt_mV"":1.660,""current_A"":0.017,""power_W"":0.204,""soc_percent"":97.07,""soh_percent"":19.31}"
1771493044462,2026-02-19T15:24:04,battery/data,battery,esp32_bms,12.092,1.68,0.016,0.2,97.07,19.31,9271393,"{""uptime_ms"":9271393,""bus_V"":12.092,""shunt_mV"":1.680,""current_A"":0.016,""power_W"":0.200,""soc_percent"":97.07,""soh_percent"":19.31}"
1771493049388,2026-02-19T15:24:09,battery/data,battery,esp32_bms,12.096,1.66,0.017,0.204,97.07,19.31,9276394,"{""uptime_ms"":9276394,""bus_V"":12.096,""shunt_mV"":1.660,""current_A"":0.017,""power_W"":0.204,""soc_percent"":97.07,""soh_percent"":19.31}"
1771493054469,2026-02-19T15:24:14,battery/data,battery,esp32_bms,12.092,1.69,0.017,0.204,97.07,19.31,9281395,"{""uptime_ms"":9281395,""bus_V"":12.092,""shunt_mV"":1.690,""current_A"":0.017,""power_W"":0.204,""soc_percent"":97.07,""soh_percent"":19.31}"
1771493059467,2026-02-19T15:24:19,battery/data,battery,esp32_bms,12.096,1.68,0.017,0.2,97.07,19.31,9286396,"{""uptime_ms"":9286396,""bus_V"":12.096,""shunt_mV"":1.680,""current_A"":0.017,""power_W"":0.200,""soc_percent"":97.07,""soh_percent"":19.31}"
1771493064501,2026-02-19T15:24:24,battery/data,battery,esp32_bms,12.092,1.68,0.017,0.2,97.07,19.31,9291397,"{""uptime_ms"":9291397,""bus_V"":12.092,""shunt_mV"":1.680,""current_A"":0.017,""power_W"":0.200,""soc_percent"":97.07,""soh_percent"":19.31}"
1771493069426,2026-02-19T15:24:29,battery/data,battery,esp32_bms,12.096,1.67,0.017,0.206,97.07,19.31,9296398,"{""uptime_ms"":9296398,""bus_V"":12.096,""shunt_mV"":1.670,""current_A"":0.017,""power_W"":0.206,""soc_percent"":97.07,""soh_percent"":19.31}"
1771493074426,2026-02-19T15:24:34,battery/data,battery,esp32_bms,12.092,1.67,0.017,0.204,97.06,19.31,9301399,"{""uptime_ms"":9301399,""bus_V"":12.092,""shunt_mV"":1.670,""current_A"":0.017,""power_W"":0.204,""soc_percent"":97.06,""soh_percent"":19.31}"
1771493079432,2026-02-19T15:24:39,battery/data,battery,esp32_bms,12.096,1.67,0.017,0.204,97.06,19.31,9306400,"{""uptime_ms"":9306400,""bus_V"":12.096,""shunt_mV"":1.670,""current_A"":0.017,""power_W"":0.204,""soc_percent"":97.06,""soh_percent"":19.31}"
1771493084480,2026-02-19T15:24:44,battery/data,battery,esp32_bms,12.092,1.66,0.017,0.204,97.06,19.31,9311401,"{""uptime_ms"":9311401,""bus_V"":12.092,""shunt_mV"":1.660,""current_A"":0.017,""power_W"":0.204,""soc_percent"":97.06,""soh_percent"":19.31}"
1771493089394,2026-02-19T15:24:49,battery/data,battery,esp32_bms,12.096,1.68,0.016,0.2,97.06,19.31,9316402,"{""uptime_ms"":9316402,""bus_V"":12.096,""shunt_mV"":1.680,""current_A"":0.016,""power_W"":0.200,""soc_percent"":97.06,""soh_percent"":19.31}"
1771493094413,2026-02-19T15:24:54,battery/data,battery,esp32_bms,12.096,1.66,0.016,0.2,97.06,19.31,9321403,"{""uptime_ms"":9321403,""bus_V"":12.096,""shunt_mV"":1.660,""current_A"":0.016,""power_W"":0.200,""soc_percent"":97.06,""soh_percent"":19.31}"
1771493099441,2026-02-19T15:24:59,battery/data,battery,esp32_bms,12.096,1.7,0.016,0.196,97.06,19.31,9326404,"{""uptime_ms"":9326404,""bus_V"":12.096,""shunt_mV"":1.700,""current_A"":0.016,""power_W"":0.196,""soc_percent"":97.06,""soh_percent"":19.31}"
1771493104440,2026-02-19T15:25:04,battery/data,battery,esp32_bms,12.096,1.68,0.017,0.204,97.06,19.31,9331405,"{""uptime_ms"":9331405,""bus_V"":12.096,""shunt_mV"":1.680,""current_A"":0.017,""power_W"":0.204,""soc_percent"":97.06,""soh_percent"":19.31}"
1771493109461,2026-02-19T15:25:09,battery/data,battery,esp32_bms,12.096,1.63,0.017,0.2,97.06,19.31,9336406,"{""uptime_ms"":9336406,""bus_V"":12.096,""shunt_mV"":1.630,""current_A"":0.017,""power_W"":0.200,""soc_percent"":97.06,""soh_percent"":19.31}"
1771493114414,2026-02-19T15:25:14,battery/data,battery,esp32_bms,12.096,1.68,0.017,0.204,97.06,19.31,9341407,"{""uptime_ms"":9341407,""bus_V"":12.096,""shunt_mV"":1.680,""current_A"":0.017,""power_W"":0.204,""soc_percent"":97.06,""soh_percent"":19.31}"
1771493119403,2026-02-19T15:25:19,battery/data,battery,esp32_bms,12.096,1.64,0.017,0.2,97.06,19.31,9346408,"{""uptime_ms"":9346408,""bus_V"":12.096,""shunt_mV"":1.640,""current_A"":0.017,""power_W"":0.200,""soc_percent"":97.06,""soh_percent"":19.31}"
1771493124430,2026-02-19T15:25:24,battery/data,battery,esp32_bms,12.096,1.64,0.017,0.204,97.06,19.31,9351409,"{""uptime_ms"":9351409,""bus_V"":12.096,""shunt_mV"":1.640,""current_A"":0.017,""power_W"":0.204,""soc_percent"":97.06,""soh_percent"":19.31}"
1771493129434,2026-02-19T15:25:29,battery/data,battery,esp32_bms,12.096,1.65,0.017,0.2,97.06,19.31,9356410,"{""uptime_ms"":9356410,""bus_V"":12.096,""shunt_mV"":1.650,""current_A"":0.017,""power_W"":0.200,""soc_percent"":97.06,""soh_percent"":19.31}"
1771493134432,2026-02-19T15:25:34,battery/data,battery,esp32_bms,12.096,1.66,0.016,0.196,97.06,19.31,9361411,"{""uptime_ms"":9361411,""bus_V"":12.096,""shunt_mV"":1.660,""current_A"":0.016,""power_W"":0.196,""soc_percent"":97.06,""soh_percent"":19.31}"
1771493139432,2026-02-19T15:25:39,battery/data,battery,esp32_bms,12.096,1.65,0.016,0.196,97.06,19.31,9366412,"{""uptime_ms"":9366412,""bus_V"":12.096,""shunt_mV"":1.650,""current_A"":0.016,""power_W"":0.196,""soc_percent"":97.06,""soh_percent"":19.31}"
1771493144400,2026-02-19T15:25:44,battery/data,battery,esp32_bms,12.096,1.64,0.016,0.2,97.06,19.31,9371413,"{""uptime_ms"":9371413,""bus_V"":12.096,""shunt_mV"":1.640,""current_A"":0.016,""power_W"":0.200,""soc_percent"":97.06,""soh_percent"":19.31}"
1771493149415,2026-02-19T15:25:49,battery/data,battery,esp32_bms,12.1,1.66,0.016,0.2,97.06,19.31,9376414,"{""uptime_ms"":9376414,""bus_V"":12.100,""shunt_mV"":1.660,""current_A"":0.016,""power_W"":0.200,""soc_percent"":97.06,""soh_percent"":19.31}"
1771493154406,2026-02-19T15:25:54,battery/data,battery,esp32_bms,12.096,1.66,0.017,0.204,97.06,19.31,9381415,"{""uptime_ms"":9381415,""bus_V"":12.096,""shunt_mV"":1.660,""current_A"":0.017,""power_W"":0.204,""soc_percent"":97.06,""soh_percent"":19.31}"
1771493159452,2026-02-19T15:25:59,battery/data,battery,esp32_bms,12.096,0.0,,0.004,97.06,19.31,9386416,"{""uptime_ms"":9386416,""bus_V"":12.096,""shunt_mV"":0.000,""current_A"":-0.000,""power_W"":0.004,""soc_percent"":97.06,""soh_percent"":19.31}"
1771493164455,2026-02-19T15:26:04,battery/data,battery,esp32_bms,12.096,-0.01,,0.004,97.06,19.31,9391417,"{""uptime_ms"":9391417,""bus_V"":12.096,""shunt_mV"":-0.010,""current_A"":0.000,""power_W"":0.004,""soc_percent"":97.06,""soh_percent"":19.31}"
1771493169469,2026-02-19T15:26:09,battery/data,battery,esp32_bms,12.088,-0.02,,,97.06,19.31,9396418,"{""uptime_ms"":9396418,""bus_V"":12.088,""shunt_mV"":-0.020,""current_A"":-0.000,""power_W"":0.000,""soc_percent"":97.06,""soh_percent"":19.31}"
1771493174419,2026-02-19T15:26:14,battery/data,battery,esp32_bms,12.092,-0.01,,,97.06,19.31,9401419,"{""uptime_ms"":9401419,""bus_V"":12.092,""shunt_mV"":-0.010,""current_A"":-0.000,""power_W"":0.000,""soc_percent"":97.06,""soh_percent"":19.31}"
1771493179414,2026-02-19T15:26:19,battery/data,battery,esp32_bms,12.092,0.01,,,97.06,19.31,9406420,"{""uptime_ms"":9406420,""bus_V"":12.092,""shunt_mV"":0.010,""current_A"":0.000,""power_W"":0.000,""soc_percent"":97.06,""soh_percent"":19.31}"
1771493184427,2026-02-19T15:26:24,battery/data,battery,esp32_bms,12.092,1.69,0.017,0.206,97.06,19.31,9411421,"{""uptime_ms"":9411421,""bus_V"":12.092,""shunt_mV"":1.690,""current_A"":0.017,""power_W"":0.206,""soc_percent"":97.06,""soh_percent"":19.31}"
1771493190538,2026-02-19T15:26:30,battery/data,battery,esp32_bms,12.092,1.68,0.017,0.206,97.06,19.31,9416422,"{""uptime_ms"":9416422,""bus_V"":12.092,""shunt_mV"":1.680,""current_A"":0.017,""power_W"":0.206,""soc_percent"":97.06,""soh_percent"":19.31}"
1771493194498,2026-02-19T15:26:34,battery/data,battery,esp32_bms,12.092,1.66,0.017,0.2,97.05,19.31,9421423,"{""uptime_ms"":9421423,""bus_V"":12.092,""shunt_mV"":1.660,""current_A"":0.017,""power_W"":0.200,""soc_percent"":97.05,""soh_percent"":19.31}"
1771493199474,2026-02-19T15:26:39,battery/data,battery,esp32_bms,12.092,1.68,0.017,0.204,97.05,19.31,9426424,"{""uptime_ms"":9426424,""bus_V"":12.092,""shunt_mV"":1.680,""current_A"":0.017,""power_W"":0.204,""soc_percent"":97.05,""soh_percent"":19.31}"
1771493204423,2026-02-19T15:26:44,battery/data,battery,esp32_bms,12.092,1.65,0.017,0.2,97.05,19.31,9431425,"{""uptime_ms"":9431425,""bus_V"":12.092,""shunt_mV"":1.650,""current_A"":0.017,""power_W"":0.200,""soc_percent"":97.05,""soh_percent"":19.31}"
1771493209490,2026-02-19T15:26:49,battery/data,battery,esp32_bms,12.096,1.68,0.017,0.2,97.05,19.31,9436426,"{""uptime_ms"":9436426,""bus_V"":12.096,""shunt_mV"":1.680,""current_A"":0.017,""power_W"":0.200,""soc_percent"":97.05,""soh_percent"":19.31}"
1771493214436,2026-02-19T15:26:54,battery/data,battery,esp32_bms,12.096,1.7,0.017,0.204,97.05,19.31,9441427,"{""uptime_ms"":9441427,""bus_V"":12.096,""shunt_mV"":1.700,""current_A"":0.017,""power_W"":0.204,""soc_percent"":97.05,""soh_percent"":19.31}"
1771493219428,2026-02-19T15:26:59,battery/data,battery,esp32_bms,12.096,1.68,0.017,0.204,97.05,19.31,9446428,"{""uptime_ms"":9446428,""bus_V"":12.096,""shunt_mV"":1.680,""current_A"":0.017,""power_W"":0.204,""soc_percent"":97.05,""soh_percent"":19.31}"
1771493224428,2026-02-19T15:27:04,battery/data,battery,esp32_bms,12.096,1.66,0.017,0.2,97.05,19.31,9451429,"{""uptime_ms"":9451429,""bus_V"":12.096,""shunt_mV"":1.660,""current_A"":0.017,""power_W"":0.200,""soc_percent"":97.05,""soh_percent"":19.31}"
1771493229460,2026-02-19T15:27:09,battery/data,battery,esp32_bms,12.096,1.66,0.016,0.196,97.05,19.31,9456430,"{""uptime_ms"":9456430,""bus_V"":12.096,""shunt_mV"":1.660,""current_A"":0.016,""power_W"":0.196,""soc_percent"":97.05,""soh_percent"":19.31}"
1771493234478,2026-02-19T15:27:14,battery/data,battery,esp32_bms,12.096,1.65,0.017,0.204,97.05,19.31,9461431,"{""uptime_ms"":9461431,""bus_V"":12.096,""shunt_mV"":1.650,""current_A"":0.017,""power_W"":0.204,""soc_percent"":97.05,""soh_percent"":19.31}"
1771493239892,2026-02-19T15:27:19,battery/data,battery,esp32_bms,12.092,1.7,0.017,0.204,97.05,19.31,9466432,"{""uptime_ms"":9466432,""bus_V"":12.092,""shunt_mV"":1.700,""current_A"":0.017,""power_W"":0.204,""soc_percent"":97.05,""soh_percent"":19.31}"
1771493244582,2026-02-19T15:27:24,battery/data,battery,esp32_bms,12.096,1.66,0.017,0.2,97.05,19.31,9471433,"{""uptime_ms"":9471433,""bus_V"":12.096,""shunt_mV"":1.660,""current_A"":0.017,""power_W"":0.200,""soc_percent"":97.05,""soh_percent"":19.31}"
1771493249552,2026-02-19T15:27:29,battery/data,battery,esp32_bms,12.096,1.69,0.017,0.204,97.05,19.31,9476434,"{""uptime_ms"":9476434,""bus_V"":12.096,""shunt_mV"":1.690,""current_A"":0.017,""power_W"":0.204,""soc_percent"":97.05,""soh_percent"":19.31}"
1771493254432,2026-02-19T15:27:34,battery/data,battery,esp32_bms,12.096,1.66,0.017,0.204,97.05,19.31,9481435,"{""uptime_ms"":9481435,""bus_V"":12.096,""shunt_mV"":1.660,""current_A"":0.017,""power_W"":0.204,""soc_percent"":97.05,""soh_percent"":19.31}"
1771493259464,2026-02-19T15:27:39,battery/data,battery,esp32_bms,12.096,1.67,0.016,0.2,97.05,19.31,9486436,"{""uptime_ms"":9486436,""bus_V"":12.096,""shunt_mV"":1.670,""current_A"":0.016,""power_W"":0.200,""soc_percent"":97.05,""soh_percent"":19.31}"
1771493264470,2026-02-19T15:27:44,battery/data,battery,esp32_bms,12.096,1.64,0.017,0.2,97.05,19.31,9491437,"{""uptime_ms"":9491437,""bus_V"":12.096,""shunt_mV"":1.640,""current_A"":0.017,""power_W"":0.200,""soc_percent"":97.05,""soh_percent"":19.31}"
1771493269431,2026-02-19T15:27:49,battery/data,battery,esp32_bms,12.1,1.67,0.016,0.2,97.05,19.31,9496438,"{""uptime_ms"":9496438,""bus_V"":12.100,""shunt_mV"":1.670,""current_A"":0.016,""power_W"":0.200,""soc_percent"":97.05,""soh_percent"":19.31}"
1771493844554,2026-02-19T15:37:24,battery/data,battery,esp32_bms,12.124,1.59,0.016,0.194,96.99,19.31,10071553,"{""uptime_ms"":10071553,""bus_V"":12.124,""shunt_mV"":1.590,""current_A"":0.016,""power_W"":0.194,""soc_percent"":96.99,""soh_percent"":19.31}"
1771493849628,2026-02-19T15:37:29,battery/data,battery,esp32_bms,12.12,1.56,0.016,0.19,96.99,19.31,10076554,"{""uptime_ms"":10076554,""bus_V"":12.120,""shunt_mV"":1.560,""current_A"":0.016,""power_W"":0.190,""soc_percent"":96.99,""soh_percent"":19.31}"
1771493854642,2026-02-19T15:37:34,battery/data,battery,esp32_bms,12.12,1.58,0.016,0.19,96.99,19.31,10081555,"{""uptime_ms"":10081555,""bus_V"":12.120,""shunt_mV"":1.580,""current_A"":0.016,""power_W"":0.190,""soc_percent"":96.99,""soh_percent"":19.31}"
